Workbook

Sheet TW NOV-25
C2: 0.05 | E2: Please refer the terms below | AB2: 0.025
A3: TW Make Grid for the month of Nov 25 | AO3: TW Electric
B4: State (RTO) | C4: Type | D4: Hero OEM | I4: TVS OEM | N4: Suzuki OEM | S4: Yamaha OEM | X4: RE OEM | AA4: Honda | AF4: Bajaj | AK4: Others | AP4: State | AQ4: Type | AR4: All Electric Make | AX4: Hero vs Bajaj | BB4: Bajaj
C5: Type | D5: 150cc | E5: SCOOTER | F5: 150_350cc | G5: 350cc | I5: 150cc | J5: SCOOTER | K5: 150_350cc | L5: 350cc | N5: 150cc | O5: SCOOTER | P5: 150_350cc | Q5: 350cc | S5: 150cc | T5: SCOOTER | U5: 150_350cc | V5: 350cc | X5: 150_350cc | Y5: 350cc | AA5: 150cc | AB5: SCOOTER | AC5: 150_350cc | AD5: 350cc | AF5: 150cc | AG5: SCOOTER | AH5: 150_350cc | AI5: 350cc | AK5: 150cc | AL5: SCOOTER | AM5: 150_350cc | AN5: 350cc | AQ5: Type | AR5: 7 KW Bike | AS5: 7 KW SCOOTER | AT5: 7 KW - 16 KW | AU5: > 16 KW | AX5: 150cc | AY5: SCOOTER | AZ5: 150_350cc | BB5: 150cc | BC5: SCOOTER | BD5: 150_350cc | BE5: 350cc
B6: AP | C6: NEW(100-500 NOP) | D6: 0.425 | E6: 0.425 | F6: 0.425 | G6: 0 | I6: 0.35 | J6: 0.5 | K6: 0.3 | L6: 0 | N6: 0.45 | O6: 0.45 | P6: 0.45 | Q6: 0 | S6: 0.35 | T6: 0.4 | U6: 0.35 | V6: 0 | X6: 0.15 | Y6: 0.15 | AA6: 0.35 | AB6: 0.475 | AC6: 0.35 | AD6: 0 | AF6: 0.17 | AG6: 0.345 | AH6: 0.17 | AI6: 0 | AK6: 0.17 | AL6: 0.395 | AM6: 0 | AN6: 0 | AP6: AP | AQ6: NEW(100-500 NOP) | AR6: 0.17 | AS6: 0.32 | AT6: 0 | AU6: 0 | AX6: -0.205 | AY6: -0.055 | AZ6: -0.205 | BB6: 0.22 | BC6: 0.37 | BD6: 0.22 | BE6: 0
C7: NEW(30-100 NOP) | D7: 0.405 | E7: 0.405 | F7: 0.405 | G7: 0 | I7: 0.3 | J7: 0.4 | K7: 0.3 | L7: 0 | N7: 0.45 | O7: 0.45 | P7: 0.45 | Q7: 0 | S7: 0.33 | T7: 0.38 | U7: 0.33 | V7: 0 | X7: 0.13 | Y7: 0.13 | AA7: 0.3 | AB7: 0.375 | AC7: 0.3 | AD7: 0 | AF7: 0.15 | AG7: 0.325 | AH7: 0.15 | AI7: 0 | AK7: 0.17 | AL7: 0.395 | AM7: 0 | AN7: 0 | AQ7: NEW(30-100 NOP) | AR7: 0.17 | AS7: 0.32 | AT7: 0 | AU7: 0
C8: NEW(UPTO 30 NOP) | D8: 0.385 | E8: 0.385 | F8: 0.385 | G8: 0 | I8: 0.27 | J8: 0.37 | K8: 0.27 | L8: 0 | N8: 0.4 | O8: 0.4 | P8: 0.4 | Q8: 0 | S8: 0.31 | T8: 0.36 | U8: 0.31 | V8: 0 | X8: 0.11 | Y8: 0.11 | AA8: 0.17 | AB8: 0.345 | AC8: 0.17 | AD8: 0 | AF8: 0.13 | AG8: 0.305 | AH8: 0.13 | AI8: 0 | AK8: 0.17 | AL8: 0.395 | AM8: 0 | AN8: 0 | AQ8: NEW(UPTO 30 NOP) | AR8: 0.17 | AS8: 0.32 | AT8: 0 | AU8: 0
C9: ANNUAL | D9: 0.1 | E9: 0.4 | F9: 0.1 | G9: 0 | I9: 0.1 | J9: 0.4 | K9: 0.1 | L9: 0 | N9: 0.1 | O9: 0.4 | P9: 0.1 | Q9: 0 | S9: 0.06 | T9: 0.4 | U9: 0.06 | V9: 0 | X9: 0 | Y9: 0 | AA9: 0.05 | AB9: 0.375 | AC9: 0.05 | AD9: 0 | AF9: 0 | AG9: 0.375 | AH9: 0 | AI9: 0 | AK9: 0.05 | AL9: 0.375 | AM9: 0 | AN9: 0 | AQ9: ANNUAL | AR9: 0 | AS9: 0 | AT9: 0 | AU9: 0 | AX9: -0.3 | AY9: 0 | AZ9: -0.3 | BB9: 0.22 | BC9: 0.37 | BD9: 0.22 | BE9: 0
C10: ACT | D10: 0 | E10: 0.3 | F10: 0 | G10: 0 | I10: 0 | J10: 0.3 | K10: 0 | L10: 0 | N10: 0 | O10: 0.3 | P10: 0 | Q10: 0 | S10: 0 | T10: 0.3 | U10: 0 | V10: 0 | X10: 0 | Y10: 0 | AA10: 0 | AB10: 0.275 | AC10: 0 | AD10: 0 | AF10: 0 | AG10: 0.275 | AH10: 0 | AI10: 0 | AK10: 0 | AL10: 0.275 | AM10: 0 | AN10: 0 | AQ10: ACT | AR10: 0 | AS10: 0 | AT10: 0 | AU10: 0 | AY10: 0 | BB10: 0 | BC10: 0.3 | BD10: 0 | BE10: 0
B12: TS | C12: NEW(100-500 NOP) | D12: 0.42 | E12: 0.42 | F12: 0.42 | G12: 0 | I12: 0.35 | J12: 0.5 | K12: 0.3 | L12: 0 | N12: 0.45 | O12: 0.45 | P12: 0.45 | Q12: 0 | S12: 0.43 | T12: 0.43 | U12: 0.43 | V12: 0 | X12: 0.225 | Y12: 0.225 | AA12: 0.35 | AB12: 0.475 | AC12: 0.35 | AD12: 0 | AF12: 0.17 | AG12: 0.345 | AH12: 0.17 | AI12: 0 | AK12: 0.17 | AL12: 0.395 | AM12: 0 | AN12: 0 | AP12: TS | AQ12: NEW(100-500 NOP) | AR12: 0.17 | AS12: 0.32 | AT12: 0 | AU12: 0 | AX12: -0.2 | AY12: -0.05 | AZ12: -0.2 | BB12: 0.22 | BC12: 0.37 | BD12: 0.22 | BE12: 0
C13: NEW(30-100 NOP) | D13: 0.4 | E13: 0.4 | F13: 0.4 | G13: 0 | I13: 0.3 | J13: 0.4 | K13: 0.3 | L13: 0 | N13: 0.45 | O13: 0.45 | P13: 0.45 | Q13: 0 | S13: 0.41 | T13: 0.41 | U13: 0.41 | V13: 0 | X13: 0.205 | Y13: 0.205 | AA13: 0.3 | AB13: 0.375 | AC13: 0.3 | AD13: 0 | AF13: 0.15 | AG13: 0.325 | AH13: 0.15 | AI13: 0 | AK13: 0.17 | AL13: 0.395 | AM13: 0 | AN13: 0 | AQ13: NEW(30-100 NOP) | AR13: 0.17 | AS13: 0.32 | AT13: 0 | AU13: 0
C14: NEW(UPTO 30 NOP) | D14: 0.38 | E14: 0.38 | F14: 0.38 | G14: 0 | I14: 0.27 | J14: 0.37 | K14: 0.27 | L14: 0 | N14: 0.4 | O14: 0.4 | P14: 0.4 | Q14: 0 | S14: 0.39 | T14: 0.39 | U14: 0.39 | V14: 0 | X14: 0.185 | Y14: 0.185 | AA14: 0.17 | AB14: 0.345 | AC14: 0.17 | AD14: 0 | AF14: 0.13 | AG14: 0.305 | AH14: 0.13 | AI14: 0 | AK14: 0.17 | AL14: 0.395 | AM14: 0 | AN14: 0 | AQ14: NEW(UPTO 30 NOP) | AR14: 0.17 | AS14: 0.32 | AT14: 0 | AU14: 0
C15: ANNUAL | D15: 0.1 | E15: 0.4 | F15: 0.3 | G15: 0 | I15: 0.1 | J15: 0.4 | K15: 0.1 | L15: 0 | N15: 0.1 | O15: 0.4 | P15: 0.1 | Q15: 0 | S15: 0.06 | T15: 0.4 | U15: 0.06 | V15: 0 | X15: 0 | Y15: 0 | AA15: 0.05 | AB15: 0.375 | AC15: 0.05 | AD15: 0 | AF15: 0 | AG15: 0.375 | AH15: 0 | AI15: 0 | AK15: 0.05 | AL15: 0.375 | AM15: 0 | AN15: 0 | AQ15: ANNUAL | AR15: 0 | AS15: 0 | AT15: 0 | AU15: 0 | AX15: -0.3 | AY15: 0 | AZ15: -0.3 | BB15: 0.22 | BC15: 0.37 | BD15: 0.22 | BE15: 0
C16: ACT | D16: 0 | E16: 0.3 | F16: 0 | G16: 0 | I16: 0 | J16: 0.3 | K16: 0 | L16: 0 | N16: 0 | O16: 0.3 | P16: 0 | Q16: 0 | S16: 0 | T16: 0.3 | U16: 0 | V16: 0 | X16: 0 | Y16: 0 | AA16: 0 | AB16: 0.275 | AC16: 0 | AD16: 0 | AF16: 0 | AG16: 0.275 | AH16: 0 | AI16: 0 | AK16: 0 | AL16: 0.275 | AM16: 0 | AN16: 0 | AQ16: ACT | AR16: 0 | AS16: 0 | AT16: 0 | AU16: 0 | AY16: 0 | BB16: 0 | BC16: 0.3 | BD16: 0 | BE16: 0
B18: TN/ROK | C18: NEW(100-500 NOP) | D18: 0.1 | E18: 0.1 | F18: 0.1 | G18: 0 | I18: 0.15 | J18: 0.42 | K18: 0.08 | L18: 0 | N18: 0.45 | O18: 0.45 | P18: 0.45 | Q18: 0 | S18: 0.1 | T18: 0.1 | U18: 0.1 | V18: 0 | X18: 0.075 | Y18: 0.075 | AA18: 0.1 | AB18: 0.395 | AC18: 0.1 | AD18: 0 | AF18: 0.025 | AG18: 0.295 | AH18: 0.025 | AI18: 0 | AK18: 0.025 | AL18: 0.395 | AM18: 0 | AN18: 0 | AP18: TN | AQ18: NEW(100-500 NOP) | AR18: 0.025 | AS18: 0.27 | AT18: 0 | AU18: 0 | AX18: -0.025 | AY18: 0.22 | AZ18: -0.025 | BB18: 0.075 | BC18: 0.32 | BD18: 0.075 | BE18: 0
C19: NEW(30-100 NOP) | D19: 0.08 | E19: 0.08 | F19: 0.08 | G19: 0 | I19: 0.1 | J19: 0.375 | K19: 0.08 | L19: 0 | N19: 0.45 | O19: 0.45 | P19: 0.45 | Q19: 0 | S19: 0.08 | T19: 0.08 | U19: 0.08 | V19: 0 | X19: 0.075 | Y19: 0.075 | AA19: 0.05 | AB19: 0.345 | AC19: 0.05 | AD19: 0 | AF19: 0 | AG19: 0.275 | AH19: 0.01 | AI19: 0 | AK19: 0.025 | AL19: 0.395 | AM19: 0 | AN19: 0 | AQ19: NEW(30-100 NOP) | AR19: 0.025 | AS19: 0.27 | AT19: 0 | AU19: 0
C20: NEW(UPTO 30 NOP) | D20: 0.06 | E20: 0.06 | F20: 0.06 | G20: 0 | I20: 0.08 | J20: 0.325 | K20: 0.08 | L20: 0 | N20: 0.4 | O20: 0.4 | P20: 0.4 | Q20: 0 | S20: 0.06 | T20: 0.06 | U20: 0.06 | V20: 0 | X20: 0.075 | Y20: 0.075 | AA20: 0.03 | AB20: 0.295 | AC20: 0.03 | AD20: 0 | AF20: 0 | AG20: 0.255 | AH20: 0.01 | AI20: 0 | AK20: 0.025 | AL20: 0.395 | AM20: 0 | AN20: 0 | AQ20: NEW(UPTO 30 NOP) | AR20: 0.025 | AS20: 0.27 | AT20: 0 | AU20: 0
C21: ANNUAL | D21: 0.075 | E21: 0.4 | F21: 0.075 | G21: 0 | I21: 0.075 | J21: 0.4 | K21: 0.075 | L21: 0 | N21: 0.1 | O21: 0.4 | P21: 0.1 | Q21: 0 | S21: 0.075 | T21: 0.4 | U21: 0.075 | V21: 0 | X21: 0.075 | Y21: 0.075 | AA21: 0.03 | AB21: 0.375 | AC21: 0.03 | AD21: 0 | AF21: 0.025 | AG21: 0.375 | AH21: 0.025 | AI21: 0 | AK21: 0.025 | AL21: 0.375 | AM21: 0 | AN21: 0 | AQ21: ANNUAL | AR21: 0 | AS21: 0 | AT21: 0 | AU21: 0 | AX21: 0 | AY21: 0 | AZ21: 0 | BB21: 0.075 | BC21: 0.32 | BD21: 0.075 | BE21: 0
C22: ACT | D22: 0 | E22: 0.3 | F22: 0 | G22: 0 | I22: 0 | J22: 0.3 | K22: 0 | L22: 0 | N22: 0 | O22: 0.3 | P22: 0 | Q22: 0 | S22: 0 | T22: 0.3 | U22: 0 | V22: 0 | X22: 0 | Y22: 0 | AA22: 0 | AB22: 0.275 | AC22: 0 | AD22: 0 | AF22: 0 | AG22: 0.275 | AH22: 0 | AI22: 0 | AK22: 0 | AL22: 0.275 | AM22: 0 | AN22: 0 | AQ22: ACT | AR22: 0 | AS22: 0 | AT22: 0 | AU22: 0 | AY22: 0 | BB22: 0 | BC22: 0.3 | BD22: 0 | BE22: 0
B24: KA (Bangalore) | C24: NEW(100-500 NOP) | D24: 0.125 | E24: 0.125 | F24: 0.125 | G24: 0 | I24: 0.15 | J24: 0.42 | K24: 0.08 | L24: 0 | N24: 0.45 | O24: 0.45 | P24: 0.45 | Q24: 0 | S24: 0.1 | T24: 0.32 | U24: 0.1 | V24: 0 | X24: 0.075 | Y24: 0.075 | AA24: 0.1 | AB24: 0.395 | AC24: 0.1 | AD24: 0 | AF24: 0.05 | AG24: 0.295 | AH24: 0.05 | AI24: 0 | AK24: 0.05 | AL24: 0.395 | AM24: 0 | AN24: 0 | AP24: KA | AQ24: NEW(100-500 NOP) | AR24: 0.05 | AS24: 0.27 | AT24: 0 | AU24: 0 | AX24: -0.025 | AY24: 0.195 | AZ24: -0.025 | BB24: 0.1 | BC24: 0.32 | BD24: 0.1 | BE24: 0
C25: NEW(30-100 NOP) | D25: 0.105 | E25: 0.105 | F25: 0.105 | G25: 0 | I25: 0.1 | J25: 0.375 | K25: 0.08 | L25: 0 | N25: 0.45 | O25: 0.45 | P25: 0.45 | Q25: 0 | S25: 0.08 | T25: 0.3 | U25: 0.08 | V25: 0 | X25: 0.075 | Y25: 0.075 | AA25: 0.05 | AB25: 0.345 | AC25: 0.05 | AD25: 0 | AF25: 0.03 | AG25: 0.275 | AH25: 0.03 | AI25: 0 | AK25: 0.05 | AL25: 0.395 | AM25: 0 | AN25: 0 | AQ25: NEW(30-100 NOP) | AR25: 0.05 | AS25: 0.27 | AT25: 0 | AU25: 0
C26: NEW(UPTO 30 NOP) | D26: 0.085 | E26: 0.085 | F26: 0.085 | G26: 0 | I26: 0.08 | J26: 0.325 | K26: 0.08 | L26: 0 | N26: 0.4 | O26: 0.4 | P26: 0.4 | Q26: 0 | S26: 0.06 | T26: 0.28 | U26: 0.06 | V26: 0 | X26: 0.075 | Y26: 0.075 | AA26: 0.03 | AB26: 0.295 | AC26: 0.03 | AD26: 0 | AF26: 0.01 | AG26: 0.255 | AH26: 0.01 | AI26: 0 | AK26: 0.05 | AL26: 0.395 | AM26: 0 | AN26: 0 | AQ26: NEW(UPTO 30 NOP) | AR26: 0.05 | AS26: 0.27 | AT26: 0 | AU26: 0
C27: ANNUAL | D27: 0.075 | E27: 0.4 | F27: 0.075 | G27: 0 | I27: 0.075 | J27: 0.4 | K27: 0.075 | L27: 0 | N27: 0.1 | O27: 0.4 | P27: 0.1 | Q27: 0 | S27: 0.075 | T27: 0.4 | U27: 0.075 | V27: 0 | X27: 0.075 | Y27: 0.075 | AA27: 0.03 | AB27: 0.375 | AC27: 0.03 | AD27: 0 | AF27: 0.025 | AG27: 0.375 | AH27: 0.025 | AI27: 0 | AK27: 0.05 | AL27: 0.375 | AM27: 0 | AN27: 0 | AQ27: ANNUAL | AR27: 0 | AS27: 0 | AT27: 0 | AU27: 0 | AX27: 0 | AY27: 0 | AZ27: 0 | BB27: 0.1 | BC27: 0.32 | BD27: 0.1 | BE27: 0
C28: ACT | D28: 0 | E28: 0.075 | F28: 0 | G28: 0 | I28: 0 | J28: 0.075 | K28: 0 | L28: 0 | N28: 0 | O28: 0.075 | P28: 0 | Q28: 0 | S28: 0 | T28: 0.075 | U28: 0 | V28: 0 | X28: 0 | Y28: 0 | AA28: 0 | AB28: 0.05 | AC28: 0 | AD28: 0 | AF28: 0 | AG28: 0.05 | AH28: 0 | AI28: 0 | AK28: 0 | AL28: 0.05 | AM28: 0 | AN28: 0 | AQ28: ACT | AR28: 0 | AS28: 0 | AT28: 0 | AU28: 0 | AY28: 0 | BB28: 0 | BC28: 0.075 | BD28: 0 | BE28: 0
B30: KL/LD | C30: NEW(100-500 NOP) | D30: 0 | E30: 0 | F30: 0 | G30: 0 | I30: 0.05 | J30: 0.1 | K30: 0.05 | L30: 0 | N30: 0.075 | O30: 0.075 | P30: 0.075 | Q30: 0 | S30: 0 | T30: 0 | U30: 0 | V30: 0 | X30: 0 | Y30: 0 | AA30: 0 | AB30: 0 | AC30: 0 | AD30: 0 | AF30: 0 | AG30: 0 | AH30: 0 | AI30: 0 | AK30: 0 | AL30: 0.05 | AM30: 0 | AN30: 0 | AP30: KL | AQ30: NEW(100-500 NOP) | AR30: 0 | AS30: 0 | AT30: 0 | AU30: 0 | AX30: 0 | AY30: 0 | AZ30: 0 | BB30: 0 | BC30: 0 | BD30: 0 | BE30: 0
C31: NEW(30-100 NOP) | D31: 0 | E31: 0 | F31: 0 | G31: 0 | I31: 0.05 | J31: 0.1 | K31: 0.05 | L31: 0 | N31: 0.075 | O31: 0.075 | P31: 0.075 | Q31: 0 | S31: 0 | T31: 0 | U31: 0 | V31: 0 | X31: 0 | Y31: 0 | AA31: 0 | AB31: 0 | AC31: 0 | AD31: 0 | AF31: 0 | AG31: 0 | AH31: 0 | AI31: 0 | AK31: 0 | AL31: 0.05 | AM31: 0 | AN31: 0 | AQ31: NEW(30-100 NOP) | AR31: 0 | AS31: 0 | AT31: 0 | AU31: 0
C32: NEW(UPTO 30 NOP) | D32: 0 | E32: 0 | F32: 0 | G32: 0 | I32: 0.05 | J32: 0.1 | K32: 0.05 | L32: 0 | N32: 0.075 | O32: 0.075 | P32: 0.075 | Q32: 0 | S32: 0 | T32: 0 | U32: 0 | V32: 0 | X32: 0 | Y32: 0 | AA32: 0 | AB32: 0 | AC32: 0 | AD32: 0 | AF32: 0 | AG32: 0 | AH32: 0 | AI32: 0 | AK32: 0 | AL32: 0.05 | AM32: 0 | AN32: 0 | AQ32: NEW(UPTO 30 NOP) | AR32: 0 | AS32: 0 | AT32: 0 | AU32: 0
C33: ANNUAL | D33: 0 | E33: 0 | F33: 0 | G33: 0 | I33: 0.05 | J33: 0 | K33: 0.05 | L33: 0 | N33: 0.05 | O33: 0 | P33: 0.05 | Q33: 0 | S33: 0 | T33: 0 | U33: 0 | V33: 0 | X33: 0 | Y33: 0 | AA33: 0 | AB33: 0 | AC33: 0 | AD33: 0 | AF33: 0 | AG33: 0 | AH33: 0 | AI33: 0 | AK33: 0 | AL33: 0 | AM33: 0 | AN33: 0 | AQ33: ANNUAL | AR33: 0 | AS33: 0 | AT33: 0 | AU33: 0 | AX33: 0 | AY33: 0 | AZ33: 0 | BB33: 0 | BC33: 0 | BD33: 0 | BE33: 0
C34: ACT | D34: 0 | E34: 0 | F34: 0 | G34: 0 | I34: 0 | J34: 0 | K34: 0 | L34: 0 | N34: 0 | O34: 0 | P34: 0 | Q34: 0 | S34: 0 | T34: 0 | U34: 0 | V34: 0 | X34: 0 | Y34: 0 | AA34: 0 | AB34: 0 | AC34: 0 | AD34: 0 | AF34: 0 | AG34: 0 | AH34: 0 | AI34: 0 | AK34: 0 | AL34: 0 | AM34: 0 | AN34: 0 | AQ34: ACT | AR34: 0 | AS34: 0 | AT34: 0 | AU34: 0 | AY34: 0 | BB34: 0 | BC34: 0 | BD34: 0 | BE34: 0
B36: PY | C36: NEW(100-500 NOP) | D36: 0 | E36: 0 | F36: 0 | G36: 0 | I36: 0 | J36: 0 | K36: 0 | L36: 0 | N36: 0 | O36: 0 | P36: 0 | Q36: 0 | S36: 0 | T36: 0 | U36: 0 | V36: 0 | X36: 0 | Y36: 0 | AA36: 0 | AB36: 0 | AC36: 0 | AD36: 0 | AF36: 0 | AG36: 0 | AH36: 0 | AI36: 0 | AK36: 0 | AL36: 0 | AM36: 0 | AN36: 0 | AP36: PY | AQ36: NEW(100-500 NOP) | AR36: 0 | AS36: 0 | AT36: 0 | AU36: 0 | AX36: 0 | AY36: 0 | AZ36: 0 | BB36: 0 | BC36: 0 | BD36: 0 | BE36: 0
C37: NEW(30-100 NOP) | D37: 0 | E37: 0 | F37: 0 | G37: 0 | I37: 0 | J37: 0 | K37: 0 | L37: 0 | N37: 0 | O37: 0 | P37: 0 | Q37: 0 | S37: 0 | T37: 0 | U37: 0 | V37: 0 | X37: 0 | Y37: 0 | AA37: 0 | AB37: 0 | AC37: 0 | AD37: 0 | AF37: 0 | AG37: 0 | AH37: 0 | AI37: 0 | AK37: 0 | AL37: 0 | AM37: 0 | AN37: 0 | AQ37: NEW(30-100 NOP) | AR37: 0 | AS37: 0 | AT37: 0 | AU37: 0
C38: NEW(UPTO 30 NOP) | D38: 0 | E38: 0 | F38: 0 | G38: 0 | I38: 0 | J38: 0 | K38: 0 | L38: 0 | N38: 0 | O38: 0 | P38: 0 | Q38: 0 | S38: 0 | T38: 0 | U38: 0 | V38: 0 | X38: 0 | Y38: 0 | AA38: 0 | AB38: 0 | AC38: 0 | AD38: 0 | AF38: 0 | AG38: 0 | AH38: 0 | AI38: 0 | AK38: 0 | AL38: 0 | AM38: 0 | AN38: 0 | AQ38: NEW(UPTO 30 NOP) | AR38: 0 | AS38: 0 | AT38: 0 | AU38: 0
C39: ANNUAL | D39: 0 | E39: 0 | F39: 0 | G39: 0 | I39: 0 | J39: 0 | K39: 0 | L39: 0 | N39: 0 | O39: 0 | P39: 0 | Q39: 0 | S39: 0 | T39: 0 | U39: 0 | V39: 0 | X39: 0 | Y39: 0 | AA39: 0 | AB39: 0 | AC39: 0 | AD39: 0 | AF39: 0 | AG39: 0 | AH39: 0 | AI39: 0 | AK39: 0 | AL39: 0 | AM39: 0 | AN39: 0 | AQ39: ANNUAL | AR39: 0 | AS39: 0 | AT39: 0 | AU39: 0 | AX39: 0 | AY39: 0 | AZ39: 0 | BB39: 0 | BC39: 0 | BD39: 0 | BE39: 0
C40: ACT | D40: 0 | E40: 0 | F40: 0 | G40: 0 | I40: 0 | J40: 0 | K40: 0 | L40: 0 | N40: 0 | O40: 0 | P40: 0 | Q40: 0 | S40: 0 | T40: 0 | U40: 0 | V40: 0 | X40: 0 | Y40: 0 | AA40: 0 | AB40: 0 | AC40: 0 | AD40: 0 | AF40: 0 | AG40: 0 | AH40: 0 | AI40: 0 | AK40: 0 | AL40: 0 | AM40: 0 | AN40: 0 | AQ40: ACT | AR40: 0 | AS40: 0 | AT40: 0 | AU40: 0 | AY40: 0 | BB40: 0 | BC40: 0 | BD40: 0 | BE40: 0
B42: MH | C42: NEW(100-500 NOP) | D42: 0.35 | E42: 0.4 | F42: 0.4 | G42: 0 | I42: 0.25 | J42: 0.45 | K42: 0.25 | L42: 0 | N42: 0.45 | O42: 0.45 | P42: 0.45 | Q42: 0 | S42: 0.35 | T42: 0.4 | U42: 0.35 | V42: 0 | X42: 0.225 | Y42: 0.225 | AA42: 0.35 | AB42: 0.525 | AC42: 0.35 | AD42: 0 | AF42: 0 | AG42: 0.325 | AH42: 0 | AI42: 0 | AK42: 0 | AL42: 0.395 | AM42: 0 | AN42: 0 | AP42: MH | AQ42: NEW(100-500 NOP) | AR42: 0.17 | AS42: 0.3 | AT42: 0 | AU42: 0 | AX42: -0.18 | AY42: -0.05 | AZ42: -0.18 | BB42: 0.22 | BC42: 0.35 | BD42: 0.22 | BE42: 0
C43: NEW(30-100 NOP) | D43: 0.3 | E43: 0.35 | F43: 0.35 | G43: 0 | I43: 0.2 | J43: 0.4 | K43: 0.2 | L43: 0 | N43: 0.45 | O43: 0.45 | P43: 0.45 | Q43: 0 | S43: 0.33 | T43: 0.38 | U43: 0.33 | V43: 0 | X43: 0.205 | Y43: 0.205 | AA43: 0.2 | AB43: 0.375 | AC43: 0.2 | AD43: 0 | AF43: 0 | AG43: 0.305 | AH43: 0 | AI43: 0 | AK43: 0 | AL43: 0.395 | AM43: 0 | AN43: 0 | AQ43: NEW(30-100 NOP) | AR43: 0.17 | AS43: 0.3 | AT43: 0 | AU43: 0
C44: NEW(UPTO 30 NOP) | D44: 0.25 | E44: 0.3 | F44: 0.3 | G44: 0 | I44: 0.15 | J44: 0.375 | K44: 0.17 | L44: 0 | N44: 0.4 | O44: 0.4 | P44: 0.4 | Q44: 0 | S44: 0.3 | T44: 0.36 | U44: 0.3 | V44: 0 | X44: 0.185 | Y44: 0.185 | AA44: 0.15 | AB44: 0.345 | AC44: 0.15 | AD44: 0 | AF44: 0 | AG44: 0.285 | AH44: 0 | AI44: 0 | AK44: 0 | AL44: 0.395 | AM44: 0 | AN44: 0 | AQ44: NEW(UPTO 30 NOP) | AR44: 0.17 | AS44: 0.3 | AT44: 0 | AU44: 0
C45: ANNUAL | D45: 0.1 | E45: 0.45 | F45: 0.1 | G45: 0 | I45: 0.1 | J45: 0.45 | K45: 0.1 | L45: 0 | N45: 0.1 | O45: 0.45 | P45: 0.1 | Q45: 0 | S45: 0.1 | T45: 0.45 | U45: 0.1 | V45: 0 | X45: 0 | Y45: 0 | AA45: 0.05 | AB45: 0.425 | AC45: 0.05 | AD45: 0 | AF45: 0.05 | AG45: 0.425 | AH45: 0.05 | AI45: 0 | AK45: 0.05 | AL45: 0.425 | AM45: 0 | AN45: 0 | AQ45: ANNUAL | AR45: 0 | AS45: 0 | AT45: 0 | AU45: 0 | AX45: 0.07 | AY45: 0 | AZ45: 0.07 | BB45: 0.22 | BC45: 0.35 | BD45: 0.22 | BE45: 0
C46: ACT | D46: 0 | E46: 0.25 | F46: 0 | G46: 0 | I46: 0 | J46: 0.25 | K46: 0 | L46: 0 | N46: 0 | O46: 0.25 | P46: 0 | Q46: 0 | S46: 0 | T46: 0.25 | U46: 0 | V46: 0 | X46: 0 | Y46: 0 | AA46: 0 | AB46: 0.225 | AC46: 0 | AD46: 0 | AF46: 0 | AG46: 0.225 | AH46: 0 | AI46: 0 | AK46: 0 | AL46: 0.225 | AM46: 0 | AN46: 0 | AQ46: ACT | AR46: 0 | AS46: 0 | AT46: 0 | AU46: 0 | AY46: 0 | BB46: 0 | BC46: 0.25 | BD46: 0 | BE46: 0
B48: GJ/DN/DD | C48: NEW(100-500 NOP) | D48: 0.4 | E48: 0.4 | F48: 0.4 | G48: 0 | I48: 0.1 | J48: 0.5 | K48: 0.1 | L48: 0 | N48: 0.45 | O48: 0.45 | P48: 0.45 | Q48: 0 | S48: 0.075 | T48: 0.3 | U48: 0.075 | V48: 0 | X48: 0.15 | Y48: 0.15 | AA48: 0.17 | AB48: 0.475 | AC48: 0.17 | AD48: 0 | AF48: 0.025 | AG48: 0.275 | AH48: 0.025 | AI48: 0 | AK48: 0.17 | AL48: 0.395 | AM48: 0 | AN48: 0 | AP48: GJ | AQ48: NEW(100-500 NOP) | AR48: 0.17 | AS48: 0.3 | AT48: 0 | AU48: 0 | AX48: -0.325 | AY48: -0.1 | AZ48: -0.325 | BB48: 0.22 | BC48: 0.35 | BD48: 0.22 | BE48: 0
C49: NEW(30-100 NOP) | D49: 0.38 | E49: 0.38 | F49: 0.38 | G49: 0 | I49: 0.1 | J49: 0.45 | K49: 0.1 | L49: 0 | N49: 0.45 | O49: 0.45 | P49: 0.45 | Q49: 0 | S49: 0.06 | T49: 0.28 | U49: 0.06 | V49: 0 | X49: 0.13 | Y49: 0.13 | AA49: 0.17 | AB49: 0.425 | AC49: 0.17 | AD49: 0 | AF49: 0 | AG49: 0.255 | AH49: 0.01 | AI49: 0 | AK49: 0.17 | AL49: 0.395 | AM49: 0 | AN49: 0 | AQ49: NEW(30-100 NOP) | AR49: 0.17 | AS49: 0.3 | AT49: 0 | AU49: 0
C50: NEW(UPTO 30 NOP) | D50: 0.36 | E50: 0.36 | F50: 0.36 | G50: 0 | I50: 0.1 | J50: 0.4 | K50: 0.1 | L50: 0 | N50: 0.4 | O50: 0.4 | P50: 0.4 | Q50: 0 | S50: 0.06 | T50: 0.26 | U50: 0.06 | V50: 0 | X50: 0.11 | Y50: 0.11 | AA50: 0.17 | AB50: 0.345 | AC50: 0.17 | AD50: 0 | AF50: 0 | AG50: 0.235 | AH50: 0.01 | AI50: 0 | AK50: 0.17 | AL50: 0.395 | AM50: 0 | AN50: 0 | AQ50: NEW(UPTO 30 NOP) | AR50: 0.17 | AS50: 0.3 | AT50: 0 | AU50: 0
C51: ANNUAL | D51: 0.1 | E51: 0.45 | F51: 0.1 | G51: 0 | I51: 0.1 | J51: 0.45 | K51: 0.1 | L51: 0 | N51: 0.1 | O51: 0.45 | P51: 0.1 | Q51: 0 | S51: 0.075 | T51: 0.45 | U51: 0.075 | V51: 0 | X51: 0 | Y51: 0 | AA51: 0.05 | AB51: 0.425 | AC51: 0.05 | AD51: 0 | AF51: 0.025 | AG51: 0.425 | AH51: 0.025 | AI51: 0 | AK51: 0.05 | AL51: 0.425 | AM51: 0 | AN51: 0 | AQ51: ANNUAL | AR51: 0 | AS51: 0 | AT51: 0 | AU51: 0 | AX51: -0.075 | AY51: 0 | AZ51: -0.075 | BB51: 0.22 | BC51: 0.35 | BD51: 0.22 | BE51: 0
C52: ACT | D52: 0 | E52: 0.25 | F52: 0 | G52: 0 | I52: 0 | J52: 0.25 | K52: 0 | L52: 0 | N52: 0 | O52: 0.25 | P52: 0 | Q52: 0 | S52: 0 | T52: 0.25 | U52: 0 | V52: 0 | X52: 0 | Y52: 0 | AA52: 0 | AB52: 0.225 | AC52: 0 | AD52: 0 | AF52: 0 | AG52: 0.225 | AH52: 0 | AI52: 0 | AK52: 0 | AL52: 0.225 | AM52: 0 | AN52: 0 | AQ52: ACT | AR52: 0 | AS52: 0 | AT52: 0 | AU52: 0 | AY52: 0 | BB52: 0 | BC52: 0.25 | BD52: 0 | BE52: 0
B54: GA | C54: NEW(100-500 NOP) | D54: 0.4 | E54: 0.4 | F54: 0.4 | G54: 0 | I54: 0.2 | J54: 0.45 | K54: 0.2 | L54: 0 | N54: 0.45 | O54: 0.45 | P54: 0.45 | Q54: 0 | S54: 0.4 | T54: 0.4 | U54: 0.4 | V54: 0 | X54: 0.225 | Y54: 0.225 | AA54: 0.4 | AB54: 0.525 | AC54: 0.4 | AD54: 0 | AF54: 0.17 | AG54: 0.325 | AH54: 0.17 | AI54: 0 | AK54: 0.17 | AL54: 0.395 | AM54: 0 | AN54: 0 | AP54: GA | AQ54: NEW(100-500 NOP) | AR54: 0.17 | AS54: 0.3 | AT54: 0 | AU54: 0 | AX54: -0.18 | AY54: -0.05 | AZ54: -0.18 | BB54: 0.22 | BC54: 0.35 | BD54: 0.22 | BE54: 0
C55: NEW(30-100 NOP) | D55: 0.38 | E55: 0.38 | F55: 0.38 | G55: 0 | I55: 0.2 | J55: 0.45 | K55: 0.2 | L55: 0 | N55: 0.45 | O55: 0.45 | P55: 0.45 | Q55: 0 | S55: 0.38 | T55: 0.38 | U55: 0.38 | V55: 0 | X55: 0.205 | Y55: 0.205 | AA55: 0.25 | AB55: 0.375 | AC55: 0.25 | AD55: 0 | AF55: 0.15 | AG55: 0.305 | AH55: 0.15 | AI55: 0 | AK55: 0.17 | AL55: 0.395 | AM55: 0 | AN55: 0 | AQ55: NEW(30-100 NOP) | AR55: 0.17 | AS55: 0.3 | AT55: 0 | AU55: 0
C56: NEW(UPTO 30 NOP) | D56: 0.36 | E56: 0.36 | F56: 0.36 | G56: 0 | I56: 0.2 | J56: 0.45 | K56: 0.2 | L56: 0 | N56: 0.4 | O56: 0.4 | P56: 0.4 | Q56: 0 | S56: 0.36 | T56: 0.36 | U56: 0.36 | V56: 0 | X56: 0.185 | Y56: 0.185 | AA56: 0.17 | AB56: 0.345 | AC56: 0.17 | AD56: 0 | AF56: 0.13 | AG56: 0.285 | AH56: 0.13 | AI56: 0 | AK56: 0.17 | AL56: 0.395 | AM56: 0 | AN56: 0 | AQ56: NEW(UPTO 30 NOP) | AR56: 0.17 | AS56: 0.3 | AT56: 0 | AU56: 0
C57: ANNUAL | D57: 0.1 | E57: 0.45 | F57: 0.1 | G57: 0 | I57: 0.1 | J57: 0.45 | K57: 0.1 | L57: 0 | N57: 0.1 | O57: 0.45 | P57: 0.1 | Q57: 0 | S57: 0.1 | T57: 0.45 | U57: 0.1 | V57: 0 | X57: 0 | Y57: 0 | AA57: 0.05 | AB57: 0.425 | AC57: 0.05 | AD57: 0 | AF57: 0.05 | AG57: 0.425 | AH57: 0.05 | AI57: 0 | AK57: 0.05 | AL57: 0.425 | AM57: 0 | AN57: 0 | AQ57: ANNUAL | AR57: 0 | AS57: 0 | AT57: 0 | AU57: 0 | AX57: 0.07 | AY57: 0 | AZ57: 0.07 | BB57: 0.22 | BC57: 0.35 | BD57: 0.22 | BE57: 0
C58: ACT | D58: 0 | E58: 0.25 | F58: 0 | G58: 0 | I58: 0 | J58: 0.25 | K58: 0 | L58: 0 | N58: 0 | O58: 0.25 | P58: 0 | Q58: 0 | S58: 0 | T58: 0.25 | U58: 0 | V58: 0 | X58: 0 | Y58: 0 | AA58: 0 | AB58: 0.225 | AC58: 0 | AD58: 0 | AF58: 0 | AG58: 0.225 | AH58: 0 | AI58: 0 | AK58: 0 | AL58: 0.225 | AM58: 0 | AN58: 0 | AQ58: ACT | AR58: 0 | AS58: 0 | AT58: 0 | AU58: 0 | AY58: 0 | BB58: 0 | BC58: 0.25 | BD58: 0 | BE58: 0
B60: BR | C60: NEW(100-500 NOP) | D60: 0.4 | E60: 0.4 | F60: 0.4 | G60: 0 | I60: 0.35 | J60: 0.5 | K60: 0.3 | L60: 0 | N60: 0.45 | O60: 0.45 | P60: 0.45 | Q60: 0 | S60: 0.15 | T60: 0.32 | U60: 0.15 | V60: 0 | X60: 0.1 | Y60: 0.1 | AA60: 0.35 | AB60: 0.475 | AC60: 0.35 | AD60: 0 | AF60: 0.1 | AG60: 0.295 | AH60: 0.1 | AI60: 0 | AK60: 0.23 | AL60: 0.395 | AM60: 0 | AN60: 0 | AP60: BR | AQ60: NEW(100-500 NOP) | AR60: 0.23 | AS60: 0.3 | AT60: 0 | AU60: 0 | AX60: -0.25 | AY60: -0.08 | AZ60: -0.25 | BB60: 0.28 | BC60: 0.35 | BD60: 0.28 | BE60: 0
C61: NEW(30-100 NOP) | D61: 0.38 | E61: 0.38 | F61: 0.38 | G61: 0 | I61: 0.3 | J61: 0.4 | K61: 0.3 | L61: 0 | N61: 0.45 | O61: 0.45 | P61: 0.45 | Q61: 0 | S61: 0.13 | T61: 0.3 | U61: 0.13 | V61: 0 | X61: 0.08 | Y61: 0.08 | AA61: 0.3 | AB61: 0.375 | AC61: 0.3 | AD61: 0 | AF61: 0.08 | AG61: 0.275 | AH61: 0.08 | AI61: 0 | AK61: 0.23 | AL61: 0.395 | AM61: 0 | AN61: 0 | AQ61: NEW(30-100 NOP) | AR61: 0.23 | AS61: 0.3 | AT61: 0 | AU61: 0
C62: NEW(UPTO 30 NOP) | D62: 0.36 | E62: 0.36 | F62: 0.36 | G62: 0 | I62: 0.27 | J62: 0.37 | K62: 0.27 | L62: 0 | N62: 0.4 | O62: 0.4 | P62: 0.4 | Q62: 0 | S62: 0.11 | T62: 0.28 | U62: 0.11 | V62: 0 | X62: 0.06 | Y62: 0.06 | AA62: 0.23 | AB62: 0.345 | AC62: 0.23 | AD62: 0 | AF62: 0.06 | AG62: 0.255 | AH62: 0.06 | AI62: 0 | AK62: 0.23 | AL62: 0.395 | AM62: 0 | AN62: 0 | AQ62: NEW(UPTO 30 NOP) | AR62: 0.23 | AS62: 0.3 | AT62: 0 | AU62: 0
C63: ANNUAL | D63: 0.1 | E63: 0.4 | F63: 0.1 | G63: 0 | I63: 0.1 | J63: 0.4 | K63: 0.1 | L63: 0 | N63: 0.1 | O63: 0.4 | P63: 0.1 | Q63: 0 | S63: 0.065 | T63: 0.4 | U63: 0.065 | V63: 0 | X63: 0.1 | Y63: 0.1 | AA63: 0.05 | AB63: 0.375 | AC63: 0.05 | AD63: 0 | AF63: 0.05 | AG63: 0.375 | AH63: 0.05 | AI63: 0 | AK63: 0.05 | AL63: 0.375 | AM63: 0 | AN63: 0 | AQ63: ANNUAL | AR63: 0 | AS63: 0 | AT63: 0 | AU63: 0 | AX63: 0 | AY63: 0 | AZ63: 0 | BB63: 0.28 | BC63: 0.35 | BD63: 0.28 | BE63: 0
C64: ACT | D64: 0 | E64: 0.125 | F64: 0 | G64: 0 | I64: 0 | J64: 0.125 | K64: 0 | L64: 0 | N64: 0 | O64: 0.125 | P64: 0 | Q64: 0 | S64: 0 | T64: 0.125 | U64: 0 | V64: 0 | X64: 0 | Y64: 0 | AA64: 0 | AB64: 0.1 | AC64: 0 | AD64: 0 | AF64: 0 | AG64: 0.1 | AH64: 0 | AI64: 0 | AK64: 0 | AL64: 0.1 | AM64: 0 | AN64: 0 | AQ64: ACT | AR64: 0 | AS64: 0 | AT64: 0 | AU64: 0 | AY64: 0 | BB64: 0 | BC64: 0.125 | BD64: 0 | BE64: 0
B66: JH | C66: NEW(100-500 NOP) | D66: 0.4 | E66: 0.4 | F66: 0.4 | G66: 0 | I66: 0.35 | J66: 0.5 | K66: 0.3 | L66: 0 | N66: 0.45 | O66: 0.45 | P66: 0.45 | Q66: 0 | S66: 0.15 | T66: 0.32 | U66: 0.15 | V66: 0 | X66: 0.1 | Y66: 0.1 | AA66: 0.35 | AB66: 0.475 | AC66: 0.35 | AD66: 0 | AF66: 0.1 | AG66: 0.295 | AH66: 0.1 | AI66: 0 | AK66: 0.23 | AL66: 0.395 | AM66: 0 | AN66: 0 | AP66: JH | AQ66: NEW(100-500 NOP) | AR66: 0.23 | AS66: 0.3 | AT66: 0 | AU66: 0 | AX66: -0.25 | AY66: -0.08 | AZ66: -0.25 | BB66: 0.28 | BC66: 0.35 | BD66: 0.28 | BE66: 0
C67: NEW(30-100 NOP) | D67: 0.38 | E67: 0.38 | F67: 0.38 | G67: 0 | I67: 0.3 | J67: 0.4 | K67: 0.3 | L67: 0 | N67: 0.45 | O67: 0.45 | P67: 0.45 | Q67: 0 | S67: 0.13 | T67: 0.3 | U67: 0.13 | V67: 0 | X67: 0.08 | Y67: 0.08 | AA67: 0.3 | AB67: 0.375 | AC67: 0.3 | AD67: 0 | AF67: 0.08 | AG67: 0.275 | AH67: 0.08 | AI67: 0 | AK67: 0.23 | AL67: 0.395 | AM67: 0 | AN67: 0 | AQ67: NEW(30-100 NOP) | AR67: 0.23 | AS67: 0.3 | AT67: 0 | AU67: 0
C68: NEW(UPTO 30 NOP) | D68: 0.36 | E68: 0.36 | F68: 0.36 | G68: 0 | I68: 0.27 | J68: 0.37 | K68: 0.27 | L68: 0 | N68: 0.4 | O68: 0.4 | P68: 0.4 | Q68: 0 | S68: 0.11 | T68: 0.28 | U68: 0.11 | V68: 0 | X68: 0.06 | Y68: 0.06 | AA68: 0.23 | AB68: 0.345 | AC68: 0.23 | AD68: 0 | AF68: 0.06 | AG68: 0.255 | AH68: 0.06 | AI68: 0 | AK68: 0.23 | AL68: 0.395 | AM68: 0 | AN68: 0 | AQ68: NEW(UPTO 30 NOP) | AR68: 0.23 | AS68: 0.3 | AT68: 0 | AU68: 0
C69: ANNUAL | D69: 0.1 | E69: 0.4 | F69: 0.1 | G69: 0 | I69: 0.1 | J69: 0.4 | K69: 0.1 | L69: 0 | N69: 0.1 | O69: 0.4 | P69: 0.1 | Q69: 0 | S69: 0.065 | T69: 0.4 | U69: 0.065 | V69: 0 | X69: 0.1 | Y69: 0.1 | AA69: 0.05 | AB69: 0.375 | AC69: 0.05 | AD69: 0 | AF69: 0.05 | AG69: 0.375 | AH69: 0.05 | AI69: 0 | AK69: 0.05 | AL69: 0.375 | AM69: 0 | AN69: 0 | AQ69: ANNUAL | AR69: 0 | AS69: 0 | AT69: 0 | AU69: 0 | AX69: 0 | AY69: 0 | AZ69: 0 | BB69: 0.28 | BC69: 0.35 | BD69: 0.28 | BE69: 0
C70: ACT | D70: 0 | E70: 0.125 | F70: 0 | G70: 0 | I70: 0 | J70: 0.125 | K70: 0 | L70: 0 | N70: 0 | O70: 0.125 | P70: 0 | Q70: 0 | S70: 0 | T70: 0.125 | U70: 0 | V70: 0 | X70: 0 | Y70: 0 | AA70: 0 | AB70: 0.1 | AC70: 0 | AD70: 0 | AF70: 0 | AG70: 0.1 | AH70: 0 | AI70: 0 | AK70: 0 | AL70: 0.1 | AM70: 0 | AN70: 0 | AQ70: ACT | AR70: 0 | AS70: 0 | AT70: 0 | AU70: 0 | AY70: 0 | BB70: 0 | BC70: 0.125 | BD70: 0 | BE70: 0
B72: CG | C72: NEW(100-500 NOP) | D72: 0 | E72: 0 | F72: 0 | G72: 0 | I72: 0 | J72: 0 | K72: 0 | L72: 0 | N72: 0 | O72: 0 | P72: 0 | Q72: 0 | S72: 0 | T72: 0 | U72: 0 | V72: 0 | X72: 0 | Y72: 0 | AA72: 0 | AB72: 0 | AC72: 0 | AD72: 0 | AF72: 0 | AG72: 0 | AH72: 0 | AI72: 0 | AK72: 0 | AL72: 0 | AM72: 0 | AN72: 0 | AP72: CG | AQ72: NEW(100-500 NOP) | AR72: 0 | AS72: 0 | AT72: 0 | AU72: 0 | AX72: 0 | AY72: 0 | AZ72: 0 | BB72: 0 | BC72: 0 | BD72: 0 | BE72: 0
C73: NEW(30-100 NOP) | D73: 0 | E73: 0 | F73: 0 | G73: 0 | I73: 0 | J73: 0 | K73: 0 | L73: 0 | N73: 0 | O73: 0 | P73: 0 | Q73: 0 | S73: 0 | T73: 0 | U73: 0 | V73: 0 | X73: 0 | Y73: 0 | AA73: 0 | AB73: 0 | AC73: 0 | AD73: 0 | AF73: 0 | AG73: 0 | AH73: 0 | AI73: 0 | AK73: 0 | AL73: 0 | AM73: 0 | AN73: 0 | AQ73: NEW(30-100 NOP) | AR73: 0 | AS73: 0 | AT73: 0 | AU73: 0
C74: NEW(UPTO 30 NOP) | D74: 0 | E74: 0 | F74: 0 | G74: 0 | I74: 0 | J74: 0 | K74: 0 | L74: 0 | N74: 0 | O74: 0 | P74: 0 | Q74: 0 | S74: 0 | T74: 0 | U74: 0 | V74: 0 | X74: 0 | Y74: 0 | AA74: 0 | AB74: 0 | AC74: 0 | AD74: 0 | AF74: 0 | AG74: 0 | AH74: 0 | AI74: 0 | AK74: 0 | AL74: 0 | AM74: 0 | AN74: 0 | AQ74: NEW(UPTO 30 NOP) | AR74: 0 | AS74: 0 | AT74: 0 | AU74: 0
C75: ANNUAL | D75: 0 | E75: 0 | F75: 0 | G75: 0 | I75: 0 | J75: 0 | K75: 0 | L75: 0 | N75: 0 | O75: 0 | P75: 0 | Q75: 0 | S75: 0 | T75: 0 | U75: 0 | V75: 0 | X75: 0 | Y75: 0 | AA75: 0 | AB75: 0 | AC75: 0 | AD75: 0 | AF75: 0 | AG75: 0 | AH75: 0 | AI75: 0 | AK75: 0 | AL75: 0 | AM75: 0 | AN75: 0 | AQ75: ANNUAL | AR75: 0 | AS75: 0 | AT75: 0 | AU75: 0 | AX75: 0 | AY75: 0 | AZ75: 0 | BB75: 0 | BC75: 0 | BD75: 0 | BE75: 0
C76: ACT | D76: 0 | E76: 0 | F76: 0 | G76: 0 | I76: 0 | J76: 0 | K76: 0 | L76: 0 | N76: 0 | O76: 0 | P76: 0 | Q76: 0 | S76: 0 | T76: 0 | U76: 0 | V76: 0 | X76: 0 | Y76: 0 | AA76: 0 | AB76: 0 | AC76: 0 | AD76: 0 | AF76: 0 | AG76: 0 | AH76: 0 | AI76: 0 | AK76: 0 | AL76: 0 | AM76: 0 | AN76: 0 | AQ76: ACT | AR76: 0 | AS76: 0 | AT76: 0 | AU76: 0 | AY76: #VALUE! | BB76: 0 | BC76: 0.075 | BD76: 0 | BE76: 0
B78: OD | C78: NEW(100-500 NOP) | D78: 0 | E78: 0.25 | F78: 0.25 | G78: 0 | I78: 0 | J78: 0.42 | K78: 0 | L78: 0 | N78: 0 | O78: 0.45 | P78: 0.45 | Q78: 0 | S78: 0 | T78: 0.32 | U78: 0.075 | V78: 0 | X78: 0 | Y78: 0.075 | AA78: 0 | AB78: 0.395 | AC78: 0 | AD78: 0 | AF78: 0 | AG78: 0.075 | AH78: 0 | AI78: 0 | AK78: 0 | AL78: 0.395 | AM78: 0 | AN78: 0 | AP78: OD | AQ78: NEW(100-500 NOP) | AR78: 0.05 | AS78: 0.05 | AT78: 0 | AU78: 0 | AX78: -0.15 | AY78: -0.15 | AZ78: -0.15 | BB78: 0.1 | BC78: 0.1 | BD78: 0.1 | BE78: 0
C79: NEW(30-100 NOP) | D79: 0 | E79: 0.23 | F79: 0.23 | G79: 0 | I79: 0 | J79: 0.37 | K79: 0 | L79: 0 | N79: 0 | O79: 0.45 | P79: 0.45 | Q79: 0 | S79: 0 | T79: 0.3 | U79: 0.06 | V79: 0 | X79: 0 | Y79: 0.075 | AA79: 0 | AB79: 0.345 | AC79: 0 | AD79: 0 | AF79: 0 | AG79: 0.075 | AH79: 0 | AI79: 0 | AK79: 0 | AL79: 0.395 | AM79: 0 | AN79: 0 | AQ79: NEW(30-100 NOP) | AR79: 0.05 | AS79: 0.05 | AT79: 0 | AU79: 0
C80: NEW(UPTO 30 NOP) | D80: 0 | E80: 0.21 | F80: 0.21 | G80: 0 | I80: 0 | J80: 0.32 | K80: 0 | L80: 0 | N80: 0 | O80: 0.4 | P80: 0.4 | Q80: 0 | S80: 0 | T80: 0.28 | U80: 0.06 | V80: 0 | X80: 0 | Y80: 0.075 | AA80: 0 | AB80: 0.295 | AC80: 0 | AD80: 0 | AF80: 0 | AG80: 0.075 | AH80: 0 | AI80: 0 | AK80: 0 | AL80: 0.395 | AM80: 0 | AN80: 0 | AQ80: NEW(UPTO 30 NOP) | AR80: 0.05 | AS80: 0.05 | AT80: 0 | AU80: 0
C81: ANNUAL | D81: 0 | E81: 0.25 | F81: 0.075 | G81: 0 | I81: 0 | J81: 0.25 | K81: 0 | L81: 0 | N81: 0 | O81: 0.25 | P81: 0 | Q81: 0 | S81: 0 | T81: 0.25 | U81: 0.075 | V81: 0 | X81: 0 | Y81: 0.075 | AA81: 0 | AB81: 0.225 | AC81: 0 | AD81: 0 | AF81: 0 | AG81: 0.225 | AH81: 0 | AI81: 0 | AK81: 0 | AL81: 0.225 | AM81: 0 | AN81: 0 | AQ81: ANNUAL | AR81: 0 | AS81: 0 | AT81: 0 | AU81: 0 | AX81: 0 | AY81: 0 | AZ81: 0 | BB81: 0.1 | BC81: 0.1 | BD81: 0.1 | BE81: 0
C82: ACT | D82: 0 | E82: 0.075 | F82: 0 | G82: 0 | I82: 0 | J82: 0.075 | K82: 0 | L82: 0 | N82: 0 | O82: 0.075 | P82: 0 | Q82: 0 | S82: 0 | T82: 0.075 | U82: 0 | V82: 0 | X82: 0 | Y82: 0 | AA82: 0 | AB82: 0.05 | AC82: 0 | AD82: 0 | AF82: 0 | AG82: 0.05 | AH82: 0 | AI82: 0 | AK82: 0 | AL82: 0.05 | AM82: 0 | AN82: 0 | AQ82: ACT | AR82: 0 | AS82: 0 | AT82: 0 | AU82: 0 | AY82: 0 | BB82: 0 | BC82: 0.075 | BD82: 0 | BE82: 0
B84: WB | C84: NEW(100-500 NOP) | D84: 0.35 | E84: 0.35 | F84: 0.35 | G84: 0 | I84: 0.35 | J84: 0.5 | K84: 0.3 | L84: 0 | N84: 0.45 | O84: 0.45 | P84: 0.45 | Q84: 0 | S84: 0.15 | T84: 0.2 | U84: 0.15 | V84: 0 | X84: 0.2 | Y84: 0.2 | AA84: 0.35 | AB84: 0.475 | AC84: 0.35 | AD84: 0 | AF84: 0.025 | AG84: 0.325 | AH84: 0.025 | AI84: 0 | AK84: 0.025 | AL84: 0.395 | AM84: 0 | AN84: 0 | AP84: WB | AQ84: NEW(100-500 NOP) | AR84: 0.025 | AS84: 0.3 | AT84: 0 | AU84: 0 | AX84: -0.275 | AY84: 0 | AZ84: -0.275 | BB84: 0.075 | BC84: 0.35 | BD84: 0.075 | BE84: 0
C85: NEW(30-100 NOP) | D85: 0.33 | E85: 0.33 | F85: 0.33 | G85: 0 | I85: 0.3 | J85: 0.4 | K85: 0.3 | L85: 0 | N85: 0.45 | O85: 0.45 | P85: 0.45 | Q85: 0 | S85: 0.13 | T85: 0.18 | U85: 0.13 | V85: 0 | X85: 0.18 | Y85: 0.18 | AA85: 0.3 | AB85: 0.375 | AC85: 0.3 | AD85: 0 | AF85: 0.01 | AG85: 0.305 | AH85: 0.01 | AI85: 0 | AK85: 0.025 | AL85: 0.395 | AM85: 0 | AN85: 0 | AQ85: NEW(30-100 NOP) | AR85: 0.025 | AS85: 0.3 | AT85: 0 | AU85: 0
C86: NEW(UPTO 30 NOP) | D86: 0.31 | E86: 0.31 | F86: 0.31 | G86: 0 | I86: 0.27 | J86: 0.37 | K86: 0.27 | L86: 0 | N86: 0.4 | O86: 0.4 | P86: 0.4 | Q86: 0 | S86: 0.11 | T86: 0.16 | U86: 0.11 | V86: 0 | X86: 0.16 | Y86: 0.16 | AA86: 0.23 | AB86: 0.345 | AC86: 0.23 | AD86: 0 | AF86: 0.01 | AG86: 0.285 | AH86: 0.01 | AI86: 0 | AK86: 0.025 | AL86: 0.395 | AM86: 0 | AN86: 0 | AQ86: NEW(UPTO 30 NOP) | AR86: 0.025 | AS86: 0.3 | AT86: 0 | AU86: 0
C87: ANNUAL | D87: 0 | E87: 0.4 | F87: 0 | G87: 0 | I87: 0 | J87: 0.4 | K87: 0 | L87: 0 | N87: 0 | O87: 0.4 | P87: 0 | Q87: 0 | S87: 0 | T87: 0.4 | U87: 0 | V87: 0 | X87: 0 | Y87: 0 | AA87: 0 | AB87: 0.375 | AC87: 0 | AD87: 0 | AF87: 0 | AG87: 0.375 | AH87: 0 | AI87: 0 | AK87: 0 | AL87: 0.375 | AM87: 0 | AN87: 0 | AQ87: ANNUAL | AR87: 0 | AS87: 0 | AT87: 0 | AU87: 0 | AX87: 0 | AY87: 0 | AZ87: 0 | BB87: 0.075 | BC87: 0.35 | BD87: 0.075 | BE87: 0
C88: ACT | D88: 0 | E88: 0.075 | F88: 0 | G88: 0 | I88: 0 | J88: 0.075 | K88: 0 | L88: 0 | N88: 0 | O88: 0.075 | P88: 0 | Q88: 0 | S88: 0 | T88: 0.075 | U88: 0 | V88: 0 | X88: 0 | Y88: 0 | AA88: 0 | AB88: 0.05 | AC88: 0 | AD88: 0 | AF88: 0 | AG88: 0.05 | AH88: 0 | AI88: 0 | AK88: 0 | AL88: 0.05 | AM88: 0 | AN88: 0 | AQ88: ACT | AR88: 0 | AS88: 0 | AT88: 0 | AU88: 0 | AY88: 0 | BB88: 0 | BC88: 0.075 | BD88: 0 | BE88: 0
B90: AS/ML/TR/ AR/NL | C90: NEW(100-500 NOP) | D90: 0.3 | E90: 0.3 | F90: 0.3 | G90: 0 | I90: 0 | J90: 0.37 | K90: 0 | L90: 0 | N90: 0.45 | O90: 0.45 | P90: 0.45 | Q90: 0 | S90: 0.21 | T90: 0.22 | U90: 0.21 | V90: 0 | X90: 0.1 | Y90: 0.1 | AA90: 0 | AB90: 0.345 | AC90: 0 | AD90: 0 | AF90: 0.05 | AG90: 0.075 | AH90: 0.05 | AI90: 0 | AK90: 0.05 | AL90: 0.395 | AM90: 0 | AN90: 0 | AP90: NE | AQ90: NEW(100-500 NOP) | AR90: 0.05 | AS90: 0.05 | AT90: 0 | AU90: 0 | AX90: -0.2 | AY90: -0.2 | AZ90: -0.2 | BB90: 0.1 | BC90: 0.1 | BD90: 0.1 | BE90: 0
C91: NEW(30-100 NOP) | D91: 0.28 | E91: 0.28 | F91: 0.28 | G91: 0 | I91: 0 | J91: 0.32 | K91: 0 | L91: 0 | N91: 0.45 | O91: 0.45 | P91: 0.45 | Q91: 0 | S91: 0.19 | T91: 0.2 | U91: 0.19 | V91: 0 | X91: 0.08 | Y91: 0.08 | AA91: 0 | AB91: 0.295 | AC91: 0 | AD91: 0 | AF91: 0.03 | AG91: 0.055 | AH91: 0.03 | AI91: 0 | AK91: 0.05 | AL91: 0.395 | AM91: 0 | AN91: 0 | AQ91: NEW(30-100 NOP) | AR91: 0.05 | AS91: 0.05 | AT91: 0 | AU91: 0
C92: NEW(UPTO 30 NOP) | D92: 0.26 | E92: 0.26 | F92: 0.26 | G92: 0 | I92: 0 | J92: 0.27 | K92: 0 | L92: 0 | N92: 0.4 | O92: 0.4 | P92: 0.4 | Q92: 0 | S92: 0.17 | T92: 0.18 | U92: 0.17 | V92: 0 | X92: 0.06 | Y92: 0.06 | AA92: 0 | AB92: 0.245 | AC92: 0 | AD92: 0 | AF92: 0.01 | AG92: 0.035 | AH92: 0.01 | AI92: 0 | AK92: 0.05 | AL92: 0.395 | AM92: 0 | AN92: 0 | AQ92: NEW(UPTO 30 NOP) | AR92: 0.05 | AS92: 0.05 | AT92: 0 | AU92: 0
C93: ANNUAL | D93: 0.075 | E93: 0.275 | F93: 0.075 | G93: 0 | I93: 0.1 | J93: 0.275 | K93: 0.1 | L93: 0 | N93: 0.1 | O93: 0.275 | P93: 0.1 | Q93: 0 | S93: 0.1 | T93: 0.275 | U93: 0.1 | V93: 0 | X93: 0.1 | Y93: 0.1 | AA93: 0.05 | AB93: 0.25 | AC93: 0.05 | AD93: 0 | AF93: 0.025 | AG93: 0.25 | AH93: 0.025 | AI93: 0 | AK93: 0.05 | AL93: 0.25 | AM93: 0 | AN93: 0 | AQ93: ANNUAL | AR93: 0 | AS93: 0 | AT93: 0 | AU93: 0 | AX93: 0 | AY93: 0 | AZ93: 0 | BB93: 0.1 | BC93: 0.1 | BD93: 0.1 | BE93: 0
C94: ACT | D94: 0 | E94: 0.075 | F94: 0 | G94: 0 | I94: 0 | J94: 0.075 | K94: 0 | L94: 0 | N94: 0 | O94: 0.075 | P94: 0 | Q94: 0 | S94: 0 | T94: 0.075 | U94: 0 | V94: 0 | X94: 0 | Y94: 0 | AA94: 0 | AB94: 0.05 | AC94: 0 | AD94: 0 | AF94: 0 | AG94: 0.05 | AH94: 0 | AI94: 0 | AK94: 0 | AL94: 0.05 | AM94: 0 | AN94: 0 | AQ94: ACT | AR94: 0 | AS94: 0 | AT94: 0 | AU94: 0 | AY94: 0 | BB94: 0 | BC94: 0.075 | BD94: 0 | BE94: 0
B96: DL | C96: NEW(100-500 NOP) | D96: 0.1 | E96: 0.3 | F96: 0.1 | G96: 0 | I96: 0.075 | J96: 0.35 | K96: 0.075 | L96: 0 | N96: 0.4 | O96: 0.4 | P96: 0.4 | Q96: 0 | S96: 0.1 | T96: 0.3 | U96: 0.1 | V96: 0 | X96: 0.1 | Y96: 0.1 | AA96: 0.025 | AB96: 0.325 | AC96: 0.025 | AD96: 0 | AF96: 0.05 | AG96: 0.225 | AH96: 0.05 | AI96: 0 | AK96: 0.2 | AL96: 0.395 | AM96: 0 | AN96: 0 | AP96: DL | AQ96: NEW(100-500 NOP) | AR96: 0.2 | AS96: 0.2 | AT96: 0 | AU96: 0 | AX96: 0 | AY96: -0.05 | AZ96: 0 | BB96: 0.25 | BC96: 0.25 | BD96: 0.25 | BE96: 0
C97: NEW(30-100 NOP) | D97: 0.08 | E97: 0.28 | F97: 0.08 | G97: 0 | I97: 0.075 | J97: 0.3 | K97: 0.075 | L97: 0 | N97: 0.35 | O97: 0.35 | P97: 0.35 | Q97: 0 | S97: 0.08 | T97: 0.28 | U97: 0.08 | V97: 0 | X97: 0.08 | Y97: 0.08 | AA97: 0.025 | AB97: 0.275 | AC97: 0.025 | AD97: 0 | AF97: 0.03 | AG97: 0.205 | AH97: 0.03 | AI97: 0 | AK97: 0.2 | AL97: 0.395 | AM97: 0 | AN97: 0 | AQ97: NEW(30-100 NOP) | AR97: 0.2 | AS97: 0.2 | AT97: 0 | AU97: 0
C98: NEW(UPTO 30 NOP) | D98: 0.06 | E98: 0.26 | F98: 0.06 | G98: 0 | I98: 0.075 | J98: 0.27 | K98: 0.075 | L98: 0 | N98: 0.3 | O98: 0.3 | P98: 0.3 | Q98: 0 | S98: 0.06 | T98: 0.26 | U98: 0.06 | V98: 0 | X98: 0.06 | Y98: 0.06 | AA98: 0.025 | AB98: 0.245 | AC98: 0.025 | AD98: 0 | AF98: 0.01 | AG98: 0.185 | AH98: 0.01 | AI98: 0 | AK98: 0.2 | AL98: 0.395 | AM98: 0 | AN98: 0 | AQ98: NEW(UPTO 30 NOP) | AR98: 0.2 | AS98: 0.2 | AT98: 0 | AU98: 0
C99: ANNUAL | D99: 0.075 | E99: 0.4 | F99: 0.075 | G99: 0 | I99: 0.075 | J99: 0.4 | K99: 0.075 | L99: 0 | N99: 0.1 | O99: 0.4 | P99: 0.1 | Q99: 0 | S99: 0.075 | T99: 0.4 | U99: 0.075 | V99: 0 | X99: 0.1 | Y99: 0.1 | AA99: 0.05 | AB99: 0.375 | AC99: 0.05 | AD99: 0 | AF99: 0.025 | AG99: 0.375 | AH99: 0.025 | AI99: 0 | AK99: 0.05 | AL99: 0.375 | AM99: 0 | AN99: 0 | AQ99: ANNUAL | AR99: 0 | AS99: 0 | AT99: 0 | AU99: 0 | AX99: 0 | AY99: 0 | AZ99: 0 | BB99: 0.25 | BC99: 0.25 | BD99: 0.25 | BE99: 0
C100: ACT | D100: 0 | E100: 0 | F100: 0 | G100: 0 | I100: 0 | J100: 0.075 | K100: 0 | L100: 0 | N100: 0 | O100: 0.075 | P100: 0 | Q100: 0 | S100: 0 | T100: 0.075 | U100: 0 | V100: 0 | X100: 0 | Y100: 0 | AA100: 0 | AB100: 0.05 | AC100: 0 | AD100: 0 | AF100: 0 | AG100: 0.05 | AH100: 0 | AI100: 0 | AK100: 0 | AL100: 0.05 | AM100: 0 | AN100: 0 | AQ100: ACT | AR100: 0 | AS100: 0 | AT100: 0 | AU100: 0 | AY100: #VALUE! | BB100: 0 | BC100: 0.075 | BD100: 0 | BE100: 0
B102: HR | C102: NEW(100-500 NOP) | D102: 0 | E102: 0 | F102: 0 | G102: 0 | I102: 0 | J102: 0 | K102: 0 | L102: 0 | N102: 0 | O102: 0 | P102: 0 | Q102: 0 | S102: 0 | T102: 0 | U102: 0 | V102: 0 | X102: 0 | Y102: 0 | AA102: 0 | AB102: 0 | AC102: 0 | AD102: 0 | AF102: 0 | AG102: 0 | AH102: 0 | AI102: 0 | AK102: 0 | AL102: 0 | AM102: 0 | AN102: 0 | AP102: HR | AQ102: NEW(100-500 NOP) | AR102: 0 | AS102: 0 | AT102: 0 | AU102: 0 | AX102: 0 | AY102: 0 | AZ102: 0 | BB102: 0 | BC102: 0 | BD102: 0 | BE102: 0
C103: NEW(30-100 NOP) | D103: 0 | E103: 0 | F103: 0 | G103: 0 | I103: 0 | J103: 0 | K103: 0 | L103: 0 | N103: 0 | O103: 0 | P103: 0 | Q103: 0 | S103: 0 | T103: 0 | U103: 0 | V103: 0 | X103: 0 | Y103: 0 | AA103: 0 | AB103: 0 | AC103: 0 | AD103: 0 | AF103: 0 | AG103: 0 | AH103: 0 | AI103: 0 | AK103: 0 | AL103: 0 | AM103: 0 | AN103: 0 | AQ103: NEW(30-100 NOP) | AR103: 0 | AS103: 0 | AT103: 0 | AU103: 0
C104: NEW(UPTO 30 NOP) | D104: 0 | E104: 0 | F104: 0 | G104: 0 | I104: 0 | J104: 0 | K104: 0 | L104: 0 | N104: 0 | O104: 0 | P104: 0 | Q104: 0 | S104: 0 | T104: 0 | U104: 0 | V104: 0 | X104: 0 | Y104: 0 | AA104: 0 | AB104: 0 | AC104: 0 | AD104: 0 | AF104: 0 | AG104: 0 | AH104: 0 | AI104: 0 | AK104: 0 | AL104: 0 | AM104: 0 | AN104: 0 | AQ104: NEW(UPTO 30 NOP) | AR104: 0 | AS104: 0 | AT104: 0 | AU104: 0
C105: ANNUAL | D105: 0 | E105: 0 | F105: 0 | G105: 0 | I105: 0 | J105: 0 | K105: 0 | L105: 0 | N105: 0 | O105: 0 | P105: 0 | Q105: 0 | S105: 0 | T105: 0 | U105: 0 | V105: 0 | X105: 0 | Y105: 0 | AA105: 0 | AB105: 0 | AC105: 0 | AD105: 0 | AF105: 0 | AG105: 0 | AH105: 0 | AI105: 0 | AK105: 0 | AL105: 0 | AM105: 0 | AN105: 0 | AQ105: ANNUAL | AR105: 0 | AS105: 0 | AT105: 0 | AU105: 0 | AX105: 0 | AY105: 0 | AZ105: 0 | BB105: 0 | BC105: 0 | BD105: 0 | BE105: 0
C106: ACT | D106: 0 | E106: 0 | F106: 0 | G106: 0 | I106: 0 | J106: 0 | K106: 0 | L106: 0 | N106: 0 | O106: 0 | P106: 0 | Q106: 0 | S106: 0 | T106: 0 | U106: 0 | V106: 0 | X106: 0 | Y106: 0 | AA106: 0 | AB106: 0 | AC106: 0 | AD106: 0 | AF106: 0 | AG106: 0 | AH106: 0 | AI106: 0 | AK106: 0 | AL106: 0 | AM106: 0 | AN106: 0 | AQ106: ACT | AR106: 0 | AS106: 0 | AT106: 0 | AU106: 0 | AY106: 0 | BB106: 0 | BC106: 0 | BD106: 0 | BE106: 0
B108: HP | C108: NEW(100-500 NOP) | D108: 0.12 | E108: 0.12 | F108: 0.12 | G108: 0 | I108: 0.075 | J108: 0.35 | K108: 0.075 | L108: 0 | N108: 0.37 | O108: 0.37 | P108: 0.37 | Q108: 0 | S108: 0.12 | T108: 0.12 | U108: 0.12 | V108: 0 | X108: 0 | Y108: 0 | AA108: 0.17 | AB108: 0.345 | AC108: 0.17 | AD108: 0 | AF108: 0.07 | AG108: 0.095 | AH108: 0.07 | AI108: 0 | AK108: 0.025 | AL108: 0.325 | AM108: 0 | AN108: 0 | AP108: HP | AQ108: NEW(100-500 NOP) | AR108: 0 | AS108: 0 | AT108: 0 | AU108: 0 | AX108: 0 | AY108: 0 | AZ108: 0 | BB108: 0.075 | BC108: 0.3 | BD108: 0.075 | BE108: 0
C109: NEW(30-100 NOP) | D109: 0.1 | E109: 0.1 | F109: 0.1 | G109: 0 | I109: 0.075 | J109: 0.3 | K109: 0.075 | L109: 0 | N109: 0.35 | O109: 0.35 | P109: 0.35 | Q109: 0 | S109: 0.1 | T109: 0.1 | U109: 0.1 | V109: 0 | X109: 0 | Y109: 0 | AA109: 0.15 | AB109: 0.325 | AC109: 0.15 | AD109: 0 | AF109: 0.05 | AG109: 0.075 | AH109: 0.05 | AI109: 0 | AK109: 0.025 | AL109: 0.325 | AM109: 0 | AN109: 0 | AQ109: NEW(30-100 NOP) | AR109: 0 | AS109: 0 | AT109: 0 | AU109: 0
C110: NEW(UPTO 30 NOP) | D110: 0.08 | E110: 0.08 | F110: 0.08 | G110: 0 | I110: 0.075 | J110: 0.27 | K110: 0.075 | L110: 0 | N110: 0.32 | O110: 0.32 | P110: 0.32 | Q110: 0 | S110: 0.08 | T110: 0.08 | U110: 0.08 | V110: 0 | X110: 0 | Y110: 0 | AA110: 0.13 | AB110: 0.295 | AC110: 0.13 | AD110: 0 | AF110: 0.03 | AG110: 0.055 | AH110: 0.03 | AI110: 0 | AK110: 0.025 | AL110: 0.325 | AM110: 0 | AN110: 0 | AQ110: NEW(UPTO 30 NOP) | AR110: 0 | AS110: 0 | AT110: 0 | AU110: 0
C111: ANNUAL | D111: 0.1 | E111: 0.3 | F111: 0.1 | G111: 0 | I111: 0.075 | J111: 0.3 | K111: 0.075 | L111: 0 | N111: 0.1 | O111: 0.3 | P111: 0.1 | Q111: 0 | S111: 0.1 | T111: 0.3 | U111: 0.1 | V111: 0 | X111: 0 | Y111: 0 | AA111: 0.05 | AB111: 0.275 | AC111: 0.05 | AD111: 0 | AF111: 0.05 | AG111: 0.275 | AH111: 0.05 | AI111: 0 | AK111: 0.025 | AL111: 0.275 | AM111: 0 | AN111: 0 | AQ111: ANNUAL | AR111: 0 | AS111: 0 | AT111: 0 | AU111: 0 | AX111: 0 | AY111: 0 | AZ111: 0 | BB111: 0.075 | BC111: 0.3 | BD111: 0.075 | BE111: 0
C112: ACT | D112: 0 | E112: 0.1 | F112: 0 | G112: 0 | I112: 0 | J112: 0.1 | K112: 0 | L112: 0 | N112: 0 | O112: 0.1 | P112: 0 | Q112: 0 | S112: 0 | T112: 0.1 | U112: 0 | V112: 0 | X112: 0 | Y112: 0 | AA112: 0 | AB112: 0.075 | AC112: 0 | AD112: 0 | AF112: 0 | AG112: 0.075 | AH112: 0 | AI112: 0 | AK112: 0 | AL112: 0.075 | AM112: 0 | AN112: 0 | AQ112: ACT | AR112: 0 | AS112: 0 | AT112: 0 | AU112: 0 | AY112: 0 | BB112: 0 | BC112: 0.1 | BD112: 0 | BE112: 0
B114: JK/LD | C114: NEW(100-500 NOP) | D114: 0 | E114: 0 | F114: 0 | G114: 0 | I114: 0.075 | J114: 0.35 | K114: 0.075 | L114: 0 | N114: 0 | O114: 0 | P114: 0 | Q114: 0 | S114: 0 | T114: 0 | U114: 0 | V114: 0 | X114: 0 | Y114: 0 | AA114: 0 | AB114: 0 | AC114: 0 | AD114: 0 | AF114: 0 | AG114: 0 | AH114: 0 | AI114: 0 | AK114: 0.025 | AL114: 0.2 | AM114: 0 | AN114: 0 | AP114: JK | AQ114: NEW(100-500 NOP) | AR114: 0 | AS114: 0 | AT114: 0 | AU114: 0 | AX114: 0 | AY114: 0 | AZ114: 0 | BB114: 0.075 | BC114: 0.3 | BD114: 0.075 | BE114: 0
C115: NEW(30-100 NOP) | D115: 0 | E115: 0 | F115: 0 | G115: 0 | I115: 0.075 | J115: 0.3 | K115: 0.075 | L115: 0 | N115: 0 | O115: 0 | P115: 0 | Q115: 0 | S115: 0 | T115: 0 | U115: 0 | V115: 0 | X115: 0 | Y115: 0 | AA115: 0 | AB115: 0 | AC115: 0 | AD115: 0 | AF115: 0 | AG115: 0 | AH115: 0 | AI115: 0 | AK115: 0.025 | AL115: 0.2 | AM115: 0 | AN115: 0 | AQ115: NEW(30-100 NOP) | AR115: 0 | AS115: 0 | AT115: 0 | AU115: 0
C116: NEW(UPTO 30 NOP) | D116: 0 | E116: 0 | F116: 0 | G116: 0 | I116: 0.075 | J116: 0.27 | K116: 0.075 | L116: 0 | N116: 0 | O116: 0 | P116: 0 | Q116: 0 | S116: 0 | T116: 0 | U116: 0 | V116: 0 | X116: 0 | Y116: 0 | AA116: 0 | AB116: 0 | AC116: 0 | AD116: 0 | AF116: 0 | AG116: 0 | AH116: 0 | AI116: 0 | AK116: 0.025 | AL116: 0.2 | AM116: 0 | AN116: 0 | AQ116: NEW(UPTO 30 NOP) | AR116: 0 | AS116: 0 | AT116: 0 | AU116: 0
C117: ANNUAL | D117: 0 | E117: 0 | F117: 0 | G117: 0 | I117: 0.075 | J117: 0 | K117: 0.075 | L117: 0 | N117: 0.1 | O117: 0.225 | P117: 0.1 | Q117: 0 | S117: 0 | T117: 0 | U117: 0 | V117: 0 | X117: 0 | Y117: 0 | AA117: 0.05 | AB117: 0 | AC117: 0.05 | AD117: 0 | AF117: 0 | AG117: 0 | AH117: 0 | AI117: 0 | AK117: 0.025 | AL117: 0.2 | AM117: 0 | AN117: 0 | AQ117: ANNUAL | AR117: 0 | AS117: 0 | AT117: 0 | AU117: 0 | AX117: 0 | AY117: 0 | AZ117: 0 | BB117: 0.075 | BC117: 0.3 | BD117: 0.075 | BE117: 0
C118: ACT | D118: 0 | E118: 0 | F118: 0 | G118: 0 | I118: 0 | J118: 0 | K118: 0 | L118: 0 | N118: 0 | O118: 0 | P118: 0 | Q118: 0 | S118: 0 | T118: 0 | U118: 0 | V118: 0 | X118: 0 | Y118: 0 | AA118: 0 | AB118: 0 | AC118: 0 | AD118: 0 | AF118: 0 | AG118: 0 | AH118: 0 | AI118: 0 | AK118: 0 | AL118: 0 | AM118: 0 | AN118: 0 | AQ118: ACT | AR118: 0 | AS118: 0 | AT118: 0 | AU118: 0 | AY118: 0 | BB118: 0 | BC118: 0 | BD118: 0 | BE118: 0
B120: PB | C120: NEW(100-500 NOP) | D120: 0 | E120: 0 | F120: 0 | G120: 0 | I120: 0.075 | J120: 0.35 | K120: 0.075 | L120: 0 | N120: 0.37 | O120: 0.37 | P120: 0.37 | Q120: 0 | S120: 0 | T120: 0 | U120: 0 | V120: 0 | X120: 0 | Y120: 0 | AA120: 0 | AB120: 0.345 | AC120: 0 | AD120: 0 | AF120: 0 | AG120: 0.275 | AH120: 0 | AI120: 0 | AK120: 0.025 | AL120: 0.325 | AM120: 0 | AN120: 0 | AP120: PB | AQ120: NEW(100-500 NOP) | AR120: 0 | AS120: 0 | AT120: 0 | AU120: 0 | AX120: 0 | AY120: 0.3 | AZ120: 0 | BB120: 0.075 | BC120: 0.3 | BD120: 0.075 | BE120: 0
...

Sheet Private car Nov-25 
B2: Private Car Grid for the month of Nov 25
C4: PROD | D4: SUBCLASS | F4: AP/TS | I4: TN | L4: KA | O4: MH/GA | R4: GJ | U4: BH | X4: JH | AA4: OD | AD4: WB | AG4: CG | AJ4: AS/ML/TR/AR/NL | AM4: DL | AP4: PB | AS4: HP | AV4: JK | AY4: UP- East | BB4: UP | BE4: UK | BH4: AN | BK4: RJ | BM4: MP
F6: ACT | G6: PACK | I6: ACT | J6: PACK | L6: ACT | M6: PACK | O6: ACT | P6: PACK | R6: ACT | S6: PACK | U6: ACT | V6: PACK | X6: ACT | Y6: PACK | AA6: ACT | AB6: PACK | AD6: ACT | AE6: PACK | AG6: ACT | AH6: PACK | AJ6: ACT | AK6: PACK | AM6: ACT | AN6: PACK | AP6: ACT | AQ6: PACK | AS6: ACT | AT6: PACK | AV6: ACT | AW6: PACK | AY6: ACT | AZ6: PACK | BB6: ACT | BC6: PACK | BE6: ACT | BF6: PACK | BH6: ACT | BI6: PACK | BK6: ACT | BL6: PACK | BM6: ACT | BN6: PACK
C7: PC [PACK] | D7: UPTO 1000 CC | G7: 0.3 | J7: 0.25 | M7: 0.3 | O7: 0.25 | P7: 0.3 | S7: 0.3 | U7: 0.3 | V7: 0.3 | X7: 0.3 | Y7: 0.3 | AB7: 0.25 | AE7: 0.2 | AH7: 0.15 | AK7: 0.25 | AN7: 0.25 | AQ7: 0.25 | AT7: 0.25 | AW7: 0.25 | AZ7: 0.25 | BC7: 0.15 | BF7: 0.3 | BI7: 0.3 | BL7: 0.15 | BN7: 0.15
D8: 1000 TO 1500 CC | F8: 0.2 | G8: 0.3 | J8: 0.25 | M8: 0.3 | O8: 0.25 | P8: 0.3 | R8: 0.25 | S8: 0.3 | U8: 0.3 | V8: 0.3 | X8: 0.3 | Y8: 0.3 | AA8: 0.25 | AB8: 0.25 | AD8: 0.25 | AE8: 0.275 | AG8: 0 | AH8: 0.24 | AJ8: 0.25 | AK8: 0.25 | AM8: 0.3 | AN8: 0.25 | AQ8: 0.25 | AT8: 0.25 | AW8: 0.25 | AZ8: 0.25 | BC8: 0.2 | BF8: 0.3 | BH8: 0.25 | BI8: 0.3 | BL8: 0.2 | BN8: 0.2
D9: ABOVE 1500 CC | F9: 0.2 | G9: 0.3 | J9: 0.3 | L9: 0.1 | M9: 0.3 | O9: 0.25 | P9: 0.3 | R9: 0.2 | S9: 0.3 | U9: 0.3 | V9: 0.3 | X9: 0.3 | Y9: 0.3 | AA9: 0.3 | AB9: 0.3 | AD9: 0.25 | AE9: 0.3 | AG9: 0 | AH9: 0.3 | AJ9: 0.2 | AK9: 0.3 | AM9: 0.3 | AN9: 0.3 | AQ9: 0.3 | AT9: 0.3 | AW9: 0.3 | AZ9: 0.3 | BC9: 0.3 | BF9: 0.3 | BH9: 0.25 | BI9: 0.3 | BL9: 0.25 | BN9: 0.25
C12: PC [SOD] | D12: UPTO 1000 CC[P] | G12: 0.1 | J12: 0.1 | M12: 0.19 | P12: 0.19 | S12: 0.1 | V12: 0.1 | Y12: 0.19 | AB12: 0.1 | AE12: 0.1 | AH12: 0.1 | AK12: 0.19 | AN12: 0.1 | AQ12: 0.1 | AT12: 0.1 | AW12: 0.1 | AZ12: 0.15 | BC12: 0.1 | BF12: 0.15 | BI12: 0.1
D13: 1000 TO 1500 CC[P] | G13: 0.19 | J13: 0.16 | M13: 0.19 | P13: 0.19 | S13: 0.16 | V13: 0.15 | Y13: 0.19 | AB13: 0.16 | AE13: 0.19 | AH13: 0.15 | AK13: 0.19 | AN13: 0.15 | AQ13: 0.15 | AT13: 0.15 | AW13: 0.15 | AZ13: 0.2 | BC13: 0.15 | BF13: 0.2 | BI13: 0.15
D14: ABOVE 1500 CC[P] | G14: 0.2 | J14: 0.2 | M14: 0.2 | P14: 0.2 | S14: 0.2 | V14: 0.2 | Y14: 0.2 | AB14: 0.2 | AE14: 0.2 | AH14: 0.2 | AK14: 0.2 | AN14: 0.2 | AQ14: 0.2 | AT14: 0.2 | AW14: 0.2 | AZ14: 0.25 | BC14: 0.25 | BF14: 0.25 | BI14: 0.2
D16: UPTO 1000 CC[D] | G16: 0.1 | J16: 0.1 | M16: 0.1 | P16: 0.1 | S16: 0.1 | V16: 0.1 | Y16: 0.1 | AB16: 0.1 | AE16: 0.1 | AH16: 0.1 | AK16: 0.1 | AN16: 0.1 | AQ16: 0.1 | AT16: 0.1 | AW16: 0.1 | AZ16: 0.1 | BC16: 0.1 | BF16: 0.1 | BI16: 0.1
D17: 1000 TO 1500 CC[D] | G17: 0.1 | J17: 0.1 | M17: 0.1 | P17: 0.1 | S17: 0.1 | V17: 0.1 | Y17: 0.1 | AB17: 0.1 | AE17: 0.1 | AH17: 0.1 | AK17: 0.1 | AN17: 0.1 | AQ17: 0.1 | AT17: 0.1 | AW17: 0.1 | AZ17: 0.15 | BC17: 0.1 | BF17: 0.15 | BI17: 0.1
D18: ABOVE 1500 CC[D] | G18: 0.15 | J18: 0.15 | M18: 0.15 | P18: 0.15 | S18: 0.15 | V18: 0.15 | Y18: 0.15 | AB18: 0.15 | AE18: 0.15 | AH18: 0.15 | AK18: 0.15 | AN18: 0.15 | AQ18: 0.15 | AT18: 0.15 | AW18: 0.15 | AZ18: 0.2 | BC18: 0.2 | BF18: 0.2 | BI18: 0.15
C21: PC [PACK] | D21: UPTO 1000 CC[ NCB GT 25%] | G21: =G7+2.5% -> 0.325 | J21: =J7+2.5% -> 0.275 | M21: =M7+2.5% -> 0.325 | O21: 0.25 | P21: =P7+2.5% -> 0.325 | S21: =S7+2.5% -> 0.325 | U21: 0.3 | V21: 0.3 | X21: 0.3 | Y21: =Y7+2.5% -> 0.325 | AB21: =AB7+2.5% -> 0.275 | AE21: =AE7+2.5% -> 0.225 | AH21: 0.15 | AK21: =AK7+2.5% -> 0.275 | AN21: =AN7+2.5% -> 0.275 | AQ21: 0.25 | AT21: =AT7+2.5% -> 0.275 | AW21: 0.25 | AZ21: =AZ7+2.5% -> 0.275 | BC21: =BC7+2.5% -> 0.175 | BF21: =BF7+2.5% -> 0.325 | BI21: =BI7+2.5% -> 0.325 | BL21: 0.15 | BN21: 0.15
D22: 1000 TO 1500 CC[ NCB GT 25%] | F22: 0.2 | G22: =G8+2.5% -> 0.325 | J22: =J8+2.5% -> 0.275 | M22: =M8+2.5% -> 0.325 | O22: 0.25 | P22: =P8+2.5% -> 0.325 | R22: 0.25 | S22: =S8+2.5% -> 0.325 | U22: 0.3 | V22: 0.3 | X22: 0.3 | Y22: =Y8+2.5% -> 0.325 | AA22: 0.25 | AB22: =AB8+2.5% -> 0.275 | AD22: 0.25 | AE22: =AE8+2.5% -> 0.3 | AG22: 0 | AH22: 0.24 | AJ22: 0.25 | AK22: =AK8+2.5% -> 0.275 | AM22: 0.3 | AN22: =AN8+2.5% -> 0.275 | AQ22: 0.25 | AT22: =AT8+2.5% -> 0.275 | AW22: 0.25 | AZ22: =AZ8+2.5% -> 0.275 | BC22: =BC8+2.5% -> 0.225 | BF22: =BF8+2.5% -> 0.325 | BH22: 0.25 | BI22: =BI8+2.5% -> 0.325 | BL22: 0.2 | BN22: 0.2
D23: ABOVE 1500 CC[ NCB GT 25%] | F23: 0.2 | G23: =G9+2.5% -> 0.325 | J23: =J9+2.5% -> 0.325 | L23: 0.1 | M23: =M9+2.5% -> 0.325 | O23: 0.25 | P23: =P9+2.5% -> 0.325 | R23: 0.2 | S23: =S9+2.5% -> 0.325 | U23: 0.3 | V23: 0.3 | X23: 0.3 | Y23: =Y9+2.5% -> 0.325 | AA23: 0.3 | AB23: =AB9+2.5% -> 0.325 | AD23: 0.25 | AE23: =AE9+2.5% -> 0.325 | AG23: 0 | AH23: 0.3 | AJ23: 0.2 | AK23: =AK9+2.5% -> 0.325 | AM23: 0.3 | AN23: =AN9+2.5% -> 0.325 | AQ23: 0.3 | AT23: =AT9+2.5% -> 0.325 | AW23: 0.3 | AZ23: =AZ9+2.5% -> 0.325 | BC23: =BC9+2.5% -> 0.325 | BF23: =BF9+2.5% -> 0.325 | BH23: 0.25 | BI23: =BI9+2.5% -> 0.325 | BL23: 0.25 | BN23: 0.25
C26: PC [SOD] | D26: UPTO 1000 CC[P] [ NCB GT 25%] | G26: =G12+2.5% -> 0.125 | J26: =J12+2.5% -> 0.125 | M26: =M12+2.5% -> 0.215 | P26: =P12+2.5% -> 0.215 | S26: =S12+2.5% -> 0.125 | V26: 0.1 | Y26: =Y12+2.5% -> 0.215 | AB26: =AB12+2.5% -> 0.125 | AE26: =AE12+2.5% -> 0.125 | AH26: 0.1 | AK26: =AK12+2.5% -> 0.215 | AN26: =AN12+2.5% -> 0.125 | AQ26: 0.1 | AT26: =AT12+2.5% -> 0.125 | AW26: 0.1 | AZ26: =AZ12+2.5% -> 0.175 | BC26: =BC12+2.5% -> 0.125 | BF26: =BF12+2.5% -> 0.175 | BI26: =BI12+2.5% -> 0.125
D27: 1000 TO 1500 CC[P] [ NCB GT 25%] | G27: =G13+2.5% -> 0.215 | J27: =J13+2.5% -> 0.185 | M27: =M13+2.5% -> 0.215 | P27: =P13+2.5% -> 0.215 | S27: =S13+2.5% -> 0.185 | V27: 0.15 | Y27: =Y13+2.5% -> 0.215 | AB27: =AB13+2.5% -> 0.185 | AE27: =AE13+2.5% -> 0.215 | AH27: 0.15 | AK27: =AK13+2.5% -> 0.215 | AN27: =AN13+2.5% -> 0.175 | AQ27: 0.15 | AT27: =AT13+2.5% -> 0.175 | AW27: 0.15 | AZ27: =AZ13+2.5% -> 0.225 | BC27: =BC13+2.5% -> 0.175 | BF27: =BF13+2.5% -> 0.225 | BI27: =BI13+2.5% -> 0.175
D28: ABOVE 1500 CC[P] [ NCB GT 25%] | G28: =G14+2.5% -> 0.225 | J28: =J14+2.5% -> 0.225 | M28: =M14+2.5% -> 0.225 | P28: =P14+2.5% -> 0.225 | S28: =S14+2.5% -> 0.225 | V28: 0.2 | Y28: =Y14+2.5% -> 0.225 | AB28: =AB14+2.5% -> 0.225 | AE28: =AE14+2.5% -> 0.225 | AH28: 0.2 | AK28: =AK14+2.5% -> 0.225 | AN28: =AN14+2.5% -> 0.225 | AQ28: 0.2 | AT28: =AT14+2.5% -> 0.225 | AW28: 0.2 | AZ28: =AZ14+2.5% -> 0.275 | BC28: =BC14+2.5% -> 0.275 | BF28: =BF14+2.5% -> 0.275 | BI28: =BI14+2.5% -> 0.225
D30: UPTO 1000 CC[D] [ NCB GT 25%] | G30: =G16+2.5% -> 0.125 | J30: =J16+2.5% -> 0.125 | M30: =M16+2.5% -> 0.125 | P30: =P16+2.5% -> 0.125 | S30: =S16+2.5% -> 0.125 | V30: 0.1 | Y30: =Y16+2.5% -> 0.125 | AB30: =AB16+2.5% -> 0.125 | AE30: =AE16+2.5% -> 0.125 | AH30: 0.1 | AK30: =AK16+2.5% -> 0.125 | AN30: =AN16+2.5% -> 0.125 | AQ30: 0.1 | AT30: =AT16+2.5% -> 0.125 | AW30: 0.1 | AZ30: =AZ16+2.5% -> 0.125 | BC30: =BC16+2.5% -> 0.125 | BF30: =BF16+2.5% -> 0.125 | BI30: =BI16+2.5% -> 0.125
D31: 1000 TO 1500 CC[D] [ NCB GT 25%] | G31: =G17+2.5% -> 0.125 | J31: =J17+2.5% -> 0.125 | M31: =M17+2.5% -> 0.125 | P31: =P17+2.5% -> 0.125 | S31: =S17+2.5% -> 0.125 | V31: 0.1 | Y31: =Y17+2.5% -> 0.125 | AB31: =AB17+2.5% -> 0.125 | AE31: =AE17+2.5% -> 0.125 | AH31: 0.1 | AK31: =AK17+2.5% -> 0.125 | AN31: =AN17+2.5% -> 0.125 | AQ31: 0.1 | AT31: =AT17+2.5% -> 0.125 | AW31: 0.1 | AZ31: =AZ17+2.5% -> 0.175 | BC31: =BC17+2.5% -> 0.125 | BF31: =BF17+2.5% -> 0.175 | BI31: =BI17+2.5% -> 0.125
D32: ABOVE 1500 CC[D] [ NCB GT 25%] | G32: =G18+2.5% -> 0.175 | J32: =J18+2.5% -> 0.175 | M32: =M18+2.5% -> 0.175 | P32: =P18+2.5% -> 0.175 | S32: =S18+2.5% -> 0.175 | V32: 0.15 | Y32: =Y18+2.5% -> 0.175 | AB32: =AB18+2.5% -> 0.175 | AE32: =AE18+2.5% -> 0.175 | AH32: 0.15 | AK32: =AK18+2.5% -> 0.175 | AN32: =AN18+2.5% -> 0.175 | AQ32: 0.15 | AT32: =AT18+2.5% -> 0.175 | AW32: 0.15 | AZ32: =AZ18+2.5% -> 0.225 | BC32: =BC18+2.5% -> 0.225 | BF32: =BF18+2.5% -> 0.225 | BI32: =BI18+2.5% -> 0.175
C35: ** Please note that the above pay-out grid
C36: - For Private Car Package policy pay-out is on OD Cover Premium and Private Car Liability policy Pay-out is on TP/PA Premium
C37: - For Private Car Package & Liability policy CPA should be collected for individual Name Mandatorily
D38: if CPA is not collected for individual name then 1.5% of OD Pay-out will be deducted
C39: - For Private Car Electric Vehicle or LPG/CNG pay-out grid is same as Private Car Petrol grid

Sheet Private car AUG-25 
B2: Private Car Grid for the month of AUG 25
C4: PROD | D4: SUBCLASS | F4: AP/TS | I4: TN | L4: KA | O4: MH/GA | R4: GJ | U4: BH | X4: JH | AA4: OD | AD4: WB | AG4: CG | AJ4: AS/ML/TR/AR/NL | AM4: DL | AP4: PB | AS4: HP | AV4: JK | AY4: UP- East | BB4: UP | BE4: UK | BH4: AN | BK4: RJ | BM4: MP
F6: ACT | G6: PACK | I6: ACT | J6: PACK | L6: ACT | M6: PACK | O6: ACT | P6: PACK | R6: ACT | S6: PACK | U6: ACT | V6: PACK | X6: ACT | Y6: PACK | AA6: ACT | AB6: PACK | AD6: ACT | AE6: PACK | AG6: ACT | AH6: PACK | AJ6: ACT | AK6: PACK | AM6: ACT | AN6: PACK | AP6: ACT | AQ6: PACK | AS6: ACT | AT6: PACK | AV6: ACT | AW6: PACK | AY6: ACT | AZ6: PACK | BB6: ACT | BC6: PACK | BE6: ACT | BF6: PACK | BH6: ACT | BI6: PACK | BK6: ACT | BL6: PACK | BM6: ACT | BN6: PACK
C7: PC [PACK] | D7: UPTO 1000 CC | G7: 0.3 | J7: 0.25 | M7: 0.3 | O7: 0.25 | P7: 0.3 | S7: 0.3 | U7: 0.3 | V7: 0.3 | X7: 0.3 | Y7: 0.3 | AB7: 0.25 | AE7: 0.2 | AH7: 0.15 | AK7: 0.25 | AN7: 0.25 | AQ7: 0.25 | AT7: 0.25 | AW7: 0.25 | AZ7: 0.25 | BC7: 0.15 | BF7: 0.3 | BI7: 0.3 | BL7: 0.15 | BN7: 0.15
D8: 1000 TO 1500 CC | F8: 0.2 | G8: 0.3 | J8: 0.25 | M8: 0.3 | O8: 0.25 | P8: 0.3 | R8: 0.25 | S8: 0.3 | U8: 0.3 | V8: 0.3 | X8: 0.3 | Y8: 0.3 | AA8: 0.25 | AB8: 0.25 | AD8: 0.25 | AE8: 0.275 | AG8: 0 | AH8: 0.24 | AJ8: 0.25 | AK8: 0.25 | AM8: 0.3 | AN8: 0.25 | AQ8: 0.25 | AT8: 0.25 | AW8: 0.25 | AZ8: 0.25 | BC8: 0.2 | BF8: 0.3 | BH8: 0.25 | BI8: 0.3 | BL8: 0.2 | BN8: 0.2
D9: ABOVE 1500 CC | F9: 0.2 | G9: 0.3 | J9: 0.3 | L9: 0.1 | M9: 0.3 | O9: 0.25 | P9: 0.3 | R9: 0.2 | S9: 0.3 | U9: 0.3 | V9: 0.3 | X9: 0.3 | Y9: 0.3 | AA9: 0.3 | AB9: 0.3 | AD9: 0.25 | AE9: 0.3 | AG9: 0 | AH9: 0.3 | AJ9: 0.2 | AK9: 0.3 | AM9: 0.3 | AN9: 0.3 | AQ9: 0.3 | AT9: 0.3 | AW9: 0.3 | AZ9: 0.3 | BC9: 0.3 | BF9: 0.3 | BH9: 0.25 | BI9: 0.3 | BL9: 0.25 | BN9: 0.25
C12: PC [SOD] | D12: UPTO 1000 CC[P] | G12: 0.1 | J12: 0.1 | M12: 0.19 | P12: 0.19 | S12: 0.1 | V12: 0.1 | Y12: 0.19 | AB12: 0.1 | AE12: 0.1 | AH12: 0.1 | AK12: 0.19 | AN12: 0.1 | AQ12: 0.1 | AT12: 0.1 | AW12: 0.1 | AZ12: 0.15 | BC12: 0.1 | BF12: 0.15 | BI12: 0.1
D13: 1000 TO 1500 CC[P] | G13: 0.19 | J13: 0.16 | M13: 0.19 | P13: 0.19 | S13: 0.16 | V13: 0.15 | Y13: 0.19 | AB13: 0.16 | AE13: 0.19 | AH13: 0.15 | AK13: 0.19 | AN13: 0.15 | AQ13: 0.15 | AT13: 0.15 | AW13: 0.15 | AZ13: 0.2 | BC13: 0.15 | BF13: 0.2 | BI13: 0.15
D14: ABOVE 1500 CC[P] | G14: 0.2 | J14: 0.2 | M14: 0.2 | P14: 0.2 | S14: 0.2 | V14: 0.2 | Y14: 0.2 | AB14: 0.2 | AE14: 0.2 | AH14: 0.2 | AK14: 0.2 | AN14: 0.2 | AQ14: 0.2 | AT14: 0.2 | AW14: 0.2 | AZ14: 0.25 | BC14: 0.25 | BF14: 0.25 | BI14: 0.2
D16: UPTO 1000 CC[D] | G16: 0.1 | J16: 0.1 | M16: 0.1 | P16: 0.1 | S16: 0.1 | V16: 0.1 | Y16: 0.1 | AB16: 0.1 | AE16: 0.1 | AH16: 0.1 | AK16: 0.1 | AN16: 0.1 | AQ16: 0.1 | AT16: 0.1 | AW16: 0.1 | AZ16: 0.1 | BC16: 0.1 | BF16: 0.1 | BI16: 0.1
D17: 1000 TO 1500 CC[D] | G17: 0.1 | J17: 0.1 | M17: 0.1 | P17: 0.1 | S17: 0.1 | V17: 0.1 | Y17: 0.1 | AB17: 0.1 | AE17: 0.1 | AH17: 0.1 | AK17: 0.1 | AN17: 0.1 | AQ17: 0.1 | AT17: 0.1 | AW17: 0.1 | AZ17: 0.15 | BC17: 0.1 | BF17: 0.15 | BI17: 0.1
D18: ABOVE 1500 CC[D] | G18: 0.15 | J18: 0.15 | M18: 0.15 | P18: 0.15 | S18: 0.15 | V18: 0.15 | Y18: 0.15 | AB18: 0.15 | AE18: 0.15 | AH18: 0.15 | AK18: 0.15 | AN18: 0.15 | AQ18: 0.15 | AT18: 0.15 | AW18: 0.15 | AZ18: 0.2 | BC18: 0.2 | BF18: 0.2 | BI18: 0.15
C21: PC [PACK] | D21: UPTO 1000 CC[ NCB GT 25%] | G21: 0.35 | J21: 0.3 | M21: 0.35 | O21: 0.25 | P21: 0.35 | S21: 0.35 | U21: 0.3 | V21: 0.3 | X21: 0.3 | Y21: 0.35 | AB21: 0.3 | AE21: 0.25 | AH21: 0.15 | AK21: 0.3 | AN21: 0.3 | AQ21: 0.25 | AT21: 0.3 | AW21: 0.25 | AZ21: 0.3 | BC21: 0.2 | BF21: 0.35 | BI21: 0.35 | BL21: 0.15 | BN21: 0.15
D22: 1000 TO 1500 CC[ NCB GT 25%] | F22: 0.2 | G22: 0.35 | J22: 0.3 | M22: 0.35 | O22: 0.25 | P22: 0.35 | R22: 0.25 | S22: 0.35 | U22: 0.3 | V22: 0.3 | X22: 0.3 | Y22: 0.35 | AA22: 0.25 | AB22: 0.3 | AD22: 0.25 | AE22: 0.325 | AG22: 0 | AH22: 0.24 | AJ22: 0.25 | AK22: 0.3 | AM22: 0.3 | AN22: 0.3 | AQ22: 0.25 | AT22: 0.3 | AW22: 0.25 | AZ22: 0.3 | BC22: 0.25 | BF22: 0.35 | BH22: 0.25 | BI22: 0.35 | BL22: 0.2 | BN22: 0.2
D23: ABOVE 1500 CC[ NCB GT 25%] | F23: 0.2 | G23: 0.35 | J23: 0.35 | L23: 0.1 | M23: 0.35 | O23: 0.25 | P23: 0.35 | R23: 0.2 | S23: 0.35 | U23: 0.3 | V23: 0.3 | X23: 0.3 | Y23: 0.35 | AA23: 0.3 | AB23: 0.35 | AD23: 0.25 | AE23: 0.35 | AG23: 0 | AH23: 0.3 | AJ23: 0.2 | AK23: 0.35 | AM23: 0.3 | AN23: 0.35 | AQ23: 0.3 | AT23: 0.35 | AW23: 0.3 | AZ23: 0.35 | BC23: 0.35 | BF23: 0.35 | BH23: 0.25 | BI23: 0.35 | BL23: 0.25 | BN23: 0.25
C26: PC [SOD] | D26: UPTO 1000 CC[P] [ NCB GT 25%] | G26: 0.15 | J26: 0.15 | M26: 0.24 | P26: 0.24 | S26: 0.15 | V26: 0.1 | Y26: 0.24 | AB26: 0.15 | AE26: 0.15 | AH26: 0.1 | AK26: 0.24 | AN26: 0.15 | AQ26: 0.1 | AT26: 0.15 | AW26: 0.1 | AZ26: 0.2 | BC26: 0.15 | BF26: 0.2 | BI26: 0.15
D27: 1000 TO 1500 CC[P] [ NCB GT 25%] | G27: 0.24 | J27: 0.21 | M27: 0.24 | P27: 0.24 | S27: 0.21 | V27: 0.15 | Y27: 0.24 | AB27: 0.21 | AE27: 0.24 | AH27: 0.15 | AK27: 0.24 | AN27: 0.2 | AQ27: 0.15 | AT27: 0.2 | AW27: 0.15 | AZ27: 0.25 | BC27: 0.2 | BF27: 0.25 | BI27: 0.2
D28: ABOVE 1500 CC[P] [ NCB GT 25%] | G28: 0.25 | J28: 0.25 | M28: 0.25 | P28: 0.25 | S28: 0.25 | V28: 0.2 | Y28: 0.25 | AB28: 0.25 | AE28: 0.25 | AH28: 0.2 | AK28: 0.25 | AN28: 0.25 | AQ28: 0.2 | AT28: 0.25 | AW28: 0.2 | AZ28: 0.3 | BC28: 0.3 | BF28: 0.3 | BI28: 0.25
D30: UPTO 1000 CC[D] [ NCB GT 25%] | G30: 0.15 | J30: 0.15 | M30: 0.15 | P30: 0.15 | S30: 0.15 | V30: 0.1 | Y30: 0.15 | AB30: 0.15 | AE30: 0.15 | AH30: 0.1 | AK30: 0.15 | AN30: 0.15 | AQ30: 0.1 | AT30: 0.15 | AW30: 0.1 | AZ30: 0.15 | BC30: 0.15 | BF30: 0.15 | BI30: 0.15
D31: 1000 TO 1500 CC[D] [ NCB GT 25%] | G31: 0.15 | J31: 0.15 | M31: 0.15 | P31: 0.15 | S31: 0.15 | V31: 0.1 | Y31: 0.15 | AB31: 0.15 | AE31: 0.15 | AH31: 0.1 | AK31: 0.15 | AN31: 0.15 | AQ31: 0.1 | AT31: 0.15 | AW31: 0.1 | AZ31: 0.2 | BC31: 0.15 | BF31: 0.2 | BI31: 0.15
D32: ABOVE 1500 CC[D] [ NCB GT 25%] | G32: 0.2 | J32: 0.2 | M32: 0.2 | P32: 0.2 | S32: 0.2 | V32: 0.15 | Y32: 0.2 | AB32: 0.2 | AE32: 0.2 | AH32: 0.15 | AK32: 0.2 | AN32: 0.2 | AQ32: 0.15 | AT32: 0.2 | AW32: 0.15 | AZ32: 0.25 | BC32: 0.25 | BF32: 0.25 | BI32: 0.2
C35: ** Please note that the above pay-out grid
C36: - For Private Car Package policy pay-out is on OD Cover Premium and Private Car Liability policy Pay-out is on TP/PA Premium
C37: - For Private Car Package & Liability policy CPA should be collected for individual Name Mandatorily
D38: if CPA is not collected for individual name then 1.5% of OD Pay-out will be deducted
C39: - For Private Car Electric Vehicle or LPG/CNG pay-out grid is same as Private Car Petrol grid

Sheet PC DIFF
B2: Private Car Grid for the month of Jun 25
C4: PROD | D4: SUBCLASS | F4: AP/TS | I4: TN | L4: KA | O4: MH/GA | R4: GJ | U4: BH | X4: JH | AA4: OD | AD4: WB | AG4: CG | AJ4: AS/ML/TR/AR/NL | AM4: DL | AP4: PB | AS4: HP | AV4: JK | AY4: UP- East | BB4: UP | BE4: UK | BH4: AN | BK4: RJ | BM4: MP
F6: ACT | G6: PACK | I6: ACT | J6: PACK | L6: ACT | M6: PACK | O6: ACT | P6: PACK | R6: ACT | S6: PACK | U6: ACT | V6: PACK | X6: ACT | Y6: PACK | AA6: ACT | AB6: PACK | AD6: ACT | AE6: PACK | AG6: ACT | AH6: PACK | AJ6: ACT | AK6: PACK | AM6: ACT | AN6: PACK | AP6: ACT | AQ6: PACK | AS6: ACT | AT6: PACK | AV6: ACT | AW6: PACK | AY6: ACT | AZ6: PACK | BB6: ACT | BC6: PACK | BE6: ACT | BF6: PACK | BH6: ACT | BI6: PACK | BK6: ACT | BL6: PACK | BM6: ACT | BN6: PACK
C7: PC [PACK] | D7: UPTO 1000 CC | F7: ='Private car Nov-25 '!F7-'Private car AUG-25 '!F7 -> 0 | G7: ='Private car Nov-25 '!G7-'Private car AUG-25 '!G7 -> 0 | I7: ='Private car Nov-25 '!I7-'Private car AUG-25 '!I7 -> 0 | J7: ='Private car Nov-25 '!J7-'Private car AUG-25 '!J7 -> 0 | L7: ='Private car Nov-25 '!L7-'Private car AUG-25 '!L7 -> 0 | M7: ='Private car Nov-25 '!M7-'Private car AUG-25 '!M7 -> 0 | O7: ='Private car Nov-25 '!O7-'Private car AUG-25 '!O7 -> 0 | P7: ='Private car Nov-25 '!P7-'Private car AUG-25 '!P7 -> 0 | R7: ='Private car Nov-25 '!R7-'Private car AUG-25 '!R7 -> 0 | S7: ='Private car Nov-25 '!S7-'Private car AUG-25 '!S7 -> 0 | U7: ='Private car Nov-25 '!U7-'Private car AUG-25 '!U7 -> 0 | V7: ='Private car Nov-25 '!V7-'Private car AUG-25 '!V7 -> 0 | X7: ='Private car Nov-25 '!X7-'Private car AUG-25 '!X7 -> 0 | Y7: ='Private car Nov-25 '!Y7-'Private car AUG-25 '!Y7 -> 0 | AA7: ='Private car Nov-25 '!AA7-'Private car AUG-25 '!AA7 -> 0 | AB7: ='Private car Nov-25 '!AB7-'Private car AUG-25 '!AB7 -> 0 | AD7: ='Private car Nov-25 '!AD7-'Private car AUG-25 '!AD7 -> 0 | AE7: ='Private car Nov-25 '!AE7-'Private car AUG-25 '!AE7 -> 0 | AG7: ='Private car Nov-25 '!AG7-'Private car AUG-25 '!AG7 -> 0 | AH7: ='Private car Nov-25 '!AH7-'Private car AUG-25 '!AH7 -> 0 | AJ7: ='Private car Nov-25 '!AJ7-'Private car AUG-25 '!AJ7 -> 0 | AK7: ='Private car Nov-25 '!AK7-'Private car AUG-25 '!AK7 -> 0 | AM7: ='Private car Nov-25 '!AM7-'Private car AUG-25 '!AM7 -> 0 | AN7: ='Private car Nov-25 '!AN7-'Private car AUG-25 '!AN7 -> 0 | AP7: ='Private car Nov-25 '!AP7-'Private car AUG-25 '!AP7 -> 0 | AQ7: ='Private car Nov-25 '!AQ7-'Private car AUG-25 '!AQ7 -> 0 | AS7: ='Private car Nov-25 '!AS7-'Private car AUG-25 '!AS7 -> 0 | AT7: ='Private car Nov-25 '!AT7-'Private car AUG-25 '!AT7 -> 0 | AV7: ='Private car Nov-25 '!AV7-'Private car AUG-25 '!AV7 -> 0 | AW7: ='Private car Nov-25 '!AW7-'Private car AUG-25 '!AW7 -> 0 | AY7: ='Private car Nov-25 '!AY7-'Private car AUG-25 '!AY7 -> 0 | AZ7: ='Private car Nov-25 '!AZ7-'Private car AUG-25 '!AZ7 -> 0 | BB7: ='Private car Nov-25 '!BB7-'Private car AUG-25 '!BB7 -> 0 | BC7: ='Private car Nov-25 '!BC7-'Private car AUG-25 '!BC7 -> 0 | BE7: ='Private car Nov-25 '!BE7-'Private car AUG-25 '!BE7 -> 0 | BF7: ='Private car Nov-25 '!BF7-'Private car AUG-25 '!BF7 -> 0 | BH7: ='Private car Nov-25 '!BH7-'Private car AUG-25 '!BH7 -> 0 | BI7: ='Private car Nov-25 '!BI7-'Private car AUG-25 '!BI7 -> 0 | BK7: ='Private car Nov-25 '!BK7-'Private car AUG-25 '!BK7 -> 0 | BL7: ='Private car Nov-25 '!BL7-'Private car AUG-25 '!BL7 -> 0 | BM7: ='Private car Nov-25 '!BM7-'Private car AUG-25 '!BM7 -> 0 | BN7: ='Private car Nov-25 '!BN7-'Private car AUG-25 '!BN7 -> 0
D8: 1000 TO 1500 CC | F8: ='Private car Nov-25 '!F8-'Private car AUG-25 '!F8 -> 0 | G8: ='Private car Nov-25 '!G8-'Private car AUG-25 '!G8 -> 0 | I8: ='Private car Nov-25 '!I8-'Private car AUG-25 '!I8 -> 0 | J8: ='Private car Nov-25 '!J8-'Private car AUG-25 '!J8 -> 0 | L8: ='Private car Nov-25 '!L8-'Private car AUG-25 '!L8 -> 0 | M8: ='Private car Nov-25 '!M8-'Private car AUG-25 '!M8 -> 0 | O8: ='Private car Nov-25 '!O8-'Private car AUG-25 '!O8 -> 0 | P8: ='Private car Nov-25 '!P8-'Private car AUG-25 '!P8 -> 0 | R8: ='Private car Nov-25 '!R8-'Private car AUG-25 '!R8 -> 0 | S8: ='Private car Nov-25 '!S8-'Private car AUG-25 '!S8 -> 0 | U8: ='Private car Nov-25 '!U8-'Private car AUG-25 '!U8 -> 0 | V8: ='Private car Nov-25 '!V8-'Private car AUG-25 '!V8 -> 0 | X8: ='Private car Nov-25 '!X8-'Private car AUG-25 '!X8 -> 0 | Y8: ='Private car Nov-25 '!Y8-'Private car AUG-25 '!Y8 -> 0 | AA8: ='Private car Nov-25 '!AA8-'Private car AUG-25 '!AA8 -> 0 | AB8: ='Private car Nov-25 '!AB8-'Private car AUG-25 '!AB8 -> 0 | AD8: ='Private car Nov-25 '!AD8-'Private car AUG-25 '!AD8 -> 0 | AE8: ='Private car Nov-25 '!AE8-'Private car AUG-25 '!AE8 -> 0 | AG8: ='Private car Nov-25 '!AG8-'Private car AUG-25 '!AG8 -> 0 | AH8: ='Private car Nov-25 '!AH8-'Private car AUG-25 '!AH8 -> 0 | AJ8: ='Private car Nov-25 '!AJ8-'Private car AUG-25 '!AJ8 -> 0 | AK8: ='Private car Nov-25 '!AK8-'Private car AUG-25 '!AK8 -> 0 | AM8: ='Private car Nov-25 '!AM8-'Private car AUG-25 '!AM8 -> 0 | AN8: ='Private car Nov-25 '!AN8-'Private car AUG-25 '!AN8 -> 0 | AP8: ='Private car Nov-25 '!AP8-'Private car AUG-25 '!AP8 -> 0 | AQ8: ='Private car Nov-25 '!AQ8-'Private car AUG-25 '!AQ8 -> 0 | AS8: ='Private car Nov-25 '!AS8-'Private car AUG-25 '!AS8 -> 0 | AT8: ='Private car Nov-25 '!AT8-'Private car AUG-25 '!AT8 -> 0 | AV8: ='Private car Nov-25 '!AV8-'Private car AUG-25 '!AV8 -> 0 | AW8: ='Private car Nov-25 '!AW8-'Private car AUG-25 '!AW8 -> 0 | AY8: ='Private car Nov-25 '!AY8-'Private car AUG-25 '!AY8 -> 0 | AZ8: ='Private car Nov-25 '!AZ8-'Private car AUG-25 '!AZ8 -> 0 | BB8: ='Private car Nov-25 '!BB8-'Private car AUG-25 '!BB8 -> 0 | BC8: ='Private car Nov-25 '!BC8-'Private car AUG-25 '!BC8 -> 0 | BE8: ='Private car Nov-25 '!BE8-'Private car AUG-25 '!BE8 -> 0 | BF8: ='Private car Nov-25 '!BF8-'Private car AUG-25 '!BF8 -> 0 | BH8: ='Private car Nov-25 '!BH8-'Private car AUG-25 '!BH8 -> 0 | BI8: ='Private car Nov-25 '!BI8-'Private car AUG-25 '!BI8 -> 0 | BK8: ='Private car Nov-25 '!BK8-'Private car AUG-25 '!BK8 -> 0 | BL8: ='Private car Nov-25 '!BL8-'Private car AUG-25 '!BL8 -> 0 | BM8: ='Private car Nov-25 '!BM8-'Private car AUG-25 '!BM8 -> 0 | BN8: ='Private car Nov-25 '!BN8-'Private car AUG-25 '!BN8 -> 0
D9: ABOVE 1500 CC | F9: ='Private car Nov-25 '!F9-'Private car AUG-25 '!F9 -> 0 | G9: ='Private car Nov-25 '!G9-'Private car AUG-25 '!G9 -> 0 | I9: ='Private car Nov-25 '!I9-'Private car AUG-25 '!I9 -> 0 | J9: ='Private car Nov-25 '!J9-'Private car AUG-25 '!J9 -> 0 | L9: ='Private car Nov-25 '!L9-'Private car AUG-25 '!L9 -> 0 | M9: ='Private car Nov-25 '!M9-'Private car AUG-25 '!M9 -> 0 | O9: ='Private car Nov-25 '!O9-'Private car AUG-25 '!O9 -> 0 | P9: ='Private car Nov-25 '!P9-'Private car AUG-25 '!P9 -> 0 | R9: ='Private car Nov-25 '!R9-'Private car AUG-25 '!R9 -> 0 | S9: ='Private car Nov-25 '!S9-'Private car AUG-25 '!S9 -> 0 | U9: ='Private car Nov-25 '!U9-'Private car AUG-25 '!U9 -> 0 | V9: ='Private car Nov-25 '!V9-'Private car AUG-25 '!V9 -> 0 | X9: ='Private car Nov-25 '!X9-'Private car AUG-25 '!X9 -> 0 | Y9: ='Private car Nov-25 '!Y9-'Private car AUG-25 '!Y9 -> 0 | AA9: ='Private car Nov-25 '!AA9-'Private car AUG-25 '!AA9 -> 0 | AB9: ='Private car Nov-25 '!AB9-'Private car AUG-25 '!AB9 -> 0 | AD9: ='Private car Nov-25 '!AD9-'Private car AUG-25 '!AD9 -> 0 | AE9: ='Private car Nov-25 '!AE9-'Private car AUG-25 '!AE9 -> 0 | AG9: ='Private car Nov-25 '!AG9-'Private car AUG-25 '!AG9 -> 0 | AH9: ='Private car Nov-25 '!AH9-'Private car AUG-25 '!AH9 -> 0 | AJ9: ='Private car Nov-25 '!AJ9-'Private car AUG-25 '!AJ9 -> 0 | AK9: ='Private car Nov-25 '!AK9-'Private car AUG-25 '!AK9 -> 0 | AM9: ='Private car Nov-25 '!AM9-'Private car AUG-25 '!AM9 -> 0 | AN9: ='Private car Nov-25 '!AN9-'Private car AUG-25 '!AN9 -> 0 | AP9: ='Private car Nov-25 '!AP9-'Private car AUG-25 '!AP9 -> 0 | AQ9: ='Private car Nov-25 '!AQ9-'Private car AUG-25 '!AQ9 -> 0 | AS9: ='Private car Nov-25 '!AS9-'Private car AUG-25 '!AS9 -> 0 | AT9: ='Private car Nov-25 '!AT9-'Private car AUG-25 '!AT9 -> 0 | AV9: ='Private car Nov-25 '!AV9-'Private car AUG-25 '!AV9 -> 0 | AW9: ='Private car Nov-25 '!AW9-'Private car AUG-25 '!AW9 -> 0 | AY9: ='Private car Nov-25 '!AY9-'Private car AUG-25 '!AY9 -> 0 | AZ9: ='Private car Nov-25 '!AZ9-'Private car AUG-25 '!AZ9 -> 0 | BB9: ='Private car Nov-25 '!BB9-'Private car AUG-25 '!BB9 -> 0 | BC9: ='Private car Nov-25 '!BC9-'Private car AUG-25 '!BC9 -> 0 | BE9: ='Private car Nov-25 '!BE9-'Private car AUG-25 '!BE9 -> 0 | BF9: ='Private car Nov-25 '!BF9-'Private car AUG-25 '!BF9 -> 0 | BH9: ='Private car Nov-25 '!BH9-'Private car AUG-25 '!BH9 -> 0 | BI9: ='Private car Nov-25 '!BI9-'Private car AUG-25 '!BI9 -> 0 | BK9: ='Private car Nov-25 '!BK9-'Private car AUG-25 '!BK9 -> 0 | BL9: ='Private car Nov-25 '!BL9-'Private car AUG-25 '!BL9 -> 0 | BM9: ='Private car Nov-25 '!BM9-'Private car AUG-25 '!BM9 -> 0 | BN9: ='Private car Nov-25 '!BN9-'Private car AUG-25 '!BN9 -> 0
C12: PC [SOD] | D12: UPTO 1000 CC[P] | F12: ='Private car Nov-25 '!F12-'Private car AUG-25 '!F12 -> 0 | G12: ='Private car Nov-25 '!G12-'Private car AUG-25 '!G12 -> 0 | I12: ='Private car Nov-25 '!I12-'Private car AUG-25 '!I12 -> 0 | J12: ='Private car Nov-25 '!J12-'Private car AUG-25 '!J12 -> 0 | L12: ='Private car Nov-25 '!L12-'Private car AUG-25 '!L12 -> 0 | M12: ='Private car Nov-25 '!M12-'Private car AUG-25 '!M12 -> 0 | O12: ='Private car Nov-25 '!O12-'Private car AUG-25 '!O12 -> 0 | P12: ='Private car Nov-25 '!P12-'Private car AUG-25 '!P12 -> 0 | R12: ='Private car Nov-25 '!R12-'Private car AUG-25 '!R12 -> 0 | S12: ='Private car Nov-25 '!S12-'Private car AUG-25 '!S12 -> 0 | U12: ='Private car Nov-25 '!U12-'Private car AUG-25 '!U12 -> 0 | V12: ='Private car Nov-25 '!V12-'Private car AUG-25 '!V12 -> 0 | X12: ='Private car Nov-25 '!X12-'Private car AUG-25 '!X12 -> 0 | Y12: ='Private car Nov-25 '!Y12-'Private car AUG-25 '!Y12 -> 0 | AA12: ='Private car Nov-25 '!AA12-'Private car AUG-25 '!AA12 -> 0 | AB12: ='Private car Nov-25 '!AB12-'Private car AUG-25 '!AB12 -> 0 | AD12: ='Private car Nov-25 '!AD12-'Private car AUG-25 '!AD12 -> 0 | AE12: ='Private car Nov-25 '!AE12-'Private car AUG-25 '!AE12 -> 0 | AG12: ='Private car Nov-25 '!AG12-'Private car AUG-25 '!AG12 -> 0 | AH12: ='Private car Nov-25 '!AH12-'Private car AUG-25 '!AH12 -> 0 | AJ12: ='Private car Nov-25 '!AJ12-'Private car AUG-25 '!AJ12 -> 0 | AK12: ='Private car Nov-25 '!AK12-'Private car AUG-25 '!AK12 -> 0 | AM12: ='Private car Nov-25 '!AM12-'Private car AUG-25 '!AM12 -> 0 | AN12: ='Private car Nov-25 '!AN12-'Private car AUG-25 '!AN12 -> 0 | AP12: ='Private car Nov-25 '!AP12-'Private car AUG-25 '!AP12 -> 0 | AQ12: ='Private car Nov-25 '!AQ12-'Private car AUG-25 '!AQ12 -> 0 | AS12: ='Private car Nov-25 '!AS12-'Private car AUG-25 '!AS12 -> 0 | AT12: ='Private car Nov-25 '!AT12-'Private car AUG-25 '!AT12 -> 0 | AV12: ='Private car Nov-25 '!AV12-'Private car AUG-25 '!AV12 -> 0 | AW12: ='Private car Nov-25 '!AW12-'Private car AUG-25 '!AW12 -> 0 | AY12: ='Private car Nov-25 '!AY12-'Private car AUG-25 '!AY12 -> 0 | AZ12: ='Private car Nov-25 '!AZ12-'Private car AUG-25 '!AZ12 -> 0 | BB12: ='Private car Nov-25 '!BB12-'Private car AUG-25 '!BB12 -> 0 | BC12: ='Private car Nov-25 '!BC12-'Private car AUG-25 '!BC12 -> 0 | BE12: ='Private car Nov-25 '!BE12-'Private car AUG-25 '!BE12 -> 0 | BF12: ='Private car Nov-25 '!BF12-'Private car AUG-25 '!BF12 -> 0 | BH12: ='Private car Nov-25 '!BH12-'Private car AUG-25 '!BH12 -> 0 | BI12: ='Private car Nov-25 '!BI12-'Private car AUG-25 '!BI12 -> 0 | BK12: ='Private car Nov-25 '!BK12-'Private car AUG-25 '!BK12 -> 0 | BL12: ='Private car Nov-25 '!BL12-'Private car AUG-25 '!BL12 -> 0 | BM12: ='Private car Nov-25 '!BM12-'Private car AUG-25 '!BM12 -> 0 | BN12: ='Private car Nov-25 '!BN12-'Private car AUG-25 '!BN12 -> 0
D13: 1000 TO 1500 CC[P] | F13: ='Private car Nov-25 '!F13-'Private car AUG-25 '!F13 -> 0 | G13: ='Private car Nov-25 '!G13-'Private car AUG-25 '!G13 -> 0 | I13: ='Private car Nov-25 '!I13-'Private car AUG-25 '!I13 -> 0 | J13: ='Private car Nov-25 '!J13-'Private car AUG-25 '!J13 -> 0 | L13: ='Private car Nov-25 '!L13-'Private car AUG-25 '!L13 -> 0 | M13: ='Private car Nov-25 '!M13-'Private car AUG-25 '!M13 -> 0 | O13: ='Private car Nov-25 '!O13-'Private car AUG-25 '!O13 -> 0 | P13: ='Private car Nov-25 '!P13-'Private car AUG-25 '!P13 -> 0 | R13: ='Private car Nov-25 '!R13-'Private car AUG-25 '!R13 -> 0 | S13: ='Private car Nov-25 '!S13-'Private car AUG-25 '!S13 -> 0 | U13: ='Private car Nov-25 '!U13-'Private car AUG-25 '!U13 -> 0 | V13: ='Private car Nov-25 '!V13-'Private car AUG-25 '!V13 -> 0 | X13: ='Private car Nov-25 '!X13-'Private car AUG-25 '!X13 -> 0 | Y13: ='Private car Nov-25 '!Y13-'Private car AUG-25 '!Y13 -> 0 | AA13: ='Private car Nov-25 '!AA13-'Private car AUG-25 '!AA13 -> 0 | AB13: ='Private car Nov-25 '!AB13-'Private car AUG-25 '!AB13 -> 0 | AD13: ='Private car Nov-25 '!AD13-'Private car AUG-25 '!AD13 -> 0 | AE13: ='Private car Nov-25 '!AE13-'Private car AUG-25 '!AE13 -> 0 | AG13: ='Private car Nov-25 '!AG13-'Private car AUG-25 '!AG13 -> 0 | AH13: ='Private car Nov-25 '!AH13-'Private car AUG-25 '!AH13 -> 0 | AJ13: ='Private car Nov-25 '!AJ13-'Private car AUG-25 '!AJ13 -> 0 | AK13: ='Private car Nov-25 '!AK13-'Private car AUG-25 '!AK13 -> 0 | AM13: ='Private car Nov-25 '!AM13-'Private car AUG-25 '!AM13 -> 0 | AN13: ='Private car Nov-25 '!AN13-'Private car AUG-25 '!AN13 -> 0 | AP13: ='Private car Nov-25 '!AP13-'Private car AUG-25 '!AP13 -> 0 | AQ13: ='Private car Nov-25 '!AQ13-'Private car AUG-25 '!AQ13 -> 0 | AS13: ='Private car Nov-25 '!AS13-'Private car AUG-25 '!AS13 -> 0 | AT13: ='Private car Nov-25 '!AT13-'Private car AUG-25 '!AT13 -> 0 | AV13: ='Private car Nov-25 '!AV13-'Private car AUG-25 '!AV13 -> 0 | AW13: ='Private car Nov-25 '!AW13-'Private car AUG-25 '!AW13 -> 0 | AY13: ='Private car Nov-25 '!AY13-'Private car AUG-25 '!AY13 -> 0 | AZ13: ='Private car Nov-25 '!AZ13-'Private car AUG-25 '!AZ13 -> 0 | BB13: ='Private car Nov-25 '!BB13-'Private car AUG-25 '!BB13 -> 0 | BC13: ='Private car Nov-25 '!BC13-'Private car AUG-25 '!BC13 -> 0 | BE13: ='Private car Nov-25 '!BE13-'Private car AUG-25 '!BE13 -> 0 | BF13: ='Private car Nov-25 '!BF13-'Private car AUG-25 '!BF13 -> 0 | BH13: ='Private car Nov-25 '!BH13-'Private car AUG-25 '!BH13 -> 0 | BI13: ='Private car Nov-25 '!BI13-'Private car AUG-25 '!BI13 -> 0 | BK13: ='Private car Nov-25 '!BK13-'Private car AUG-25 '!BK13 -> 0 | BL13: ='Private car Nov-25 '!BL13-'Private car AUG-25 '!BL13 -> 0 | BM13: ='Private car Nov-25 '!BM13-'Private car AUG-25 '!BM13 -> 0 | BN13: ='Private car Nov-25 '!BN13-'Private car AUG-25 '!BN13 -> 0
D14: ABOVE 1500 CC[P] | F14: ='Private car Nov-25 '!F14-'Private car AUG-25 '!F14 -> 0 | G14: ='Private car Nov-25 '!G14-'Private car AUG-25 '!G14 -> 0 | I14: ='Private car Nov-25 '!I14-'Private car AUG-25 '!I14 -> 0 | J14: ='Private car Nov-25 '!J14-'Private car AUG-25 '!J14 -> 0 | L14: ='Private car Nov-25 '!L14-'Private car AUG-25 '!L14 -> 0 | M14: ='Private car Nov-25 '!M14-'Private car AUG-25 '!M14 -> 0 | O14: ='Private car Nov-25 '!O14-'Private car AUG-25 '!O14 -> 0 | P14: ='Private car Nov-25 '!P14-'Private car AUG-25 '!P14 -> 0 | R14: ='Private car Nov-25 '!R14-'Private car AUG-25 '!R14 -> 0 | S14: ='Private car Nov-25 '!S14-'Private car AUG-25 '!S14 -> 0 | U14: ='Private car Nov-25 '!U14-'Private car AUG-25 '!U14 -> 0 | V14: ='Private car Nov-25 '!V14-'Private car AUG-25 '!V14 -> 0 | X14: ='Private car Nov-25 '!X14-'Private car AUG-25 '!X14 -> 0 | Y14: ='Private car Nov-25 '!Y14-'Private car AUG-25 '!Y14 -> 0 | AA14: ='Private car Nov-25 '!AA14-'Private car AUG-25 '!AA14 -> 0 | AB14: ='Private car Nov-25 '!AB14-'Private car AUG-25 '!AB14 -> 0 | AD14: ='Private car Nov-25 '!AD14-'Private car AUG-25 '!AD14 -> 0 | AE14: ='Private car Nov-25 '!AE14-'Private car AUG-25 '!AE14 -> 0 | AG14: ='Private car Nov-25 '!AG14-'Private car AUG-25 '!AG14 -> 0 | AH14: ='Private car Nov-25 '!AH14-'Private car AUG-25 '!AH14 -> 0 | AJ14: ='Private car Nov-25 '!AJ14-'Private car AUG-25 '!AJ14 -> 0 | AK14: ='Private car Nov-25 '!AK14-'Private car AUG-25 '!AK14 -> 0 | AM14: ='Private car Nov-25 '!AM14-'Private car AUG-25 '!AM14 -> 0 | AN14: ='Private car Nov-25 '!AN14-'Private car AUG-25 '!AN14 -> 0 | AP14: ='Private car Nov-25 '!AP14-'Private car AUG-25 '!AP14 -> 0 | AQ14: ='Private car Nov-25 '!AQ14-'Private car AUG-25 '!AQ14 -> 0 | AS14: ='Private car Nov-25 '!AS14-'Private car AUG-25 '!AS14 -> 0 | AT14: ='Private car Nov-25 '!AT14-'Private car AUG-25 '!AT14 -> 0 | AV14: ='Private car Nov-25 '!AV14-'Private car AUG-25 '!AV14 -> 0 | AW14: ='Private car Nov-25 '!AW14-'Private car AUG-25 '!AW14 -> 0 | AY14: ='Private car Nov-25 '!AY14-'Private car AUG-25 '!AY14 -> 0 | AZ14: ='Private car Nov-25 '!AZ14-'Private car AUG-25 '!AZ14 -> 0 | BB14: ='Private car Nov-25 '!BB14-'Private car AUG-25 '!BB14 -> 0 | BC14: ='Private car Nov-25 '!BC14-'Private car AUG-25 '!BC14 -> 0 | BE14: ='Private car Nov-25 '!BE14-'Private car AUG-25 '!BE14 -> 0 | BF14: ='Private car Nov-25 '!BF14-'Private car AUG-25 '!BF14 -> 0 | BH14: ='Private car Nov-25 '!BH14-'Private car AUG-25 '!BH14 -> 0 | BI14: ='Private car Nov-25 '!BI14-'Private car AUG-25 '!BI14 -> 0 | BK14: ='Private car Nov-25 '!BK14-'Private car AUG-25 '!BK14 -> 0 | BL14: ='Private car Nov-25 '!BL14-'Private car AUG-25 '!BL14 -> 0 | BM14: ='Private car Nov-25 '!BM14-'Private car AUG-25 '!BM14 -> 0 | BN14: ='Private car Nov-25 '!BN14-'Private car AUG-25 '!BN14 -> 0
D16: UPTO 1000 CC[D] | F16: ='Private car Nov-25 '!F16-'Private car AUG-25 '!F16 -> 0 | G16: ='Private car Nov-25 '!G16-'Private car AUG-25 '!G16 -> 0 | I16: ='Private car Nov-25 '!I16-'Private car AUG-25 '!I16 -> 0 | J16: ='Private car Nov-25 '!J16-'Private car AUG-25 '!J16 -> 0 | L16: ='Private car Nov-25 '!L16-'Private car AUG-25 '!L16 -> 0 | M16: ='Private car Nov-25 '!M16-'Private car AUG-25 '!M16 -> 0 | O16: ='Private car Nov-25 '!O16-'Private car AUG-25 '!O16 -> 0 | P16: ='Private car Nov-25 '!P16-'Private car AUG-25 '!P16 -> 0 | R16: ='Private car Nov-25 '!R16-'Private car AUG-25 '!R16 -> 0 | S16: ='Private car Nov-25 '!S16-'Private car AUG-25 '!S16 -> 0 | U16: ='Private car Nov-25 '!U16-'Private car AUG-25 '!U16 -> 0 | V16: ='Private car Nov-25 '!V16-'Private car AUG-25 '!V16 -> 0 | X16: ='Private car Nov-25 '!X16-'Private car AUG-25 '!X16 -> 0 | Y16: ='Private car Nov-25 '!Y16-'Private car AUG-25 '!Y16 -> 0 | AA16: ='Private car Nov-25 '!AA16-'Private car AUG-25 '!AA16 -> 0 | AB16: ='Private car Nov-25 '!AB16-'Private car AUG-25 '!AB16 -> 0 | AD16: ='Private car Nov-25 '!AD16-'Private car AUG-25 '!AD16 -> 0 | AE16: ='Private car Nov-25 '!AE16-'Private car AUG-25 '!AE16 -> 0 | AG16: ='Private car Nov-25 '!AG16-'Private car AUG-25 '!AG16 -> 0 | AH16: ='Private car Nov-25 '!AH16-'Private car AUG-25 '!AH16 -> 0 | AJ16: ='Private car Nov-25 '!AJ16-'Private car AUG-25 '!AJ16 -> 0 | AK16: ='Private car Nov-25 '!AK16-'Private car AUG-25 '!AK16 -> 0 | AM16: ='Private car Nov-25 '!AM16-'Private car AUG-25 '!AM16 -> 0 | AN16: ='Private car Nov-25 '!AN16-'Private car AUG-25 '!AN16 -> 0 | AP16: ='Private car Nov-25 '!AP16-'Private car AUG-25 '!AP16 -> 0 | AQ16: ='Private car Nov-25 '!AQ16-'Private car AUG-25 '!AQ16 -> 0 | AS16: ='Private car Nov-25 '!AS16-'Private car AUG-25 '!AS16 -> 0 | AT16: ='Private car Nov-25 '!AT16-'Private car AUG-25 '!AT16 -> 0 | AV16: ='Private car Nov-25 '!AV16-'Private car AUG-25 '!AV16 -> 0 | AW16: ='Private car Nov-25 '!AW16-'Private car AUG-25 '!AW16 -> 0 | AY16: ='Private car Nov-25 '!AY16-'Private car AUG-25 '!AY16 -> 0 | AZ16: ='Private car Nov-25 '!AZ16-'Private car AUG-25 '!AZ16 -> 0 | BB16: ='Private car Nov-25 '!BB16-'Private car AUG-25 '!BB16 -> 0 | BC16: ='Private car Nov-25 '!BC16-'Private car AUG-25 '!BC16 -> 0 | BE16: ='Private car Nov-25 '!BE16-'Private car AUG-25 '!BE16 -> 0 | BF16: ='Private car Nov-25 '!BF16-'Private car AUG-25 '!BF16 -> 0 | BH16: ='Private car Nov-25 '!BH16-'Private car AUG-25 '!BH16 -> 0 | BI16: ='Private car Nov-25 '!BI16-'Private car AUG-25 '!BI16 -> 0 | BK16: ='Private car Nov-25 '!BK16-'Private car AUG-25 '!BK16 -> 0 | BL16: ='Private car Nov-25 '!BL16-'Private car AUG-25 '!BL16 -> 0 | BM16: ='Private car Nov-25 '!BM16-'Private car AUG-25 '!BM16 -> 0 | BN16: ='Private car Nov-25 '!BN16-'Private car AUG-25 '!BN16 -> 0
D17: 1000 TO 1500 CC[D] | F17: ='Private car Nov-25 '!F17-'Private car AUG-25 '!F17 -> 0 | G17: ='Private car Nov-25 '!G17-'Private car AUG-25 '!G17 -> 0 | I17: ='Private car Nov-25 '!I17-'Private car AUG-25 '!I17 -> 0 | J17: ='Private car Nov-25 '!J17-'Private car AUG-25 '!J17 -> 0 | L17: ='Private car Nov-25 '!L17-'Private car AUG-25 '!L17 -> 0 | M17: ='Private car Nov-25 '!M17-'Private car AUG-25 '!M17 -> 0 | O17: ='Private car Nov-25 '!O17-'Private car AUG-25 '!O17 -> 0 | P17: ='Private car Nov-25 '!P17-'Private car AUG-25 '!P17 -> 0 | R17: ='Private car Nov-25 '!R17-'Private car AUG-25 '!R17 -> 0 | S17: ='Private car Nov-25 '!S17-'Private car AUG-25 '!S17 -> 0 | U17: ='Private car Nov-25 '!U17-'Private car AUG-25 '!U17 -> 0 | V17: ='Private car Nov-25 '!V17-'Private car AUG-25 '!V17 -> 0 | X17: ='Private car Nov-25 '!X17-'Private car AUG-25 '!X17 -> 0 | Y17: ='Private car Nov-25 '!Y17-'Private car AUG-25 '!Y17 -> 0 | AA17: ='Private car Nov-25 '!AA17-'Private car AUG-25 '!AA17 -> 0 | AB17: ='Private car Nov-25 '!AB17-'Private car AUG-25 '!AB17 -> 0 | AD17: ='Private car Nov-25 '!AD17-'Private car AUG-25 '!AD17 -> 0 | AE17: ='Private car Nov-25 '!AE17-'Private car AUG-25 '!AE17 -> 0 | AG17: ='Private car Nov-25 '!AG17-'Private car AUG-25 '!AG17 -> 0 | AH17: ='Private car Nov-25 '!AH17-'Private car AUG-25 '!AH17 -> 0 | AJ17: ='Private car Nov-25 '!AJ17-'Private car AUG-25 '!AJ17 -> 0 | AK17: ='Private car Nov-25 '!AK17-'Private car AUG-25 '!AK17 -> 0 | AM17: ='Private car Nov-25 '!AM17-'Private car AUG-25 '!AM17 -> 0 | AN17: ='Private car Nov-25 '!AN17-'Private car AUG-25 '!AN17 -> 0 | AP17: ='Private car Nov-25 '!AP17-'Private car AUG-25 '!AP17 -> 0 | AQ17: ='Private car Nov-25 '!AQ17-'Private car AUG-25 '!AQ17 -> 0 | AS17: ='Private car Nov-25 '!AS17-'Private car AUG-25 '!AS17 -> 0 | AT17: ='Private car Nov-25 '!AT17-'Private car AUG-25 '!AT17 -> 0 | AV17: ='Private car Nov-25 '!AV17-'Private car AUG-25 '!AV17 -> 0 | AW17: ='Private car Nov-25 '!AW17-'Private car AUG-25 '!AW17 -> 0 | AY17: ='Private car Nov-25 '!AY17-'Private car AUG-25 '!AY17 -> 0 | AZ17: ='Private car Nov-25 '!AZ17-'Private car AUG-25 '!AZ17 -> 0 | BB17: ='Private car Nov-25 '!BB17-'Private car AUG-25 '!BB17 -> 0 | BC17: ='Private car Nov-25 '!BC17-'Private car AUG-25 '!BC17 -> 0 | BE17: ='Private car Nov-25 '!BE17-'Private car AUG-25 '!BE17 -> 0 | BF17: ='Private car Nov-25 '!BF17-'Private car AUG-25 '!BF17 -> 0 | BH17: ='Private car Nov-25 '!BH17-'Private car AUG-25 '!BH17 -> 0 | BI17: ='Private car Nov-25 '!BI17-'Private car AUG-25 '!BI17 -> 0 | BK17: ='Private car Nov-25 '!BK17-'Private car AUG-25 '!BK17 -> 0 | BL17: ='Private car Nov-25 '!BL17-'Private car AUG-25 '!BL17 -> 0 | BM17: ='Private car Nov-25 '!BM17-'Private car AUG-25 '!BM17 -> 0 | BN17: ='Private car Nov-25 '!BN17-'Private car AUG-25 '!BN17 -> 0
D18: ABOVE 1500 CC[D] | F18: ='Private car Nov-25 '!F18-'Private car AUG-25 '!F18 -> 0 | G18: ='Private car Nov-25 '!G18-'Private car AUG-25 '!G18 -> 0 | I18: ='Private car Nov-25 '!I18-'Private car AUG-25 '!I18 -> 0 | J18: ='Private car Nov-25 '!J18-'Private car AUG-25 '!J18 -> 0 | L18: ='Private car Nov-25 '!L18-'Private car AUG-25 '!L18 -> 0 | M18: ='Private car Nov-25 '!M18-'Private car AUG-25 '!M18 -> 0 | O18: ='Private car Nov-25 '!O18-'Private car AUG-25 '!O18 -> 0 | P18: ='Private car Nov-25 '!P18-'Private car AUG-25 '!P18 -> 0 | R18: ='Private car Nov-25 '!R18-'Private car AUG-25 '!R18 -> 0 | S18: ='Private car Nov-25 '!S18-'Private car AUG-25 '!S18 -> 0 | U18: ='Private car Nov-25 '!U18-'Private car AUG-25 '!U18 -> 0 | V18: ='Private car Nov-25 '!V18-'Private car AUG-25 '!V18 -> 0 | X18: ='Private car Nov-25 '!X18-'Private car AUG-25 '!X18 -> 0 | Y18: ='Private car Nov-25 '!Y18-'Private car AUG-25 '!Y18 -> 0 | AA18: ='Private car Nov-25 '!AA18-'Private car AUG-25 '!AA18 -> 0 | AB18: ='Private car Nov-25 '!AB18-'Private car AUG-25 '!AB18 -> 0 | AD18: ='Private car Nov-25 '!AD18-'Private car AUG-25 '!AD18 -> 0 | AE18: ='Private car Nov-25 '!AE18-'Private car AUG-25 '!AE18 -> 0 | AG18: ='Private car Nov-25 '!AG18-'Private car AUG-25 '!AG18 -> 0 | AH18: ='Private car Nov-25 '!AH18-'Private car AUG-25 '!AH18 -> 0 | AJ18: ='Private car Nov-25 '!AJ18-'Private car AUG-25 '!AJ18 -> 0 | AK18: ='Private car Nov-25 '!AK18-'Private car AUG-25 '!AK18 -> 0 | AM18: ='Private car Nov-25 '!AM18-'Private car AUG-25 '!AM18 -> 0 | AN18: ='Private car Nov-25 '!AN18-'Private car AUG-25 '!AN18 -> 0 | AP18: ='Private car Nov-25 '!AP18-'Private car AUG-25 '!AP18 -> 0 | AQ18: ='Private car Nov-25 '!AQ18-'Private car AUG-25 '!AQ18 -> 0 | AS18: ='Private car Nov-25 '!AS18-'Private car AUG-25 '!AS18 -> 0 | AT18: ='Private car Nov-25 '!AT18-'Private car AUG-25 '!AT18 -> 0 | AV18: ='Private car Nov-25 '!AV18-'Private car AUG-25 '!AV18 -> 0 | AW18: ='Private car Nov-25 '!AW18-'Private car AUG-25 '!AW18 -> 0 | AY18: ='Private car Nov-25 '!AY18-'Private car AUG-25 '!AY18 -> 0 | AZ18: ='Private car Nov-25 '!AZ18-'Private car AUG-25 '!AZ18 -> 0 | BB18: ='Private car Nov-25 '!BB18-'Private car AUG-25 '!BB18 -> 0 | BC18: ='Private car Nov-25 '!BC18-'Private car AUG-25 '!BC18 -> 0 | BE18: ='Private car Nov-25 '!BE18-'Private car AUG-25 '!BE18 -> 0 | BF18: ='Private car Nov-25 '!BF18-'Private car AUG-25 '!BF18 -> 0 | BH18: ='Private car Nov-25 '!BH18-'Private car AUG-25 '!BH18 -> 0 | BI18: ='Private car Nov-25 '!BI18-'Private car AUG-25 '!BI18 -> 0 | BK18: ='Private car Nov-25 '!BK18-'Private car AUG-25 '!BK18 -> 0 | BL18: ='Private car Nov-25 '!BL18-'Private car AUG-25 '!BL18 -> 0 | BM18: ='Private car Nov-25 '!BM18-'Private car AUG-25 '!BM18 -> 0 | BN18: ='Private car Nov-25 '!BN18-'Private car AUG-25 '!BN18 -> 0
C21: PC [PACK] | D21: UPTO 1000 CC[ NCB GT 25%] | F21: ='Private car Nov-25 '!F21-'Private car AUG-25 '!F21 -> 0 | G21: ='Private car Nov-25 '!G21-'Private car AUG-25 '!G21 -> -0.025 | I21: ='Private car Nov-25 '!I21-'Private car AUG-25 '!I21 -> 0 | J21: ='Private car Nov-25 '!J21-'Private car AUG-25 '!J21 -> -0.025 | L21: ='Private car Nov-25 '!L21-'Private car AUG-25 '!L21 -> 0 | M21: ='Private car Nov-25 '!M21-'Private car AUG-25 '!M21 -> -0.025 | O21: ='Private car Nov-25 '!O21-'Private car AUG-25 '!O21 -> 0 | P21: ='Private car Nov-25 '!P21-'Private car AUG-25 '!P21 -> -0.025 | R21: ='Private car Nov-25 '!R21-'Private car AUG-25 '!R21 -> 0 | S21: ='Private car Nov-25 '!S21-'Private car AUG-25 '!S21 -> -0.025 | U21: ='Private car Nov-25 '!U21-'Private car AUG-25 '!U21 -> 0 | V21: ='Private car Nov-25 '!V21-'Private car AUG-25 '!V21 -> 0 | X21: ='Private car Nov-25 '!X21-'Private car AUG-25 '!X21 -> 0 | Y21: ='Private car Nov-25 '!Y21-'Private car AUG-25 '!Y21 -> -0.025 | AA21: ='Private car Nov-25 '!AA21-'Private car AUG-25 '!AA21 -> 0 | AB21: ='Private car Nov-25 '!AB21-'Private car AUG-25 '!AB21 -> -0.025 | AD21: ='Private car Nov-25 '!AD21-'Private car AUG-25 '!AD21 -> 0 | AE21: ='Private car Nov-25 '!AE21-'Private car AUG-25 '!AE21 -> -0.025 | AG21: ='Private car Nov-25 '!AG21-'Private car AUG-25 '!AG21 -> 0 | AH21: ='Private car Nov-25 '!AH21-'Private car AUG-25 '!AH21 -> 0 | AJ21: ='Private car Nov-25 '!AJ21-'Private car AUG-25 '!AJ21 -> 0 | AK21: ='Private car Nov-25 '!AK21-'Private car AUG-25 '!AK21 -> -0.025 | AM21: ='Private car Nov-25 '!AM21-'Private car AUG-25 '!AM21 -> 0 | AN21: ='Private car Nov-25 '!AN21-'Private car AUG-25 '!AN21 -> -0.025 | AP21: ='Private car Nov-25 '!AP21-'Private car AUG-25 '!AP21 -> 0 | AQ21: ='Private car Nov-25 '!AQ21-'Private car AUG-25 '!AQ21 -> 0 | AS21: ='Private car Nov-25 '!AS21-'Private car AUG-25 '!AS21 -> 0 | AT21: ='Private car Nov-25 '!AT21-'Private car AUG-25 '!AT21 -> -0.025 | AV21: ='Private car Nov-25 '!AV21-'Private car AUG-25 '!AV21 -> 0 | AW21: ='Private car Nov-25 '!AW21-'Private car AUG-25 '!AW21 -> 0 | AY21: ='Private car Nov-25 '!AY21-'Private car AUG-25 '!AY21 -> 0 | AZ21: ='Private car Nov-25 '!AZ21-'Private car AUG-25 '!AZ21 -> -0.025 | BB21: ='Private car Nov-25 '!BB21-'Private car AUG-25 '!BB21 -> 0 | BC21: ='Private car Nov-25 '!BC21-'Private car AUG-25 '!BC21 -> -0.025 | BE21: ='Private car Nov-25 '!BE21-'Private car AUG-25 '!BE21 -> 0 | BF21: ='Private car Nov-25 '!BF21-'Private car AUG-25 '!BF21 -> -0.025 | BH21: ='Private car Nov-25 '!BH21-'Private car AUG-25 '!BH21 -> 0 | BI21: ='Private car Nov-25 '!BI21-'Private car AUG-25 '!BI21 -> -0.025 | BK21: ='Private car Nov-25 '!BK21-'Private car AUG-25 '!BK21 -> 0 | BL21: ='Private car Nov-25 '!BL21-'Private car AUG-25 '!BL21 -> 0 | BM21: ='Private car Nov-25 '!BM21-'Private car AUG-25 '!BM21 -> 0 | BN21: ='Private car Nov-25 '!BN21-'Private car AUG-25 '!BN21 -> 0
D22: 1000 TO 1500 CC[ NCB GT 25%] | F22: ='Private car Nov-25 '!F22-'Private car AUG-25 '!F22 -> 0 | G22: ='Private car Nov-25 '!G22-'Private car AUG-25 '!G22 -> -0.025 | I22: ='Private car Nov-25 '!I22-'Private car AUG-25 '!I22 -> 0 | J22: ='Private car Nov-25 '!J22-'Private car AUG-25 '!J22 -> -0.025 | L22: ='Private car Nov-25 '!L22-'Private car AUG-25 '!L22 -> 0 | M22: ='Private car Nov-25 '!M22-'Private car AUG-25 '!M22 -> -0.025 | O22: ='Private car Nov-25 '!O22-'Private car AUG-25 '!O22 -> 0 | P22: ='Private car Nov-25 '!P22-'Private car AUG-25 '!P22 -> -0.025 | R22: ='Private car Nov-25 '!R22-'Private car AUG-25 '!R22 -> 0 | S22: ='Private car Nov-25 '!S22-'Private car AUG-25 '!S22 -> -0.025 | U22: ='Private car Nov-25 '!U22-'Private car AUG-25 '!U22 -> 0 | V22: ='Private car Nov-25 '!V22-'Private car AUG-25 '!V22 -> 0 | X22: ='Private car Nov-25 '!X22-'Private car AUG-25 '!X22 -> 0 | Y22: ='Private car Nov-25 '!Y22-'Private car AUG-25 '!Y22 -> -0.025 | AA22: ='Private car Nov-25 '!AA22-'Private car AUG-25 '!AA22 -> 0 | AB22: ='Private car Nov-25 '!AB22-'Private car AUG-25 '!AB22 -> -0.025 | AD22: ='Private car Nov-25 '!AD22-'Private car AUG-25 '!AD22 -> 0 | AE22: ='Private car Nov-25 '!AE22-'Private car AUG-25 '!AE22 -> -0.025 | AG22: ='Private car Nov-25 '!AG22-'Private car AUG-25 '!AG22 -> 0 | AH22: ='Private car Nov-25 '!AH22-'Private car AUG-25 '!AH22 -> 0 | AJ22: ='Private car Nov-25 '!AJ22-'Private car AUG-25 '!AJ22 -> 0 | AK22: ='Private car Nov-25 '!AK22-'Private car AUG-25 '!AK22 -> -0.025 | AM22: ='Private car Nov-25 '!AM22-'Private car AUG-25 '!AM22 -> 0 | AN22: ='Private car Nov-25 '!AN22-'Private car AUG-25 '!AN22 -> -0.025 | AP22: ='Private car Nov-25 '!AP22-'Private car AUG-25 '!AP22 -> 0 | AQ22: ='Private car Nov-25 '!AQ22-'Private car AUG-25 '!AQ22 -> 0 | AS22: ='Private car Nov-25 '!AS22-'Private car AUG-25 '!AS22 -> 0 | AT22: ='Private car Nov-25 '!AT22-'Private car AUG-25 '!AT22 -> -0.025 | AV22: ='Private car Nov-25 '!AV22-'Private car AUG-25 '!AV22 -> 0 | AW22: ='Private car Nov-25 '!AW22-'Private car AUG-25 '!AW22 -> 0 | AY22: ='Private car Nov-25 '!AY22-'Private car AUG-25 '!AY22 -> 0 | AZ22: ='Private car Nov-25 '!AZ22-'Private car AUG-25 '!AZ22 -> -0.025 | BB22: ='Private car Nov-25 '!BB22-'Private car AUG-25 '!BB22 -> 0 | BC22: ='Private car Nov-25 '!BC22-'Private car AUG-25 '!BC22 -> -0.025 | BE22: ='Private car Nov-25 '!BE22-'Private car AUG-25 '!BE22 -> 0 | BF22: ='Private car Nov-25 '!BF22-'Private car AUG-25 '!BF22 -> -0.025 | BH22: ='Private car Nov-25 '!BH22-'Private car AUG-25 '!BH22 -> 0 | BI22: ='Private car Nov-25 '!BI22-'Private car AUG-25 '!BI22 -> -0.025 | BK22: ='Private car Nov-25 '!BK22-'Private car AUG-25 '!BK22 -> 0 | BL22: ='Private car Nov-25 '!BL22-'Private car AUG-25 '!BL22 -> 0 | BM22: ='Private car Nov-25 '!BM22-'Private car AUG-25 '!BM22 -> 0 | BN22: ='Private car Nov-25 '!BN22-'Private car AUG-25 '!BN22 -> 0
D23: ABOVE 1500 CC[ NCB GT 25%] | F23: ='Private car Nov-25 '!F23-'Private car AUG-25 '!F23 -> 0 | G23: ='Private car Nov-25 '!G23-'Private car AUG-25 '!G23 -> -0.025 | I23: ='Private car Nov-25 '!I23-'Private car AUG-25 '!I23 -> 0 | J23: ='Private car Nov-25 '!J23-'Private car AUG-25 '!J23 -> -0.025 | L23: ='Private car Nov-25 '!L23-'Private car AUG-25 '!L23 -> 0 | M23: ='Private car Nov-25 '!M23-'Private car AUG-25 '!M23 -> -0.025 | O23: ='Private car Nov-25 '!O23-'Private car AUG-25 '!O23 -> 0 | P23: ='Private car Nov-25 '!P23-'Private car AUG-25 '!P23 -> -0.025 | R23: ='Private car Nov-25 '!R23-'Private car AUG-25 '!R23 -> 0 | S23: ='Private car Nov-25 '!S23-'Private car AUG-25 '!S23 -> -0.025 | U23: ='Private car Nov-25 '!U23-'Private car AUG-25 '!U23 -> 0 | V23: ='Private car Nov-25 '!V23-'Private car AUG-25 '!V23 -> 0 | X23: ='Private car Nov-25 '!X23-'Private car AUG-25 '!X23 -> 0 | Y23: ='Private car Nov-25 '!Y23-'Private car AUG-25 '!Y23 -> -0.025 | AA23: ='Private car Nov-25 '!AA23-'Private car AUG-25 '!AA23 -> 0 | AB23: ='Private car Nov-25 '!AB23-'Private car AUG-25 '!AB23 -> -0.025 | AD23: ='Private car Nov-25 '!AD23-'Private car AUG-25 '!AD23 -> 0 | AE23: ='Private car Nov-25 '!AE23-'Private car AUG-25 '!AE23 -> -0.025 | AG23: ='Private car Nov-25 '!AG23-'Private car AUG-25 '!AG23 -> 0 | AH23: ='Private car Nov-25 '!AH23-'Private car AUG-25 '!AH23 -> 0 | AJ23: ='Private car Nov-25 '!AJ23-'Private car AUG-25 '!AJ23 -> 0 | AK23: ='Private car Nov-25 '!AK23-'Private car AUG-25 '!AK23 -> -0.025 | AM23: ='Private car Nov-25 '!AM23-'Private car AUG-25 '!AM23 -> 0 | AN23: ='Private car Nov-25 '!AN23-'Private car AUG-25 '!AN23 -> -0.025 | AP23: ='Private car Nov-25 '!AP23-'Private car AUG-25 '!AP23 -> 0 | AQ23: ='Private car Nov-25 '!AQ23-'Private car AUG-25 '!AQ23 -> 0 | AS23: ='Private car Nov-25 '!AS23-'Private car AUG-25 '!AS23 -> 0 | AT23: ='Private car Nov-25 '!AT23-'Private car AUG-25 '!AT23 -> -0.025 | AV23: ='Private car Nov-25 '!AV23-'Private car AUG-25 '!AV23 -> 0 | AW23: ='Private car Nov-25 '!AW23-'Private car AUG-25 '!AW23 -> 0 | AY23: ='Private car Nov-25 '!AY23-'Private car AUG-25 '!AY23 -> 0 | AZ23: ='Private car Nov-25 '!AZ23-'Private car AUG-25 '!AZ23 -> -0.025 | BB23: ='Private car Nov-25 '!BB23-'Private car AUG-25 '!BB23 -> 0 | BC23: ='Private car Nov-25 '!BC23-'Private car AUG-25 '!BC23 -> -0.025 | BE23: ='Private car Nov-25 '!BE23-'Private car AUG-25 '!BE23 -> 0 | BF23: ='Private car Nov-25 '!BF23-'Private car AUG-25 '!BF23 -> -0.025 | BH23: ='Private car Nov-25 '!BH23-'Private car AUG-25 '!BH23 -> 0 | BI23: ='Private car Nov-25 '!BI23-'Private car AUG-25 '!BI23 -> -0.025 | BK23: ='Private car Nov-25 '!BK23-'Private car AUG-25 '!BK23 -> 0 | BL23: ='Private car Nov-25 '!BL23-'Private car AUG-25 '!BL23 -> 0 | BM23: ='Private car Nov-25 '!BM23-'Private car AUG-25 '!BM23 -> 0 | BN23: ='Private car Nov-25 '!BN23-'Private car AUG-25 '!BN23 -> 0
C26: PC [SOD] | D26: UPTO 1000 CC[P] [ NCB GT 25%] | F26: ='Private car Nov-25 '!F26-'Private car AUG-25 '!F26 -> 0 | G26: ='Private car Nov-25 '!G26-'Private car AUG-25 '!G26 -> -0.025 | I26: ='Private car Nov-25 '!I26-'Private car AUG-25 '!I26 -> 0 | J26: ='Private car Nov-25 '!J26-'Private car AUG-25 '!J26 -> -0.025 | L26: ='Private car Nov-25 '!L26-'Private car AUG-25 '!L26 -> 0 | M26: ='Private car Nov-25 '!M26-'Private car AUG-25 '!M26 -> -0.025 | O26: ='Private car Nov-25 '!O26-'Private car AUG-25 '!O26 -> 0 | P26: ='Private car Nov-25 '!P26-'Private car AUG-25 '!P26 -> -0.025 | R26: ='Private car Nov-25 '!R26-'Private car AUG-25 '!R26 -> 0 | S26: ='Private car Nov-25 '!S26-'Private car AUG-25 '!S26 -> -0.025 | U26: ='Private car Nov-25 '!U26-'Private car AUG-25 '!U26 -> 0 | V26: ='Private car Nov-25 '!V26-'Private car AUG-25 '!V26 -> 0 | X26: ='Private car Nov-25 '!X26-'Private car AUG-25 '!X26 -> 0 | Y26: ='Private car Nov-25 '!Y26-'Private car AUG-25 '!Y26 -> -0.025 | AA26: ='Private car Nov-25 '!AA26-'Private car AUG-25 '!AA26 -> 0 | AB26: ='Private car Nov-25 '!AB26-'Private car AUG-25 '!AB26 -> -0.025 | AD26: ='Private car Nov-25 '!AD26-'Private car AUG-25 '!AD26 -> 0 | AE26: ='Private car Nov-25 '!AE26-'Private car AUG-25 '!AE26 -> -0.025 | AG26: ='Private car Nov-25 '!AG26-'Private car AUG-25 '!AG26 -> 0 | AH26: ='Private car Nov-25 '!AH26-'Private car AUG-25 '!AH26 -> 0 | AJ26: ='Private car Nov-25 '!AJ26-'Private car AUG-25 '!AJ26 -> 0 | AK26: ='Private car Nov-25 '!AK26-'Private car AUG-25 '!AK26 -> -0.025 | AM26: ='Private car Nov-25 '!AM26-'Private car AUG-25 '!AM26 -> 0 | AN26: ='Private car Nov-25 '!AN26-'Private car AUG-25 '!AN26 -> -0.025 | AP26: ='Private car Nov-25 '!AP26-'Private car AUG-25 '!AP26 -> 0 | AQ26: ='Private car Nov-25 '!AQ26-'Private car AUG-25 '!AQ26 -> 0 | AS26: ='Private car Nov-25 '!AS26-'Private car AUG-25 '!AS26 -> 0 | AT26: ='Private car Nov-25 '!AT26-'Private car AUG-25 '!AT26 -> -0.025 | AV26: ='Private car Nov-25 '!AV26-'Private car AUG-25 '!AV26 -> 0 | AW26: ='Private car Nov-25 '!AW26-'Private car AUG-25 '!AW26 -> 0 | AY26: ='Private car Nov-25 '!AY26-'Private car AUG-25 '!AY26 -> 0 | AZ26: ='Private car Nov-25 '!AZ26-'Private car AUG-25 '!AZ26 -> -0.025 | BB26: ='Private car Nov-25 '!BB26-'Private car AUG-25 '!BB26 -> 0 | BC26: ='Private car Nov-25 '!BC26-'Private car AUG-25 '!BC26 -> -0.025 | BE26: ='Private car Nov-25 '!BE26-'Private car AUG-25 '!BE26 -> 0 | BF26: ='Private car Nov-25 '!BF26-'Private car AUG-25 '!BF26 -> -0.025 | BH26: ='Private car Nov-25 '!BH26-'Private car AUG-25 '!BH26 -> 0 | BI26: ='Private car Nov-25 '!BI26-'Private car AUG-25 '!BI26 -> -0.025 | BK26: ='Private car Nov-25 '!BK26-'Private car AUG-25 '!BK26 -> 0 | BL26: ='Private car Nov-25 '!BL26-'Private car AUG-25 '!BL26 -> 0 | BM26: ='Private car Nov-25 '!BM26-'Private car AUG-25 '!BM26 -> 0 | BN26: ='Private car Nov-25 '!BN26-'Private car AUG-25 '!BN26 -> 0
D27: 1000 TO 1500 CC[P] [ NCB GT 25%] | F27: ='Private car Nov-25 '!F27-'Private car AUG-25 '!F27 -> 0 | G27: ='Private car Nov-25 '!G27-'Private car AUG-25 '!G27 -> -0.025 | I27: ='Private car Nov-25 '!I27-'Private car AUG-25 '!I27 -> 0 | J27: ='Private car Nov-25 '!J27-'Private car AUG-25 '!J27 -> -0.025 | L27: ='Private car Nov-25 '!L27-'Private car AUG-25 '!L27 -> 0 | M27: ='Private car Nov-25 '!M27-'Private car AUG-25 '!M27 -> -0.025 | O27: ='Private car Nov-25 '!O27-'Private car AUG-25 '!O27 -> 0 | P27: ='Private car Nov-25 '!P27-'Private car AUG-25 '!P27 -> -0.025 | R27: ='Private car Nov-25 '!R27-'Private car AUG-25 '!R27 -> 0 | S27: ='Private car Nov-25 '!S27-'Private car AUG-25 '!S27 -> -0.025 | U27: ='Private car Nov-25 '!U27-'Private car AUG-25 '!U27 -> 0 | V27: ='Private car Nov-25 '!V27-'Private car AUG-25 '!V27 -> 0 | X27: ='Private car Nov-25 '!X27-'Private car AUG-25 '!X27 -> 0 | Y27: ='Private car Nov-25 '!Y27-'Private car AUG-25 '!Y27 -> -0.025 | AA27: ='Private car Nov-25 '!AA27-'Private car AUG-25 '!AA27 -> 0 | AB27: ='Private car Nov-25 '!AB27-'Private car AUG-25 '!AB27 -> -0.025 | AD27: ='Private car Nov-25 '!AD27-'Private car AUG-25 '!AD27 -> 0 | AE27: ='Private car Nov-25 '!AE27-'Private car AUG-25 '!AE27 -> -0.025 | AG27: ='Private car Nov-25 '!AG27-'Private car AUG-25 '!AG27 -> 0 | AH27: ='Private car Nov-25 '!AH27-'Private car AUG-25 '!AH27 -> 0 | AJ27: ='Private car Nov-25 '!AJ27-'Private car AUG-25 '!AJ27 -> 0 | AK27: ='Private car Nov-25 '!AK27-'Private car AUG-25 '!AK27 -> -0.025 | AM27: ='Private car Nov-25 '!AM27-'Private car AUG-25 '!AM27 -> 0 | AN27: ='Private car Nov-25 '!AN27-'Private car AUG-25 '!AN27 -> -0.025 | AP27: ='Private car Nov-25 '!AP27-'Private car AUG-25 '!AP27 -> 0 | AQ27: ='Private car Nov-25 '!AQ27-'Private car AUG-25 '!AQ27 -> 0 | AS27: ='Private car Nov-25 '!AS27-'Private car AUG-25 '!AS27 -> 0 | AT27: ='Private car Nov-25 '!AT27-'Private car AUG-25 '!AT27 -> -0.025 | AV27: ='Private car Nov-25 '!AV27-'Private car AUG-25 '!AV27 -> 0 | AW27: ='Private car Nov-25 '!AW27-'Private car AUG-25 '!AW27 -> 0 | AY27: ='Private car Nov-25 '!AY27-'Private car AUG-25 '!AY27 -> 0 | AZ27: ='Private car Nov-25 '!AZ27-'Private car AUG-25 '!AZ27 -> -0.025 | BB27: ='Private car Nov-25 '!BB27-'Private car AUG-25 '!BB27 -> 0 | BC27: ='Private car Nov-25 '!BC27-'Private car AUG-25 '!BC27 -> -0.025 | BE27: ='Private car Nov-25 '!BE27-'Private car AUG-25 '!BE27 -> 0 | BF27: ='Private car Nov-25 '!BF27-'Private car AUG-25 '!BF27 -> -0.025 | BH27: ='Private car Nov-25 '!BH27-'Private car AUG-25 '!BH27 -> 0 | BI27: ='Private car Nov-25 '!BI27-'Private car AUG-25 '!BI27 -> -0.025 | BK27: ='Private car Nov-25 '!BK27-'Private car AUG-25 '!BK27 -> 0 | BL27: ='Private car Nov-25 '!BL27-'Private car AUG-25 '!BL27 -> 0 | BM27: ='Private car Nov-25 '!BM27-'Private car AUG-25 '!BM27 -> 0 | BN27: ='Private car Nov-25 '!BN27-'Private car AUG-25 '!BN27 -> 0
D28: ABOVE 1500 CC[P] [ NCB GT 25%] | F28: ='Private car Nov-25 '!F28-'Private car AUG-25 '!F28 -> 0 | G28: ='Private car Nov-25 '!G28-'Private car AUG-25 '!G28 -> -0.025 | I28: ='Private car Nov-25 '!I28-'Private car AUG-25 '!I28 -> 0 | J28: ='Private car Nov-25 '!J28-'Private car AUG-25 '!J28 -> -0.025 | L28: ='Private car Nov-25 '!L28-'Private car AUG-25 '!L28 -> 0 | M28: ='Private car Nov-25 '!M28-'Private car AUG-25 '!M28 -> -0.025 | O28: ='Private car Nov-25 '!O28-'Private car AUG-25 '!O28 -> 0 | P28: ='Private car Nov-25 '!P28-'Private car AUG-25 '!P28 -> -0.025 | R28: ='Private car Nov-25 '!R28-'Private car AUG-25 '!R28 -> 0 | S28: ='Private car Nov-25 '!S28-'Private car AUG-25 '!S28 -> -0.025 | U28: ='Private car Nov-25 '!U28-'Private car AUG-25 '!U28 -> 0 | V28: ='Private car Nov-25 '!V28-'Private car AUG-25 '!V28 -> 0 | X28: ='Private car Nov-25 '!X28-'Private car AUG-25 '!X28 -> 0 | Y28: ='Private car Nov-25 '!Y28-'Private car AUG-25 '!Y28 -> -0.025 | AA28: ='Private car Nov-25 '!AA28-'Private car AUG-25 '!AA28 -> 0 | AB28: ='Private car Nov-25 '!AB28-'Private car AUG-25 '!AB28 -> -0.025 | AD28: ='Private car Nov-25 '!AD28-'Private car AUG-25 '!AD28 -> 0 | AE28: ='Private car Nov-25 '!AE28-'Private car AUG-25 '!AE28 -> -0.025 | AG28: ='Private car Nov-25 '!AG28-'Private car AUG-25 '!AG28 -> 0 | AH28: ='Private car Nov-25 '!AH28-'Private car AUG-25 '!AH28 -> 0 | AJ28: ='Private car Nov-25 '!AJ28-'Private car AUG-25 '!AJ28 -> 0 | AK28: ='Private car Nov-25 '!AK28-'Private car AUG-25 '!AK28 -> -0.025 | AM28: ='Private car Nov-25 '!AM28-'Private car AUG-25 '!AM28 -> 0 | AN28: ='Private car Nov-25 '!AN28-'Private car AUG-25 '!AN28 -> -0.025 | AP28: ='Private car Nov-25 '!AP28-'Private car AUG-25 '!AP28 -> 0 | AQ28: ='Private car Nov-25 '!AQ28-'Private car AUG-25 '!AQ28 -> 0 | AS28: ='Private car Nov-25 '!AS28-'Private car AUG-25 '!AS28 -> 0 | AT28: ='Private car Nov-25 '!AT28-'Private car AUG-25 '!AT28 -> -0.025 | AV28: ='Private car Nov-25 '!AV28-'Private car AUG-25 '!AV28 -> 0 | AW28: ='Private car Nov-25 '!AW28-'Private car AUG-25 '!AW28 -> 0 | AY28: ='Private car Nov-25 '!AY28-'Private car AUG-25 '!AY28 -> 0 | AZ28: ='Private car Nov-25 '!AZ28-'Private car AUG-25 '!AZ28 -> -0.025 | BB28: ='Private car Nov-25 '!BB28-'Private car AUG-25 '!BB28 -> 0 | BC28: ='Private car Nov-25 '!BC28-'Private car AUG-25 '!BC28 -> -0.025 | BE28: ='Private car Nov-25 '!BE28-'Private car AUG-25 '!BE28 -> 0 | BF28: ='Private car Nov-25 '!BF28-'Private car AUG-25 '!BF28 -> -0.025 | BH28: ='Private car Nov-25 '!BH28-'Private car AUG-25 '!BH28 -> 0 | BI28: ='Private car Nov-25 '!BI28-'Private car AUG-25 '!BI28 -> -0.025 | BK28: ='Private car Nov-25 '!BK28-'Private car AUG-25 '!BK28 -> 0 | BL28: ='Private car Nov-25 '!BL28-'Private car AUG-25 '!BL28 -> 0 | BM28: ='Private car Nov-25 '!BM28-'Private car AUG-25 '!BM28 -> 0 | BN28: ='Private car Nov-25 '!BN28-'Private car AUG-25 '!BN28 -> 0
D30: UPTO 1000 CC[D] [ NCB GT 25%] | F30: ='Private car Nov-25 '!F30-'Private car AUG-25 '!F30 -> 0 | G30: ='Private car Nov-25 '!G30-'Private car AUG-25 '!G30 -> -0.025 | I30: ='Private car Nov-25 '!I30-'Private car AUG-25 '!I30 -> 0 | J30: ='Private car Nov-25 '!J30-'Private car AUG-25 '!J30 -> -0.025 | L30: ='Private car Nov-25 '!L30-'Private car AUG-25 '!L30 -> 0 | M30: ='Private car Nov-25 '!M30-'Private car AUG-25 '!M30 -> -0.025 | O30: ='Private car Nov-25 '!O30-'Private car AUG-25 '!O30 -> 0 | P30: ='Private car Nov-25 '!P30-'Private car AUG-25 '!P30 -> -0.025 | R30: ='Private car Nov-25 '!R30-'Private car AUG-25 '!R30 -> 0 | S30: ='Private car Nov-25 '!S30-'Private car AUG-25 '!S30 -> -0.025 | U30: ='Private car Nov-25 '!U30-'Private car AUG-25 '!U30 -> 0 | V30: ='Private car Nov-25 '!V30-'Private car AUG-25 '!V30 -> 0 | X30: ='Private car Nov-25 '!X30-'Private car AUG-25 '!X30 -> 0 | Y30: ='Private car Nov-25 '!Y30-'Private car AUG-25 '!Y30 -> -0.025 | AA30: ='Private car Nov-25 '!AA30-'Private car AUG-25 '!AA30 -> 0 | AB30: ='Private car Nov-25 '!AB30-'Private car AUG-25 '!AB30 -> -0.025 | AD30: ='Private car Nov-25 '!AD30-'Private car AUG-25 '!AD30 -> 0 | AE30: ='Private car Nov-25 '!AE30-'Private car AUG-25 '!AE30 -> -0.025 | AG30: ='Private car Nov-25 '!AG30-'Private car AUG-25 '!AG30 -> 0 | AH30: ='Private car Nov-25 '!AH30-'Private car AUG-25 '!AH30 -> 0 | AJ30: ='Private car Nov-25 '!AJ30-'Private car AUG-25 '!AJ30 -> 0 | AK30: ='Private car Nov-25 '!AK30-'Private car AUG-25 '!AK30 -> -0.025 | AM30: ='Private car Nov-25 '!AM30-'Private car AUG-25 '!AM30 -> 0 | AN30: ='Private car Nov-25 '!AN30-'Private car AUG-25 '!AN30 -> -0.025 | AP30: ='Private car Nov-25 '!AP30-'Private car AUG-25 '!AP30 -> 0 | AQ30: ='Private car Nov-25 '!AQ30-'Private car AUG-25 '!AQ30 -> 0 | AS30: ='Private car Nov-25 '!AS30-'Private car AUG-25 '!AS30 -> 0 | AT30: ='Private car Nov-25 '!AT30-'Private car AUG-25 '!AT30 -> -0.025 | AV30: ='Private car Nov-25 '!AV30-'Private car AUG-25 '!AV30 -> 0 | AW30: ='Private car Nov-25 '!AW30-'Private car AUG-25 '!AW30 -> 0 | AY30: ='Private car Nov-25 '!AY30-'Private car AUG-25 '!AY30 -> 0 | AZ30: ='Private car Nov-25 '!AZ30-'Private car AUG-25 '!AZ30 -> -0.025 | BB30: ='Private car Nov-25 '!BB30-'Private car AUG-25 '!BB30 -> 0 | BC30: ='Private car Nov-25 '!BC30-'Private car AUG-25 '!BC30 -> -0.025 | BE30: ='Private car Nov-25 '!BE30-'Private car AUG-25 '!BE30 -> 0 | BF30: ='Private car Nov-25 '!BF30-'Private car AUG-25 '!BF30 -> -0.025 | BH30: ='Private car Nov-25 '!BH30-'Private car AUG-25 '!BH30 -> 0 | BI30: ='Private car Nov-25 '!BI30-'Private car AUG-25 '!BI30 -> -0.025 | BK30: ='Private car Nov-25 '!BK30-'Private car AUG-25 '!BK30 -> 0 | BL30: ='Private car Nov-25 '!BL30-'Private car AUG-25 '!BL30 -> 0 | BM30: ='Private car Nov-25 '!BM30-'Private car AUG-25 '!BM30 -> 0 | BN30: ='Private car Nov-25 '!BN30-'Private car AUG-25 '!BN30 -> 0
D31: 1000 TO 1500 CC[D] [ NCB GT 25%] | F31: ='Private car Nov-25 '!F31-'Private car AUG-25 '!F31 -> 0 | G31: ='Private car Nov-25 '!G31-'Private car AUG-25 '!G31 -> -0.025 | I31: ='Private car Nov-25 '!I31-'Private car AUG-25 '!I31 -> 0 | J31: ='Private car Nov-25 '!J31-'Private car AUG-25 '!J31 -> -0.025 | L31: ='Private car Nov-25 '!L31-'Private car AUG-25 '!L31 -> 0 | M31: ='Private car Nov-25 '!M31-'Private car AUG-25 '!M31 -> -0.025 | O31: ='Private car Nov-25 '!O31-'Private car AUG-25 '!O31 -> 0 | P31: ='Private car Nov-25 '!P31-'Private car AUG-25 '!P31 -> -0.025 | R31: ='Private car Nov-25 '!R31-'Private car AUG-25 '!R31 -> 0 | S31: ='Private car Nov-25 '!S31-'Private car AUG-25 '!S31 -> -0.025 | U31: ='Private car Nov-25 '!U31-'Private car AUG-25 '!U31 -> 0 | V31: ='Private car Nov-25 '!V31-'Private car AUG-25 '!V31 -> 0 | X31: ='Private car Nov-25 '!X31-'Private car AUG-25 '!X31 -> 0 | Y31: ='Private car Nov-25 '!Y31-'Private car AUG-25 '!Y31 -> -0.025 | AA31: ='Private car Nov-25 '!AA31-'Private car AUG-25 '!AA31 -> 0 | AB31: ='Private car Nov-25 '!AB31-'Private car AUG-25 '!AB31 -> -0.025 | AD31: ='Private car Nov-25 '!AD31-'Private car AUG-25 '!AD31 -> 0 | AE31: ='Private car Nov-25 '!AE31-'Private car AUG-25 '!AE31 -> -0.025 | AG31: ='Private car Nov-25 '!AG31-'Private car AUG-25 '!AG31 -> 0 | AH31: ='Private car Nov-25 '!AH31-'Private car AUG-25 '!AH31 -> 0 | AJ31: ='Private car Nov-25 '!AJ31-'Private car AUG-25 '!AJ31 -> 0 | AK31: ='Private car Nov-25 '!AK31-'Private car AUG-25 '!AK31 -> -0.025 | AM31: ='Private car Nov-25 '!AM31-'Private car AUG-25 '!AM31 -> 0 | AN31: ='Private car Nov-25 '!AN31-'Private car AUG-25 '!AN31 -> -0.025 | AP31: ='Private car Nov-25 '!AP31-'Private car AUG-25 '!AP31 -> 0 | AQ31: ='Private car Nov-25 '!AQ31-'Private car AUG-25 '!AQ31 -> 0 | AS31: ='Private car Nov-25 '!AS31-'Private car AUG-25 '!AS31 -> 0 | AT31: ='Private car Nov-25 '!AT31-'Private car AUG-25 '!AT31 -> -0.025 | AV31: ='Private car Nov-25 '!AV31-'Private car AUG-25 '!AV31 -> 0 | AW31: ='Private car Nov-25 '!AW31-'Private car AUG-25 '!AW31 -> 0 | AY31: ='Private car Nov-25 '!AY31-'Private car AUG-25 '!AY31 -> 0 | AZ31: ='Private car Nov-25 '!AZ31-'Private car AUG-25 '!AZ31 -> -0.025 | BB31: ='Private car Nov-25 '!BB31-'Private car AUG-25 '!BB31 -> 0 | BC31: ='Private car Nov-25 '!BC31-'Private car AUG-25 '!BC31 -> -0.025 | BE31: ='Private car Nov-25 '!BE31-'Private car AUG-25 '!BE31 -> 0 | BF31: ='Private car Nov-25 '!BF31-'Private car AUG-25 '!BF31 -> -0.025 | BH31: ='Private car Nov-25 '!BH31-'Private car AUG-25 '!BH31 -> 0 | BI31: ='Private car Nov-25 '!BI31-'Private car AUG-25 '!BI31 -> -0.025 | BK31: ='Private car Nov-25 '!BK31-'Private car AUG-25 '!BK31 -> 0 | BL31: ='Private car Nov-25 '!BL31-'Private car AUG-25 '!BL31 -> 0 | BM31: ='Private car Nov-25 '!BM31-'Private car AUG-25 '!BM31 -> 0 | BN31: ='Private car Nov-25 '!BN31-'Private car AUG-25 '!BN31 -> 0
D32: ABOVE 1500 CC[D] [ NCB GT 25%] | F32: ='Private car Nov-25 '!F32-'Private car AUG-25 '!F32 -> 0 | G32: ='Private car Nov-25 '!G32-'Private car AUG-25 '!G32 -> -0.025 | I32: ='Private car Nov-25 '!I32-'Private car AUG-25 '!I32 -> 0 | J32: ='Private car Nov-25 '!J32-'Private car AUG-25 '!J32 -> -0.025 | L32: ='Private car Nov-25 '!L32-'Private car AUG-25 '!L32 -> 0 | M32: ='Private car Nov-25 '!M32-'Private car AUG-25 '!M32 -> -0.025 | O32: ='Private car Nov-25 '!O32-'Private car AUG-25 '!O32 -> 0 | P32: ='Private car Nov-25 '!P32-'Private car AUG-25 '!P32 -> -0.025 | R32: ='Private car Nov-25 '!R32-'Private car AUG-25 '!R32 -> 0 | S32: ='Private car Nov-25 '!S32-'Private car AUG-25 '!S32 -> -0.025 | U32: ='Private car Nov-25 '!U32-'Private car AUG-25 '!U32 -> 0 | V32: ='Private car Nov-25 '!V32-'Private car AUG-25 '!V32 -> 0 | X32: ='Private car Nov-25 '!X32-'Private car AUG-25 '!X32 -> 0 | Y32: ='Private car Nov-25 '!Y32-'Private car AUG-25 '!Y32 -> -0.025 | AA32: ='Private car Nov-25 '!AA32-'Private car AUG-25 '!AA32 -> 0 | AB32: ='Private car Nov-25 '!AB32-'Private car AUG-25 '!AB32 -> -0.025 | AD32: ='Private car Nov-25 '!AD32-'Private car AUG-25 '!AD32 -> 0 | AE32: ='Private car Nov-25 '!AE32-'Private car AUG-25 '!AE32 -> -0.025 | AG32: ='Private car Nov-25 '!AG32-'Private car AUG-25 '!AG32 -> 0 | AH32: ='Private car Nov-25 '!AH32-'Private car AUG-25 '!AH32 -> 0 | AJ32: ='Private car Nov-25 '!AJ32-'Private car AUG-25 '!AJ32 -> 0 | AK32: ='Private car Nov-25 '!AK32-'Private car AUG-25 '!AK32 -> -0.025 | AM32: ='Private car Nov-25 '!AM32-'Private car AUG-25 '!AM32 -> 0 | AN32: ='Private car Nov-25 '!AN32-'Private car AUG-25 '!AN32 -> -0.025 | AP32: ='Private car Nov-25 '!AP32-'Private car AUG-25 '!AP32 -> 0 | AQ32: ='Private car Nov-25 '!AQ32-'Private car AUG-25 '!AQ32 -> 0 | AS32: ='Private car Nov-25 '!AS32-'Private car AUG-25 '!AS32 -> 0 | AT32: ='Private car Nov-25 '!AT32-'Private car AUG-25 '!AT32 -> -0.025 | AV32: ='Private car Nov-25 '!AV32-'Private car AUG-25 '!AV32 -> 0 | AW32: ='Private car Nov-25 '!AW32-'Private car AUG-25 '!AW32 -> 0 | AY32: ='Private car Nov-25 '!AY32-'Private car AUG-25 '!AY32 -> 0 | AZ32: ='Private car Nov-25 '!AZ32-'Private car AUG-25 '!AZ32 -> -0.025 | BB32: ='Private car Nov-25 '!BB32-'Private car AUG-25 '!BB32 -> 0 | BC32: ='Private car Nov-25 '!BC32-'Private car AUG-25 '!BC32 -> -0.025 | BE32: ='Private car Nov-25 '!BE32-'Private car AUG-25 '!BE32 -> 0 | BF32: ='Private car Nov-25 '!BF32-'Private car AUG-25 '!BF32 -> -0.025 | BH32: ='Private car Nov-25 '!BH32-'Private car AUG-25 '!BH32 -> 0 | BI32: ='Private car Nov-25 '!BI32-'Private car AUG-25 '!BI32 -> -0.025 | BK32: ='Private car Nov-25 '!BK32-'Private car AUG-25 '!BK32 -> 0 | BL32: ='Private car Nov-25 '!BL32-'Private car AUG-25 '!BL32 -> 0 | BM32: ='Private car Nov-25 '!BM32-'Private car AUG-25 '!BM32 -> 0 | BN32: ='Private car Nov-25 '!BN32-'Private car AUG-25 '!BN32 -> 0

Sheet  CV Nov-25
B2: Commercial Vehicles Grid for the month of Nov25
C3: PROD | D3: SUBCLASS | E3: MAKE | F3: MODEL | G3: AP/TS | J3: TN | M3: KA | P3: ROM | S3: Mumbai/GA | U3: GJ | X3: BH | AA3: JH | AC3: OD | AF3: WB | AI3: CG | AL3: AS/ML/TR/ AR/NL | AO3: DL | AR3: PB | AU3: HP | AX3: JK | BA3: UP- East | BD3: UP | BG3: UK | BJ3: AN | BL3: RJ | BN3: MP
G5: ACT | H5: PACK | J5: ACT | K5: PACK | M5: ACT | N5: PACK | P5: ACT | Q5: PACK | S5: ACT | T5: PACK | U5: ACT | V5: PACK | X5: ACT | Y5: PACK | AA5: ACT | AB5: PACK | AC5: ACT | AD5: PACK | AF5: ACT | AG5: PACK | AI5: ACT | AJ5: PACK | AL5: ACT | AM5: PACK | AO5: ACT | AP5: PACK | AR5: ACT | AS5: PACK | AU5: ACT | AV5: PACK | AX5: ACT | AY5: PACK | BA5: ACT | BB5: PACK | BD5: ACT | BE5: PACK | BG5: ACT | BH5: PACK | BJ5: ACT | BK5: PACK | BL5: ACT | BM5: PACK | BN5: ACT | BO5: PACK
C6: GCCV | D6: 1_GCCV_3W | G6: 0.325 | H6: 0.375 | K6: 0.275 | N6: 0.075 | P6: 0.325 | Q6: 0.47 | S6: 0.325 | T6: 0.47 | U6: 0.45 | V6: 0.5 | X6: 0.375 | Y6: 0.37 | AA6: 0.375 | AB6: 0.37 | AC6: 0.075 | AD6: 0.125 | AF6: 0.325 | AG6: 0.325 | AI6: 0.225 | AJ6: 0.225 | AL6: 0.1 | AM6: 0.15 | AP6: 0.45 | AR6: 0.2 | AS6: 0.3 | AV6: 0.2 | AY6: 0.2 | BB6: 0.2 | BE6: 0.2 | BH6: 0.2 | BJ6: 0.325 | BK6: 0.325 | BL6: 0 | BM6: 0.3 | BN6: 0 | BO6: 0.3
D7: 1_GCCV_3W[Electric] | G7: 0.325 | H7: 0.375 | K7: 0.275 | N7: 0.075 | P7: 0.325 | Q7: 0.45 | S7: 0.325 | T7: 0.45 | U7: 0.45 | V7: 0.5 | X7: 0.375 | Y7: 0.35 | AA7: 0.375 | AB7: 0.35 | AC7: 0.075 | AD7: 0.125 | AF7: 0.325 | AG7: 0.325 | AI7: 0.225 | AJ7: 0.225 | AL7: 0.1 | AM7: 0.15 | AP7: 0.45 | AR7: 0.2 | AS7: 0.3 | AV7: 0.2 | AY7: 0.2 | BB7: 0.2 | BE7: 0.2 | BH7: 0.2 | BJ7: 0.325 | BK7: 0.325 | BL7: 0 | BM7: 0.3 | BN7: 0 | BO7: 0.3
D8: 2_UPTO_3.5T | E8: TATA/ Maruti/ Mahindra | F8: Ace, Super Ace, Yodha, Xenon, Magic, Intra, Super Carry, Mahindra Jeeto,Tractor ,Supro | G8: 0.425 | H8: 0.475 | J8: 0.35 | K8: 0.45 | M8: 0.35 | N8: 0.45 | P8: 0.45 | Q8: 0.46 | S8: 0.45 | T8: 0.46 | U8: 0.45 | V8: 0.5 | X8: 0.45 | Y8: 0.45 | AA8: 0.45 | AB8: 0.45 | AC8: 0.45 | AD8: 0.45 | AF8: 0.45 | AG8: 0.45 | AI8: 0.325 | AJ8: 0.4 | AL8: 0.375 | AM8: 0.45 | AO8: 0.325 | AP8: 0.5 | AR8: 0.35 | AS8: 0.45 | AU8: 0.35 | AV8: 0.45 | AX8: 0.35 | AY8: 0.45 | BA8: 0.35 | BB8: 0.45 | BD8: 0.35 | BE8: 0.4 | BG8: 0.35 | BH8: 0.45 | BJ8: 0.475 | BK8: 0.475 | BL8: 0 | BM8: 0.3 | BN8: 0 | BO8: 0.15
E9: All Other Make/Models | G9: 0.2 | H9: 0.3 | K9: 0.25 | N9: 0.25 | P9: 0.35 | Q9: 0.55 | S9: 0.35 | T9: 0.55 | U9: 0.45 | V9: 0.58 | X9: 0.275 | Y9: 0.35 | AA9: 0.275 | AB9: 0.35 | AC9: 0.25 | AD9: 0.35 | AG9: 0.225 | AM9: 0.3 | AP9: 0.35 | AR9: 0.25 | AS9: 0.25 | AV9: 0.275 | AY9: 0.3 | BH9: 0.3 | BJ9: 0.475 | BK9: 0.475 | BL9: 0 | BM9: 0.1 | BN9: 0 | BO9: 0.1
D10: 2_UPTO_3.5T[Electric] | G10: 0.2 | H10: 0.3 | K10: 0.25 | N10: 0.25 | P10: 0.35 | Q10: 0.45 | S10: 0.35 | T10: 0.45 | U10: 0.425 | V10: 0.45 | X10: 0.275 | Y10: 0.35 | AA10: 0.275 | AB10: 0.35 | AC10: 0.25 | AD10: 0.325 | AG10: 0.225 | AM10: 0.15 | AP10: 0.375 | AR10: 0.25 | AS10: 0.25 | AV10: 0.275 | AY10: 0.3 | BH10: 0.3 | BJ10: 0.25 | BK10: 0.25 | BL10: 0 | BM10: 0 | BN10: 0 | BO10: 0
A11: 30 | D11: 3_3.5T_TO_7.5T | G11: 0.1 | H11: 0.175 | N11: 0.125 | P11: 0.1 | Q11: 0.2 | S11: 0.1 | T11: 0.2 | U11: 0.125 | V11: 0.125 | X11: 0.1 | Y11: 0.15 | AA11: 0.1 | AB11: 0.15 | AC11: 0.275 | AD11: 0.3 | AG11: 0.1 | AL11: 0.175 | AM11: 0.175 | AP11: 0.06 | AS11: 0.15 | AV11: 0.125 | AY11: 0.15 | BH11: 0.15 | BJ11: 0.25 | BK11: 0.25 | BL11: 0 | BM11: 0 | BN11: 0 | BO11: 0
D12: 4_7.5T_TO_12T | G12: 0.1 | H12: 0.225 | K12: 0.1 | N12: 0.125 | P12: 0.1 | Q12: 0.2 | S12: 0.1 | T12: 0.2 | U12: 0.075 | V12: 0.2 | X12: 0.1 | Y12: 0.175 | AA12: 0.1 | AB12: 0.175 | AD12: 0.225 | AF12: 0.1 | AG12: 0.175 | AM12: 0.2 | BB12: 0.15 | BH12: 0.15 | BJ12: 0.25 | BK12: 0.25 | BL12: 0 | BM12: 0 | BN12: 0 | BO12: 0
D13: 5_12T_TO_16T | H13: 0.225 | K13: 0.08 | N13: 0.275 | P13: 0.1 | Q13: 0.2 | S13: 0.1 | T13: 0.2 | U13: 0.075 | V13: 0.2 | X13: 0.1 | Y13: 0.175 | AA13: 0.1 | AB13: 0.175 | AC13: 0.175 | AD13: 0.225 | AG13: 0.22 | AM13: 0.2 | BB13: 0.15 | BH13: 0.15 | BJ13: 0.25 | BK13: 0.25 | BL13: 0 | BM13: 0 | BN13: 0 | BO13: 0
D14: 6_16T_TO_20T | H14: 0.175 | K14: 0.1 | N14: 0.275 | P14: 0.125 | Q14: 0.175 | S14: 0.125 | T14: 0.2 | U14: 0.075 | V14: 0.2 | Y14: 0.125 | AB14: 0.125 | AC14: 0.175 | AD14: 0.15 | AG14: 0.22 | AM14: 0.2 | BB14: 0.15 | BH14: 0.15 | BJ14: 0.25 | BK14: 0.25 | BL14: 0 | BM14: 0 | BN14: 0 | BO14: 0
D15: 7_20T_TO_40T | G15: 0.2 | H15: 0.3 | N15: 0.225 | P15: 0.15 | Q15: 0.35 | S15: 0.15 | T15: 0.35 | U15: 0.075 | V15: 0.325 | X15: 0.175 | Y15: 0.275 | AA15: 0.175 | AB15: 0.38 | AC15: 0.175 | AD15: 0.275 | AF15: 0.2 | AG15: 0.25 | AL15: 0.15 | AM15: 0.3 | AS15: 0.25 | AV15: 0.25 | AY15: 0.15 | BB15: 0.135 | BH15: 0.135 | BJ15: 0.25 | BK15: 0.25 | BL15: 0 | BM15: 0 | BN15: 0 | BO15: 0
D16: 8_40T_TO_43T | G16: 0.2 | H16: 0.25 | J16: 0 | K16: 0 | L16: 0 | M16: 0 | N16: 0 | P16: 0.15 | Q16: 0.32 | S16: 0.15 | T16: 0.32 | U16: 0.075 | V16: 0.1 | X16: 0.175 | Y16: 0.275 | AA16: 0.175 | AB16: 0.275 | AC16: 0.175 | AD16: 0.275 | AF16: 0.2 | AG16: 0.22 | AL16: 0.15 | AM16: 0.25 | AS16: 0.25 | AV16: 0.25 | AY16: 0.15 | BJ16: 0.23 | BK16: 0.23 | BL16: 0 | BM16: 0 | BN16: 0 | BO16: 0
D17: 9_43T_TO_47.5T | G17: 0 | H17: 0.2 | J17: 0 | K17: 0 | L17: 0 | M17: 0 | N17: 0 | P17: 0 | Q17: 0.2 | S17: 0 | T17: 0.225 | U17: 0 | V17: 0.1 | X17: 0 | Y17: 0.175 | AA17: 0 | AB17: 0.175 | AC17: 0 | AD17: 0.175 | AF17: 0 | AG17: 0.22 | AM17: 0.225 | BJ17: 0 | BK17: 0 | BL17: 0 | BM17: 0 | BN17: 0 | BO17: 0
D18: 10_ABOVE_47.5T -56T | G18: 0 | H18: 0.15 | I18: 0 | J18: 0 | K18: 0 | L18: 0 | M18: 0 | N18: 0 | O18: 0 | P18: 0 | Q18: 0 | R18: 0 | S18: 0 | T18: 0 | U18: 0 | V18: 0 | W18: 0 | X18: 0 | Y18: 0.15 | Z18: 0 | AA18: 0 | AB18: 0.15 | AC18: 0 | AD18: 0.15 | AE18: 0 | AF18: 0 | AG18: 0.15 | AH18: 0 | AI18: 0 | AJ18: 0 | AK18: 0 | AL18: 0 | AM18: 0 | AN18: 0 | AO18: 0 | AP18: 0 | AQ18: 0 | AR18: 0 | AS18: 0 | AT18: 0 | AU18: 0 | AV18: 0 | AW18: 0 | AX18: 0 | AY18: 0 | AZ18: 0 | BA18: 0 | BB18: 0 | BC18: 0 | BD18: 0 | BE18: 0 | BF18: 0 | BG18: 0 | BH18: 0 | BI18: 0 | BJ18: 0 | BK18: 0 | BL18: 0 | BM18: 0 | BN18: 0 | BO18: 0
C20: PCCV<6 | D20: 1_3W_AUTO | G20: 0.125 | H20: 0.175 | P20: 0.325 | Q20: 0.375 | S20: 0.325 | T20: 0.375 | V20: 0.075 | X20: 0.175 | Y20: 0.225 | AA20: 0.175 | AB20: 0.225 | AC20: 0.125 | AD20: 0.125 | AF20: 0.075 | AG20: 0.075 | AL20: 0.075 | AM20: 0.125 | AP20: 0.385 | AS20: 0.3 | AV20: 0.175 | AY20: 0.175 | BH20: 0.125 | BJ20: 0.35 | BK20: 0.35 | BL20: 0 | BM20: 0 | BN20: 0 | BO20: 0
D21: 1_3W_AUTO[Electric] | G21: 0.125 | H21: 0.175 | P21: 0.325 | Q21: 0.375 | S21: 0.325 | T21: 0.375 | V21: 0.075 | X21: 0.175 | Y21: 0.225 | AA21: 0.175 | AB21: 0.225 | AC21: 0.125 | AD21: 0.125 | AF21: 0.075 | AG21: 0.075 | AL21: 0.075 | AM21: 0.125 | AP21: 0.385 | AS21: 0.3 | AV21: 0.175 | AY21: 0.175 | BH21: 0.125 | BJ21: 0.075 | BK21: 0.075 | BL21: 0 | BM21: 0 | BN21: 0 | BO21: 0
D22: 2_4W_LT_1500CC | H22: 0.125 | Q22: 0.225 | T22: 0.225 | V22: 0.175 | Y22: 0.075 | AB22: 0.075 | AD22: 0.075 | AF22: 0.075 | AG22: 0.075 | AS22: 0.225 | BJ22: 0.25 | BK22: 0.25 | BL22: 0 | BM22: 0 | BN22: 0 | BO22: 0
D23: 3_4W_GT_1500CC | H23: 0.125 | Q23: 0.225 | T23: 0.225 | V23: 0.175 | Y23: 0.075 | AB23: 0.075 | AD23: 0.075 | AF23: 0.075 | AG23: 0.075 | AS23: 0.225 | BJ23: 0.25 | BK23: 0.25 | BL23: 0 | BM23: 0 | BN23: 0 | BO23: 0
C25: PCCV>6 | D25: 1_SCHOOL_BUS | G25: 0.5 | H25: 0.5 | J25: 0.5 | K25: 0.5 | M25: 0.5 | N25: 0.5 | P25: 0.5 | Q25: 0.5 | S25: 0.5 | T25: 0.5 | U25: 0.5 | V25: 0.5 | X25: 0.5 | Y25: 0.5 | AA25: 0.5 | AB25: 0.5 | AC25: 0.5 | AD25: 0.5 | AF25: 0.5 | AG25: 0.5 | AI25: 0.5 | AJ25: 0.5 | AL25: 0.5 | AM25: 0.5 | AO25: 0.5 | AP25: 0.5 | AR25: 0.5 | AS25: 0.5 | AU25: 0.5 | AV25: 0.5 | AX25: 0.5 | AY25: 0.5 | BA25: 0.5 | BB25: 0.5 | BD25: 0.5 | BE25: 0.5 | BG25: 0.5 | BH25: 0.5 | BJ25: 0.5 | BK25: 0.5 | BL25: 0 | BM25: 0 | BN25: 0 | BO25: 0
D26: 2_STAFF_BUS | G26: 0.42 | H26: 0.42 | I26: 0.42 | J26: 0.42 | K26: 0.42 | L26: 0.42 | M26: 0.42 | N26: 0.42 | O26: 0.42 | P26: 0.42 | Q26: 0.42 | R26: 0.42 | S26: 0.42 | T26: 0.42 | U26: 0.42 | V26: 0.42 | W26: 0.42 | X26: 0.42 | Y26: 0.42 | Z26: 0.42 | AA26: 0.42 | AB26: 0.42 | AC26: 0.42 | AD26: 0.42 | AE26: 0.42 | AF26: 0.42 | AG26: 0.42 | AH26: 0.42 | AI26: 0.42 | AJ26: 0.42 | AK26: 0.42 | AL26: 0.42 | AM26: 0.42 | AN26: 0.42 | AO26: 0.42 | AP26: 0.42 | AQ26: 0.42 | AS26: 0.42 | AV26: 0.42 | AY26: 0.42 | BB26: 0.42 | BE26: 0.42 | BH26: 0.42 | BJ26: 0.42 | BK26: 0.42 | BL26: 0 | BM26: 0 | BN26: 0 | BO26: 0
D27: 3_BIG_TAXIS | H27: 0.125 | V27: 0.175 | Y27: 0.125 | AB27: 0.125 | AD27: 0.075 | AG27: 0.125 | BJ27: 0.2 | BK27: 0.2 | BL27: 0 | BM27: 0 | BN27: 0 | BO27: 0
D28: 4_MAXI_CAB | H28: 0.125 | K28: 0.075 | N28: 0.075 | V28: 0.225 | Y28: 0.125 | AB28: 0.125 | AD28: 0.175 | AG28: 0.125 | AL28: 0.125 | AS28: 0.25 | BK28: 0.125 | BL28: 0 | BM28: 0 | BN28: 0 | BO28: 0
D29: 5_BUS | BL29: 0 | BM29: 0 | BN29: 0 | BO29: 0
C31: MSV | D31: 1_TRAC[NEW] | H31: 0.45 | K31: 0.32 | N31: 0.375 | Q31: 0.45 | T31: 0.45 | V31: 0.475 | Y31: 0.425 | AB31: 0.425 | AD31: 0.42 | AG31: 0.375 | AM31: 0.225 | AS31: 0.425 | AV31: 0.4 | AY31: 0.2 | BB31: 0.35 | BE31: 0.3 | BH31: 0.35 | BK31: 0.35 | BL31: 0 | BM31: 0 | BN31: 0 | BO31: 0
D32: 1_TRAC[RENEWAL] | G32: 0.2 | H32: 0.45 | K32: 0.32 | N32: 0.375 | P32: 0.2 | Q32: 0.45 | S32: 0.2 | T32: 0.45 | U32: 0.2 | V32: 0.475 | X32: 0.2 | Y32: 0.425 | AA32: 0.2 | AB32: 0.425 | AC32: 0.2 | AD32: 0.42 | AF32: 0.2 | AG32: 0.375 | AL32: 0.13 | AM32: 0.225 | AS32: 0.425 | AV32: 0.4 | AY32: 0.2 | BB32: 0.35 | BE32: 0.3 | BH32: 0.35 | BJ32: 0.2 | BK32: 0.35 | BL32: 0 | BM32: 0 | BN32: 0 | BO32: 0
D33: 2_EXCAVATOR | E33: Loader, Excavators/Earth Movers, Crane, Bulldozers/Bullgraders, Road Rollers, Fork Lift Trucks | G33: 0.3 | H33: 0.3 | J33: 0.175 | K33: 0.175 | N33: 0.175 | P33: 0.3 | Q33: 0.3 | S33: 0.3 | T33: 0.3 | U33: 0.3 | V33: 0.3 | X33: 0.3 | Y33: 0.3 | AA33: 0.3 | AB33: 0.3 | AC33: 0.3 | AD33: 0.3 | AF33: 0.3 | AG33: 0.3 | AI33: 0.175 | AJ33: 0.175 | AL33: 0.3 | AM33: 0.3 | AP33: 0.185 | AS33: 0.175 | AV33: 0.175 | AY33: 0.175 | BB33: 0.175 | BE33: 0.175 | BH33: 0.175 | BJ33: 0.3 | BK33: 0.3 | BL33: 0 | BM33: 0 | BN33: 0 | BO33: 0
D34: 3_HARVESTOR | H34: 0.35 | K34: 0.23 | N34: 0.3 | Q34: 0.4 | T34: 0.4 | V34: 0.4 | Y34: 0.4 | AB34: 0.4 | AD34: 0.35 | AG34: 0.35 | AM34: 0.225 | AS34: 0.4 | AV34: 0.4 | AY34: 0.2 | BB34: 0.25 | BE34: 0.25 | BH34: 0.25 | BK34: 0.35 | BL34: 0 | BM34: 0 | BN34: 0 | BO34: 0
D35: 4_OTHERS | BL35: 0 | BM35: 0 | BN35: 0 | BO35: 0
C38: ** Please note that the above payout grid
C39: - For Commercial Vehicle Package/Liability policy is on Net Premium
C40: - For CV Package & Liability policy CPA should be collected for individual Name Mandatorily
D41: if CPA is not collected for individual name then 1.5% of Net Payout will be deducted
C42: - GCCV EV Exceeding 3.5 Tonnage & Passanger Carrying EV (except eAUTO) is declined

Sheet CONDITIONS
A1: ** Please note that the above pay-out grid
A2: - For Private Car Package policy pay-out is on OD Cover Premium and Private Car Liability policy Pay-out is on TP/PA Premium
A3: - For Private Car Package,SAOD & Liability policy CPA should be collected for individual Name Mandatorily
B4: if CPA is not collected for individual name then 1.5% of OD Pay-out will be deducted
A5: - For Private Car Electric Vehicle or LPG/CNG pay-out grid is same as Private Car Petrol grid
A6: - For Commercial Vehicle Package/Liability policy is on Net Premium
A7: - For CV Package & Liability policy CPA should be collected for individual Name Mandatorily
B8: if CPA is not collected for individual name then 1.5% of Net Payout will be deducted
A9: - GCCV EV Exceeding 3.5 Tonnage & Passanger Carrying EV (except eAUTO) is declined
A10: ** Please note that the above payout grid
A11: - For TW Package policy is on Net Premium & TW Liability policy is on TP/PA Premium
A12: - For TWPackage & Liability policy CPA should be collected for individual name Mandatorily
B13: if CPA is not collected for individual NAME then 1.5% of Net Payout will be deducted
A14: - If Policy the source through OEM Program and Payout is Not available a Minimum Payout of 22.5% to be given
A15: SAOD TW wont have any payouts,it will be blocked in system
A16: Payout in Two wheeler will be on the First Year Premium only both on OD ,TP and PA
A18: ELECTRIC PVT CAR- PO SLAB CRITERIA
A19: CC | B19: KW
A20: UPTO 1000 CC | B20: 30 KW
A21: 1000-1500 CC | B21: >30KW-65KW
A22: ABOVE 1500 CC | B22: >65 KW

Sheet Sheet2
F13: Current Vs Proposed
A14: GVW | B14: State | C14: Curr (Exclusive Partners)-RB | D14: Curr (Agency +Small Brokers) | E14: Proposed | F14: Diff(Exc Partners)-RB | G14: Diff (Agency +Small Brokers)
A15: 2-3.5 | B15: ROMG | C15: 0.5 | D15: 0.46 | E15: 0.55 | F15: =C15-E15 -> -0.05 | G15: =D15-E15 -> -0.09
B16: Gujarat | C16: 0.54 | D16: 0.5 | E16: 0.58 | F16: =C16-E16 -> -0.04 | G16: =D16-E16 -> -0.08
A17: 12-20 | B17: Kar | C17: 0.125 | D17: 0.125 | E17: 0.275 | F17: =C17-E17 -> -0.15 | G17: =D17-E17 -> -0.15
A18: 20-40 | B18: ROMG | C18: 0.3 | D18: 0.3 | E18: 0.35 | F18: =C18-E18 -> -0.05 | G18: =D18-E18 -> -0.05
B19: Gujarat | C19: 0.275 | D19: 0.275 | E19: 0.325 | F19: =C19-E19 -> -0.05 | G19: =D19-E19 -> -0.05
B20: AP/TS | C20: 0.3 | D20: 0.275 | E20: 0.35 | F20: =C20-E20 -> -0.05 | G20: =D20-E20 -> -0.075
B21: KAR | C21: 0.125 | D21: 0.125 | E21: 0.225 | F21: =C21-E21 -> -0.1 | G21: =D21-E21 -> -0.1
B22: JH | C22: 0.275 | D22: 0.275 | E22: 0.38 | F22: =C22-E22 -> -0.105 | G22: =D22-E22 -> -0.105
B23: NE | C23: 0.25 | D23: 0.25 | E23: 0.3 | F23: =C23-E23 -> -0.05 | G23: =D23-E23 -> -0.05
A24: 40-43 | B24: ROMG | C24: 0.275 | D24: 0.275 | E24: 0.32 | F24: =C24-E24 -> -0.045 | G24: =D24-E24 -> -0.045

Sheet Sheet3
D6: GVW | E6: State | F6: Curr (Agency ) | G6: Proposed | H6: Diff (Agency )
D7: 2-3.5 | E7: ROMG | F7: 0.46 | G7: 0.55 | H7: =F7-G7 -> -0.09
E8: Gujarat | F8: 0.5 | G8: 0.58 | H8: =F8-G8 -> -0.08
D9: 12-20 | E9: Kar | F9: 0.125 | G9: 0.275 | H9: =F9-G9 -> -0.15
D10: 20-40 | E10: ROMG | F10: 0.3 | G10: 0.35 | H10: =F10-G10 -> -0.05
E11: Gujarat | F11: 0.275 | G11: 0.325 | H11: =F11-G11 -> -0.05
E12: AP/TS | F12: 0.275 | G12: 0.35 | H12: =F12-G12 -> -0.075
E13: KAR | F13: 0.125 | G13: 0.225 | H13: =F13-G13 -> -0.1
E14: JH | F14: 0.275 | G14: 0.38 | H14: =F14-G14 -> -0.105
E15: NE | F15: 0.25 | G15: 0.3 | H15: =F15-G15 -> -0.05
D16: 40-43 | E16: ROMG | F16: 0.275 | G16: 0.32 | H16: =F16-G16 -> -0.045

Sheet  CV AUG-25
B2: Commercial Vehicles Grid for the month of AUG 25
C3: PROD | D3: SUBCLASS | E3: MAKE | F3: MODEL | G3: AP/TS | J3: TN | M3: KA | P3: MH/GA | S3: GJ | V3: BH/JH | Y3: OD | AB3: WB | AE3: CG | AH3: AS/ML/TR/ AR/NL | AK3: DL | AN3: PB | AQ3: HP | AT3: JK | AW3: UP- East | AZ3: UP | BC3: UK | BF3: AN | BH3: RJ | BJ3: MP
G5: ACT | H5: PACK | J5: ACT | K5: PACK | M5: ACT | N5: PACK | P5: ACT | Q5: PACK | S5: ACT | T5: PACK | V5: ACT | W5: PACK | Y5: ACT | Z5: PACK | AB5: ACT | AC5: PACK | AE5: ACT | AF5: PACK | AH5: ACT | AI5: PACK | AK5: ACT | AL5: PACK | AN5: ACT | AO5: PACK | AQ5: ACT | AR5: PACK | AT5: ACT | AU5: PACK | AW5: ACT | AX5: PACK | AZ5: ACT | BA5: PACK | BC5: ACT | BD5: PACK | BF5: ACT | BG5: PACK | BH5: ACT | BI5: PACK | BJ5: ACT | BK5: PACK
C6: GCCV | D6: 1_GCCV_3W | G6: 0.325 | H6: 0.375 | K6: 0.275 | N6: 0.075 | P6: 0.325 | Q6: 0.47 | S6: 0.45 | T6: 0.5 | V6: 0.375 | W6: 0.37 | Y6: 0.075 | Z6: 0.125 | AB6: 0.325 | AC6: 0.325 | AE6: 0.225 | AF6: 0.225 | AH6: 0.1 | AI6: 0.15 | AL6: 0.45 | AN6: 0.2 | AO6: 0.3 | AR6: 0.2 | AU6: 0.2 | AX6: 0.2 | BA6: 0.2 | BD6: 0.2 | BF6: 0.325 | BG6: 0.325 | BH6: 0 | BI6: 0.3 | BJ6: 0 | BK6: 0.3
D7: 1_GCCV_3W[Electric] | G7: 0.325 | H7: 0.375 | K7: 0.275 | N7: 0.075 | P7: 0.325 | Q7: 0.45 | S7: 0.45 | T7: 0.5 | V7: 0.375 | W7: 0.35 | Y7: 0.075 | Z7: 0.125 | AB7: 0.325 | AC7: 0.325 | AE7: 0.225 | AF7: 0.225 | AH7: 0.1 | AI7: 0.15 | AL7: 0.45 | AN7: 0.2 | AO7: 0.3 | AR7: 0.2 | AU7: 0.2 | AX7: 0.2 | BA7: 0.2 | BD7: 0.2 | BF7: 0.325 | BG7: 0.325 | BH7: 0 | BI7: 0.3 | BJ7: 0 | BK7: 0.3
D8: 2_UPTO_3.5T | E8: TATA/ Maruti/ Mahindra | F8: Ace, Super Ace, Yodha, Xenon, Magic, Intra, Super Carry, Mahindra Jeeto,Tractor ,Supro | G8: 0.425 | H8: 0.475 | J8: 0.35 | K8: 0.45 | M8: 0.35 | N8: 0.45 | P8: 0.45 | Q8: 0.475 | S8: 0.45 | T8: 0.5 | V8: 0.45 | W8: 0.45 | Y8: 0.45 | Z8: 0.45 | AB8: 0.45 | AC8: 0.45 | AE8: 0.325 | AF8: 0.4 | AH8: 0.375 | AI8: 0.425 | AK8: 0.325 | AL8: 0.5 | AN8: 0.35 | AO8: 0.45 | AQ8: 0.35 | AR8: 0.45 | AT8: 0.35 | AU8: 0.45 | AW8: 0.35 | AX8: 0.45 | AZ8: 0.35 | BA8: 0.4 | BC8: 0.35 | BD8: 0.45 | BF8: 0.475 | BG8: 0.475 | BH8: 0 | BI8: 0.3 | BJ8: 0 | BK8: 0.15
E9: All Other Make/Models | G9: 0.2 | H9: 0.3 | K9: 0.25 | N9: 0.25 | P9: 0.35 | Q9: 0.475 | S9: 0.45 | T9: 0.5 | V9: 0.275 | W9: 0.35 | Y9: 0.25 | Z9: 0.35 | AC9: 0.225 | AI9: 0.275 | AL9: 0.35 | AN9: 0.25 | AO9: 0.25 | AR9: 0.275 | AU9: 0.3 | BD9: 0.3 | BF9: 0.475 | BG9: 0.475 | BH9: 0 | BI9: 0.1 | BJ9: 0 | BK9: 0.1
D10: 2_UPTO_3.5T[Electric] | G10: 0.2 | H10: 0.3 | K10: 0.25 | N10: 0.25 | P10: 0.35 | Q10: 0.45 | S10: 0.425 | T10: 0.45 | V10: 0.275 | W10: 0.35 | Y10: 0.25 | Z10: 0.325 | AC10: 0.225 | AI10: 0.15 | AL10: 0.375 | AN10: 0.25 | AO10: 0.25 | AR10: 0.275 | AU10: 0.3 | BD10: 0.3 | BF10: 0.25 | BG10: 0.25 | BH10: 0 | BI10: 0 | BJ10: 0 | BK10: 0
A11: 30 | D11: 3_3.5T_TO_7.5T | G11: 0.1 | H11: 0.175 | N11: 0.125 | P11: 0.1 | Q11: 0.2 | S11: 0.125 | T11: 0.125 | V11: 0.1 | W11: 0.15 | Y11: 0.275 | Z11: 0.3 | AC11: 0.1 | AH11: 0.175 | AI11: 0.175 | AL11: 0.06 | AO11: 0.15 | AR11: 0.125 | AU11: 0.15 | BD11: 0.15 | BF11: 0.25 | BG11: 0.25 | BH11: 0 | BI11: 0 | BJ11: 0 | BK11: 0
D12: 4_7.5T_TO_12T | G12: 0.1 | H12: 0.225 | K12: 0.1 | N12: 0.125 | P12: 0.1 | Q12: 0.2 | S12: 0.075 | T12: 0.2 | V12: 0.1 | W12: 0.175 | Z12: 0.225 | AB12: 0.1 | AC12: 0.175 | AI12: 0.2 | AX12: 0.125 | BD12: 0.15 | BF12: 0.25 | BG12: 0.25 | BH12: 0 | BI12: 0 | BJ12: 0 | BK12: 0
D13: 5_12T_TO_16T | H13: 0.225 | K13: 0.08 | N13: 0.125 | P13: 0.1 | Q13: 0.2 | S13: 0.075 | T13: 0.2 | V13: 0.1 | W13: 0.175 | Y13: 0.175 | Z13: 0.225 | AC13: 0.175 | AI13: 0.2 | AX13: 0.125 | BD13: 0.15 | BF13: 0.25 | BG13: 0.25 | BH13: 0 | BI13: 0 | BJ13: 0 | BK13: 0
D14: 6_16T_TO_20T | H14: 0.175 | K14: 0.1 | N14: 0.125 | P14: 0.125 | Q14: 0.175 | S14: 0.075 | T14: 0.2 | W14: 0.125 | Y14: 0.175 | Z14: 0.15 | AC14: 0.15 | AI14: 0.175 | AX14: 0.1 | BD14: 0.15 | BF14: 0.25 | BG14: 0.25 | BH14: 0 | BI14: 0 | BJ14: 0 | BK14: 0
D15: 7_20T_TO_40T | G15: 0.2 | H15: 0.275 | N15: 0.125 | P15: 0.15 | Q15: 0.3 | S15: 0.075 | T15: 0.275 | V15: 0.175 | W15: 0.275 | Y15: 0.175 | Z15: 0.275 | AB15: 0.2 | AC15: 0.25 | AH15: 0.15 | AI15: 0.21 | AO15: 0.25 | AR15: 0.25 | AU15: 0.15 | AX15: 0.11 | BD15: 0.135 | BF15: 0.25 | BG15: 0.25 | BH15: 0 | BI15: 0 | BJ15: 0 | BK15: 0
D16: 8_40T_TO_43T | G16: 0.2 | H16: 0.23 | J16: 0 | K16: 0 | L16: 0 | M16: 0 | N16: 0 | P16: 0.15 | Q16: 0.275 | S16: 0.075 | T16: 0.1 | V16: 0.175 | W16: 0.275 | Y16: 0.175 | Z16: 0.275 | AB16: 0.2 | AC16: 0.22 | AH16: 0.15 | AI16: 0.21 | AO16: 0.25 | AR16: 0.25 | AU16: 0.15 | BF16: 0.23 | BG16: 0.23 | BH16: 0 | BI16: 0 | BJ16: 0 | BK16: 0
D17: 9_43T_TO_47.5T | G17: 0 | H17: 0.2 | J17: 0 | K17: 0 | L17: 0 | M17: 0 | N17: 0 | P17: 0 | Q17: 0.2 | S17: 0 | T17: 0.1 | V17: 0 | W17: 0.175 | Y17: 0 | Z17: 0.175 | AB17: 0 | AC17: 0.22 | BF17: 0 | BG17: 0 | BH17: 0 | BI17: 0 | BJ17: 0 | BK17: 0
D18: 10_ABOVE_47.5T | G18: 0 | H18: 0.15 | I18: 0 | J18: 0 | K18: 0 | L18: 0 | M18: 0 | N18: 0 | O18: 0 | P18: 0 | Q18: 0 | R18: 0 | S18: 0 | T18: 0 | U18: 0 | V18: 0 | W18: 0.15 | X18: 0 | Y18: 0 | Z18: 0.15 | AA18: 0 | AB18: 0 | AC18: 0.15 | AD18: 0 | AE18: 0 | AF18: 0 | AG18: 0 | AH18: 0 | AI18: 0 | AJ18: 0 | AK18: 0 | AL18: 0 | AM18: 0 | AN18: 0 | AO18: 0 | AP18: 0 | AQ18: 0 | AR18: 0 | AS18: 0 | AT18: 0 | AU18: 0 | AV18: 0 | AW18: 0 | AX18: 0 | AY18: 0 | AZ18: 0 | BA18: 0 | BB18: 0 | BC18: 0 | BD18: 0 | BE18: 0 | BF18: 0 | BG18: 0 | BH18: 0 | BI18: 0 | BJ18: 0 | BK18: 0
C20: PCCV<6 | D20: 1_3W_AUTO | G20: 0.125 | H20: 0.175 | P20: 0.325 | Q20: 0.375 | T20: 0.075 | V20: 0.175 | W20: 0.225 | Y20: 0.125 | Z20: 0.125 | AB20: 0.075 | AC20: 0.075 | AH20: 0.075 | AI20: 0.125 | AL20: 0.385 | AO20: 0.3 | AR20: 0.175 | AU20: 0.175 | BD20: 0.125 | BF20: 0.35 | BG20: 0.35 | BH20: 0 | BI20: 0 | BJ20: 0 | BK20: 0
D21: 1_3W_AUTO[Electric] | G21: 0.125 | H21: 0.175 | P21: 0.325 | Q21: 0.375 | T21: 0.075 | V21: 0.175 | W21: 0.225 | Y21: 0.125 | Z21: 0.125 | AB21: 0.075 | AC21: 0.075 | AH21: 0.075 | AI21: 0.125 | AL21: 0.385 | AO21: 0.3 | AR21: 0.175 | AU21: 0.175 | BD21: 0.125 | BF21: 0.075 | BG21: 0.075 | BH21: 0 | BI21: 0 | BJ21: 0 | BK21: 0
D22: 2_4W_LT_1500CC | H22: 0.125 | Q22: 0.225 | T22: 0.175 | W22: 0.075 | Z22: 0.075 | AB22: 0.075 | AC22: 0.075 | AO22: 0.225 | BF22: 0.25 | BG22: 0.25 | BH22: 0 | BI22: 0 | BJ22: 0 | BK22: 0
D23: 3_4W_GT_1500CC | H23: 0.125 | Q23: 0.225 | T23: 0.175 | W23: 0.075 | Z23: 0.075 | AB23: 0.075 | AC23: 0.075 | AO23: 0.225 | BF23: 0.25 | BG23: 0.25 | BH23: 0 | BI23: 0 | BJ23: 0 | BK23: 0
C25: PCCV>6 | D25: 1_SCHOOL_BUS | G25: 0.5 | H25: 0.5 | J25: 0.5 | K25: 0.5 | M25: 0.5 | N25: 0.5 | P25: 0.5 | Q25: 0.5 | S25: 0.5 | T25: 0.5 | V25: 0.5 | W25: 0.5 | Y25: 0.5 | Z25: 0.5 | AB25: 0.5 | AC25: 0.5 | AE25: 0.5 | AF25: 0.5 | AH25: 0.5 | AI25: 0.5 | AK25: 0.5 | AL25: 0.5 | AN25: 0.5 | AO25: 0.5 | AQ25: 0.5 | AR25: 0.5 | AT25: 0.5 | AU25: 0.5 | AW25: 0.5 | AX25: 0.5 | AZ25: 0.5 | BA25: 0.5 | BC25: 0.5 | BD25: 0.5 | BF25: 0.5 | BG25: 0.5 | BH25: 0 | BI25: 0 | BJ25: 0 | BK25: 0
D26: 2_STAFF_BUS | G26: 0.42 | H26: 0.42 | I26: 0.42 | J26: 0.42 | K26: 0.42 | L26: 0.42 | M26: 0.42 | N26: 0.42 | O26: 0.42 | P26: 0.42 | Q26: 0.42 | R26: 0.42 | S26: 0.42 | T26: 0.42 | U26: 0.42 | V26: 0.42 | W26: 0.42 | X26: 0.42 | Y26: 0.42 | Z26: 0.42 | AA26: 0.42 | AB26: 0.42 | AC26: 0.42 | AD26: 0.42 | AE26: 0.42 | AF26: 0.42 | AG26: 0.42 | AH26: 0.42 | AI26: 0.42 | AJ26: 0.42 | AK26: 0.42 | AL26: 0.42 | AM26: 0.42 | AO26: 0.42 | AR26: 0.42 | AU26: 0.42 | AX26: 0.42 | BA26: 0.42 | BD26: 0.42 | BF26: 0.42 | BG26: 0.42 | BH26: 0 | BI26: 0 | BJ26: 0 | BK26: 0
D27: 3_BIG_TAXIS | H27: 0.125 | T27: 0.175 | W27: 0.125 | Z27: 0.075 | AC27: 0.125 | BF27: 0.2 | BG27: 0.2 | BH27: 0 | BI27: 0 | BJ27: 0 | BK27: 0
D28: 4_MAXI_CAB | H28: 0.125 | K28: 0.075 | N28: 0.075 | T28: 0.225 | W28: 0.125 | Z28: 0.175 | AC28: 0.125 | AH28: 0.125 | AO28: 0.25 | BG28: 0.125 | BH28: 0 | BI28: 0 | BJ28: 0 | BK28: 0
D29: 5_BUS | BH29: 0 | BI29: 0 | BJ29: 0 | BK29: 0
C31: MSV | D31: 1_TRAC[NEW] | H31: 0.45 | K31: 0.32 | N31: 0.375 | Q31: 0.45 | T31: 0.475 | W31: 0.425 | Z31: 0.42 | AC31: 0.375 | AI31: 0.225 | AO31: 0.425 | AR31: 0.4 | AU31: 0.2 | AX31: 0.35 | BA31: 0.3 | BD31: 0.35 | BG31: 0.35 | BH31: 0 | BI31: 0 | BJ31: 0 | BK31: 0
D32: 1_TRAC[RENEWAL] | G32: 0.2 | H32: 0.45 | K32: 0.32 | N32: 0.375 | P32: 0.2 | Q32: 0.45 | S32: 0.2 | T32: 0.475 | V32: 0.2 | W32: 0.425 | Y32: 0.2 | Z32: 0.42 | AB32: 0.2 | AC32: 0.375 | AH32: 0.13 | AI32: 0.225 | AO32: 0.425 | AR32: 0.4 | AU32: 0.2 | AX32: 0.35 | BA32: 0.3 | BD32: 0.35 | BF32: 0.2 | BG32: 0.35 | BH32: 0 | BI32: 0 | BJ32: 0 | BK32: 0
D33: 2_EXCAVATOR | E33: Loader, Excavators/Earth Movers, Crane, Bulldozers/Bullgraders, Road Rollers, Fork Lift Trucks | G33: 0.3 | H33: 0.3 | J33: 0.175 | K33: 0.175 | N33: 0.175 | P33: 0.3 | Q33: 0.3 | S33: 0.3 | T33: 0.3 | V33: 0.3 | W33: 0.3 | Y33: 0.3 | Z33: 0.3 | AB33: 0.3 | AC33: 0.3 | AE33: 0.175 | AF33: 0.175 | AH33: 0.3 | AI33: 0.3 | AL33: 0.185 | AO33: 0.175 | AR33: 0.175 | AU33: 0.175 | AX33: 0.175 | BA33: 0.175 | BD33: 0.175 | BF33: 0.3 | BG33: 0.3 | BH33: 0 | BI33: 0 | BJ33: 0 | BK33: 0
D34: 3_HARVESTOR | H34: 0.35 | K34: 0.23 | N34: 0.3 | Q34: 0.4 | T34: 0.4 | W34: 0.4 | Z34: 0.35 | AC34: 0.35 | AI34: 0.225 | AO34: 0.4 | AR34: 0.4 | AU34: 0.2 | AX34: 0.25 | BA34: 0.25 | BD34: 0.25 | BG34: 0.35 | BH34: 0 | BI34: 0 | BJ34: 0 | BK34: 0
D35: 4_OTHERS | BH35: 0 | BI35: 0 | BJ35: 0 | BK35: 0
C38: ** Please note that the above payout grid
C39: - For Commercial Vehicle Package/Liability policy is on Net Premium
C40: - For CV Package & Liability policy CPA should be collected for individual Name Mandatorily
D41: if CPA is not collected for individual name then 1.5% of Net Payout will be deducted
C42: - GCCV EV Exceeding 3.5 Tonnage & Passanger Carrying EV (except eAUTO) is declined

Sheet CV DIFF
B2: Commercial Vehicles Grid for the month of Jun 25
C3: PROD | D3: SUBCLASS | E3: MAKE | F3: MODEL | G3: AP/TS | J3: TN | M3: KA | P3: MH/GA | S3: GJ | V3: BH/JH | Y3: OD | AB3: WB | AE3: CG | AH3: AS/ML/TR/ AR/NL | AK3: DL | AN3: PB | AQ3: HP | AT3: JK | AW3: UP- East | AZ3: UP | BC3: UK | BF3: AN | BH3: RJ | BJ3: MP
G5: ACT | H5: PACK | J5: ACT | K5: PACK | M5: ACT | N5: PACK | P5: ACT | Q5: PACK | S5: ACT | T5: PACK | V5: ACT | W5: PACK | Y5: ACT | Z5: PACK | AB5: ACT | AC5: PACK | AE5: ACT | AF5: PACK | AH5: ACT | AI5: PACK | AK5: ACT | AL5: PACK | AN5: ACT | AO5: PACK | AQ5: ACT | AR5: PACK | AT5: ACT | AU5: PACK | AW5: ACT | AX5: PACK | AZ5: ACT | BA5: PACK | BC5: ACT | BD5: PACK | BF5: ACT | BG5: PACK | BH5: ACT | BI5: PACK | BJ5: ACT | BK5: PACK
C6: GCCV | D6: 1_GCCV_3W | G6: =' CV Nov-25'!G6-' CV AUG-25'!G6 -> 0 | H6: =' CV Nov-25'!H6-' CV AUG-25'!H6 -> 0 | J6: =' CV Nov-25'!J6-' CV AUG-25'!J6 -> 0 | K6: =' CV Nov-25'!K6-' CV AUG-25'!K6 -> 0 | M6: =' CV Nov-25'!M6-' CV AUG-25'!M6 -> 0 | N6: =' CV Nov-25'!N6-' CV AUG-25'!N6 -> 0 | P6: =' CV Nov-25'!P6-' CV AUG-25'!P6 -> 0 | Q6: =' CV Nov-25'!Q6-' CV AUG-25'!Q6 -> 0 | S6: =' CV Nov-25'!U6-' CV AUG-25'!S6 -> 0 | T6: =' CV Nov-25'!V6-' CV AUG-25'!T6 -> 0 | V6: =' CV Nov-25'!X6-' CV AUG-25'!V6 -> 0 | W6: =' CV Nov-25'!Y6-' CV AUG-25'!W6 -> 0 | Y6: =' CV Nov-25'!AC6-' CV AUG-25'!Y6 -> 0 | Z6: =' CV Nov-25'!AD6-' CV AUG-25'!Z6 -> 0 | AB6: =' CV Nov-25'!AF6-' CV AUG-25'!AB6 -> 0 | AC6: =' CV Nov-25'!AG6-' CV AUG-25'!AC6 -> 0 | AE6: =' CV Nov-25'!AI6-' CV AUG-25'!AE6 -> 0 | AF6: =' CV Nov-25'!AJ6-' CV AUG-25'!AF6 -> 0 | AH6: =' CV Nov-25'!AL6-' CV AUG-25'!AH6 -> 0 | AI6: =' CV Nov-25'!AM6-' CV AUG-25'!AI6 -> 0 | AK6: =' CV Nov-25'!AO6-' CV AUG-25'!AK6 -> 0 | AL6: =' CV Nov-25'!AP6-' CV AUG-25'!AL6 -> 0 | AN6: =' CV Nov-25'!AR6-' CV AUG-25'!AN6 -> 0 | AO6: =' CV Nov-25'!AS6-' CV AUG-25'!AO6 -> 0 | AQ6: =' CV Nov-25'!AU6-' CV AUG-25'!AQ6 -> 0 | AR6: =' CV Nov-25'!AV6-' CV AUG-25'!AR6 -> 0 | AT6: =' CV Nov-25'!AX6-' CV AUG-25'!AT6 -> 0 | AU6: =' CV Nov-25'!AY6-' CV AUG-25'!AU6 -> 0 | AW6: =' CV Nov-25'!BA6-' CV AUG-25'!AW6 -> 0 | AX6: =' CV Nov-25'!BB6-' CV AUG-25'!AX6 -> 0 | AZ6: =' CV Nov-25'!BD6-' CV AUG-25'!AZ6 -> 0 | BA6: =' CV Nov-25'!BE6-' CV AUG-25'!BA6 -> 0 | BC6: =' CV Nov-25'!BG6-' CV AUG-25'!BC6 -> 0 | BD6: =' CV Nov-25'!BH6-' CV AUG-25'!BD6 -> 0 | BF6: =' CV Nov-25'!BJ6-' CV AUG-25'!BF6 -> 0 | BG6: =' CV Nov-25'!BK6-' CV AUG-25'!BG6 -> 0 | BH6: =' CV Nov-25'!BL6-' CV AUG-25'!BH6 -> 0 | BI6: =' CV Nov-25'!BM6-' CV AUG-25'!BI6 -> 0 | BJ6: =' CV Nov-25'!BN6-' CV AUG-25'!BJ6 -> 0 | BK6: =' CV Nov-25'!BO6-' CV AUG-25'!BK6 -> 0
D7: 1_GCCV_3W[Electric] | G7: =' CV Nov-25'!G7-' CV AUG-25'!G7 -> 0 | H7: =' CV Nov-25'!H7-' CV AUG-25'!H7 -> 0 | J7: =' CV Nov-25'!J7-' CV AUG-25'!J7 -> 0 | K7: =' CV Nov-25'!K7-' CV AUG-25'!K7 -> 0 | M7: =' CV Nov-25'!M7-' CV AUG-25'!M7 -> 0 | N7: =' CV Nov-25'!N7-' CV AUG-25'!N7 -> 0 | P7: =' CV Nov-25'!P7-' CV AUG-25'!P7 -> 0 | Q7: =' CV Nov-25'!Q7-' CV AUG-25'!Q7 -> 0 | S7: =' CV Nov-25'!U7-' CV AUG-25'!S7 -> 0 | T7: =' CV Nov-25'!V7-' CV AUG-25'!T7 -> 0 | V7: =' CV Nov-25'!X7-' CV AUG-25'!V7 -> 0 | W7: =' CV Nov-25'!Y7-' CV AUG-25'!W7 -> 0 | Y7: =' CV Nov-25'!AC7-' CV AUG-25'!Y7 -> 0 | Z7: =' CV Nov-25'!AD7-' CV AUG-25'!Z7 -> 0 | AB7: =' CV Nov-25'!AF7-' CV AUG-25'!AB7 -> 0 | AC7: =' CV Nov-25'!AG7-' CV AUG-25'!AC7 -> 0 | AE7: =' CV Nov-25'!AI7-' CV AUG-25'!AE7 -> 0 | AF7: =' CV Nov-25'!AJ7-' CV AUG-25'!AF7 -> 0 | AH7: =' CV Nov-25'!AL7-' CV AUG-25'!AH7 -> 0 | AI7: =' CV Nov-25'!AM7-' CV AUG-25'!AI7 -> 0 | AK7: =' CV Nov-25'!AO7-' CV AUG-25'!AK7 -> 0 | AL7: =' CV Nov-25'!AP7-' CV AUG-25'!AL7 -> 0 | AN7: =' CV Nov-25'!AR7-' CV AUG-25'!AN7 -> 0 | AO7: =' CV Nov-25'!AS7-' CV AUG-25'!AO7 -> 0 | AQ7: =' CV Nov-25'!AU7-' CV AUG-25'!AQ7 -> 0 | AR7: =' CV Nov-25'!AV7-' CV AUG-25'!AR7 -> 0 | AT7: =' CV Nov-25'!AX7-' CV AUG-25'!AT7 -> 0 | AU7: =' CV Nov-25'!AY7-' CV AUG-25'!AU7 -> 0 | AW7: =' CV Nov-25'!BA7-' CV AUG-25'!AW7 -> 0 | AX7: =' CV Nov-25'!BB7-' CV AUG-25'!AX7 -> 0 | AZ7: =' CV Nov-25'!BD7-' CV AUG-25'!AZ7 -> 0 | BA7: =' CV Nov-25'!BE7-' CV AUG-25'!BA7 -> 0 | BC7: =' CV Nov-25'!BG7-' CV AUG-25'!BC7 -> 0 | BD7: =' CV Nov-25'!BH7-' CV AUG-25'!BD7 -> 0 | BF7: =' CV Nov-25'!BJ7-' CV AUG-25'!BF7 -> 0 | BG7: =' CV Nov-25'!BK7-' CV AUG-25'!BG7 -> 0 | BH7: =' CV Nov-25'!BL7-' CV AUG-25'!BH7 -> 0 | BI7: =' CV Nov-25'!BM7-' CV AUG-25'!BI7 -> 0 | BJ7: =' CV Nov-25'!BN7-' CV AUG-25'!BJ7 -> 0 | BK7: =' CV Nov-25'!BO7-' CV AUG-25'!BK7 -> 0
D8: 2_UPTO_3.5T | E8: TATA/ Maruti/ Mahindra | F8: Ace, Super Ace, Yodha, Xenon, Magic, Intra, Super Carry, Mahindra Jeeto,Tractor ,Supro | G8: =' CV Nov-25'!G8-' CV AUG-25'!G8 -> 0 | H8: =' CV Nov-25'!H8-' CV AUG-25'!H8 -> 0 | J8: =' CV Nov-25'!J8-' CV AUG-25'!J8 -> 0 | K8: =' CV Nov-25'!K8-' CV AUG-25'!K8 -> 0 | M8: =' CV Nov-25'!M8-' CV AUG-25'!M8 -> 0 | N8: =' CV Nov-25'!N8-' CV AUG-25'!N8 -> 0 | P8: =' CV Nov-25'!P8-' CV AUG-25'!P8 -> 0 | Q8: =' CV Nov-25'!Q8-' CV AUG-25'!Q8 -> -0.015 | S8: =' CV Nov-25'!U8-' CV AUG-25'!S8 -> 0 | T8: =' CV Nov-25'!V8-' CV AUG-25'!T8 -> 0 | V8: =' CV Nov-25'!X8-' CV AUG-25'!V8 -> 0 | W8: =' CV Nov-25'!Y8-' CV AUG-25'!W8 -> 0 | Y8: =' CV Nov-25'!AC8-' CV AUG-25'!Y8 -> 0 | Z8: =' CV Nov-25'!AD8-' CV AUG-25'!Z8 -> 0 | AB8: =' CV Nov-25'!AF8-' CV AUG-25'!AB8 -> 0 | AC8: =' CV Nov-25'!AG8-' CV AUG-25'!AC8 -> 0 | AE8: =' CV Nov-25'!AI8-' CV AUG-25'!AE8 -> 0 | AF8: =' CV Nov-25'!AJ8-' CV AUG-25'!AF8 -> 0 | AH8: =' CV Nov-25'!AL8-' CV AUG-25'!AH8 -> 0 | AI8: =' CV Nov-25'!AM8-' CV AUG-25'!AI8 -> 0.025 | AK8: =' CV Nov-25'!AO8-' CV AUG-25'!AK8 -> 0 | AL8: =' CV Nov-25'!AP8-' CV AUG-25'!AL8 -> 0 | AN8: =' CV Nov-25'!AR8-' CV AUG-25'!AN8 -> 0 | AO8: =' CV Nov-25'!AS8-' CV AUG-25'!AO8 -> 0 | AQ8: =' CV Nov-25'!AU8-' CV AUG-25'!AQ8 -> 0 | AR8: =' CV Nov-25'!AV8-' CV AUG-25'!AR8 -> 0 | AT8: =' CV Nov-25'!AX8-' CV AUG-25'!AT8 -> 0 | AU8: =' CV Nov-25'!AY8-' CV AUG-25'!AU8 -> 0 | AW8: =' CV Nov-25'!BA8-' CV AUG-25'!AW8 -> 0 | AX8: =' CV Nov-25'!BB8-' CV AUG-25'!AX8 -> 0 | AZ8: =' CV Nov-25'!BD8-' CV AUG-25'!AZ8 -> 0 | BA8: =' CV Nov-25'!BE8-' CV AUG-25'!BA8 -> 0 | BC8: =' CV Nov-25'!BG8-' CV AUG-25'!BC8 -> 0 | BD8: =' CV Nov-25'!BH8-' CV AUG-25'!BD8 -> 0 | BF8: =' CV Nov-25'!BJ8-' CV AUG-25'!BF8 -> 0 | BG8: =' CV Nov-25'!BK8-' CV AUG-25'!BG8 -> 0 | BH8: =' CV Nov-25'!BL8-' CV AUG-25'!BH8 -> 0 | BI8: =' CV Nov-25'!BM8-' CV AUG-25'!BI8 -> 0 | BJ8: =' CV Nov-25'!BN8-' CV AUG-25'!BJ8 -> 0 | BK8: =' CV Nov-25'!BO8-' CV AUG-25'!BK8 -> 0
E9: All Other Make/Models | G9: =' CV Nov-25'!G9-' CV AUG-25'!G9 -> 0 | H9: =' CV Nov-25'!H9-' CV AUG-25'!H9 -> 0 | J9: =' CV Nov-25'!J9-' CV AUG-25'!J9 -> 0 | K9: =' CV Nov-25'!K9-' CV AUG-25'!K9 -> 0 | M9: =' CV Nov-25'!M9-' CV AUG-25'!M9 -> 0 | N9: =' CV Nov-25'!N9-' CV AUG-25'!N9 -> 0 | P9: =' CV Nov-25'!P9-' CV AUG-25'!P9 -> 0 | Q9: =' CV Nov-25'!Q9-' CV AUG-25'!Q9 -> 0.075 | S9: =' CV Nov-25'!U9-' CV AUG-25'!S9 -> 0 | T9: =' CV Nov-25'!V9-' CV AUG-25'!T9 -> 0.08 | V9: =' CV Nov-25'!X9-' CV AUG-25'!V9 -> 0 | W9: =' CV Nov-25'!Y9-' CV AUG-25'!W9 -> 0 | Y9: =' CV Nov-25'!AC9-' CV AUG-25'!Y9 -> 0 | Z9: =' CV Nov-25'!AD9-' CV AUG-25'!Z9 -> 0 | AB9: =' CV Nov-25'!AF9-' CV AUG-25'!AB9 -> 0 | AC9: =' CV Nov-25'!AG9-' CV AUG-25'!AC9 -> 0 | AE9: =' CV Nov-25'!AI9-' CV AUG-25'!AE9 -> 0 | AF9: =' CV Nov-25'!AJ9-' CV AUG-25'!AF9 -> 0 | AH9: =' CV Nov-25'!AL9-' CV AUG-25'!AH9 -> 0 | AI9: =' CV Nov-25'!AM9-' CV AUG-25'!AI9 -> 0.025 | AK9: =' CV Nov-25'!AO9-' CV AUG-25'!AK9 -> 0 | AL9: =' CV Nov-25'!AP9-' CV AUG-25'!AL9 -> 0 | AN9: =' CV Nov-25'!AR9-' CV AUG-25'!AN9 -> 0 | AO9: =' CV Nov-25'!AS9-' CV AUG-25'!AO9 -> 0 | AQ9: =' CV Nov-25'!AU9-' CV AUG-25'!AQ9 -> 0 | AR9: =' CV Nov-25'!AV9-' CV AUG-25'!AR9 -> 0 | AT9: =' CV Nov-25'!AX9-' CV AUG-25'!AT9 -> 0 | AU9: =' CV Nov-25'!AY9-' CV AUG-25'!AU9 -> 0 | AW9: =' CV Nov-25'!BA9-' CV AUG-25'!AW9 -> 0 | AX9: =' CV Nov-25'!BB9-' CV AUG-25'!AX9 -> 0 | AZ9: =' CV Nov-25'!BD9-' CV AUG-25'!AZ9 -> 0 | BA9: =' CV Nov-25'!BE9-' CV AUG-25'!BA9 -> 0 | BC9: =' CV Nov-25'!BG9-' CV AUG-25'!BC9 -> 0 | BD9: =' CV Nov-25'!BH9-' CV AUG-25'!BD9 -> 0 | BF9: =' CV Nov-25'!BJ9-' CV AUG-25'!BF9 -> 0 | BG9: =' CV Nov-25'!BK9-' CV AUG-25'!BG9 -> 0 | BH9: =' CV Nov-25'!BL9-' CV AUG-25'!BH9 -> 0 | BI9: =' CV Nov-25'!BM9-' CV AUG-25'!BI9 -> 0 | BJ9: =' CV Nov-25'!BN9-' CV AUG-25'!BJ9 -> 0 | BK9: =' CV Nov-25'!BO9-' CV AUG-25'!BK9 -> 0
D10: 2_UPTO_3.5T[Electric] | G10: =' CV Nov-25'!G10-' CV AUG-25'!G10 -> 0 | H10: =' CV Nov-25'!H10-' CV AUG-25'!H10 -> 0 | J10: =' CV Nov-25'!J10-' CV AUG-25'!J10 -> 0 | K10: =' CV Nov-25'!K10-' CV AUG-25'!K10 -> 0 | M10: =' CV Nov-25'!M10-' CV AUG-25'!M10 -> 0 | N10: =' CV Nov-25'!N10-' CV AUG-25'!N10 -> 0 | P10: =' CV Nov-25'!P10-' CV AUG-25'!P10 -> 0 | Q10: =' CV Nov-25'!Q10-' CV AUG-25'!Q10 -> 0 | S10: =' CV Nov-25'!U10-' CV AUG-25'!S10 -> 0 | T10: =' CV Nov-25'!V10-' CV AUG-25'!T10 -> 0 | V10: =' CV Nov-25'!X10-' CV AUG-25'!V10 -> 0 | W10: =' CV Nov-25'!Y10-' CV AUG-25'!W10 -> 0 | Y10: =' CV Nov-25'!AC10-' CV AUG-25'!Y10 -> 0 | Z10: =' CV Nov-25'!AD10-' CV AUG-25'!Z10 -> 0 | AB10: =' CV Nov-25'!AF10-' CV AUG-25'!AB10 -> 0 | AC10: =' CV Nov-25'!AG10-' CV AUG-25'!AC10 -> 0 | AE10: =' CV Nov-25'!AI10-' CV AUG-25'!AE10 -> 0 | AF10: =' CV Nov-25'!AJ10-' CV AUG-25'!AF10 -> 0 | AH10: =' CV Nov-25'!AL10-' CV AUG-25'!AH10 -> 0 | AI10: =' CV Nov-25'!AM10-' CV AUG-25'!AI10 -> 0 | AK10: =' CV Nov-25'!AO10-' CV AUG-25'!AK10 -> 0 | AL10: =' CV Nov-25'!AP10-' CV AUG-25'!AL10 -> 0 | AN10: =' CV Nov-25'!AR10-' CV AUG-25'!AN10 -> 0 | AO10: =' CV Nov-25'!AS10-' CV AUG-25'!AO10 -> 0 | AQ10: =' CV Nov-25'!AU10-' CV AUG-25'!AQ10 -> 0 | AR10: =' CV Nov-25'!AV10-' CV AUG-25'!AR10 -> 0 | AT10: =' CV Nov-25'!AX10-' CV AUG-25'!AT10 -> 0 | AU10: =' CV Nov-25'!AY10-' CV AUG-25'!AU10 -> 0 | AW10: =' CV Nov-25'!BA10-' CV AUG-25'!AW10 -> 0 | AX10: =' CV Nov-25'!BB10-' CV AUG-25'!AX10 -> 0 | AZ10: =' CV Nov-25'!BD10-' CV AUG-25'!AZ10 -> 0 | BA10: =' CV Nov-25'!BE10-' CV AUG-25'!BA10 -> 0 | BC10: =' CV Nov-25'!BG10-' CV AUG-25'!BC10 -> 0 | BD10: =' CV Nov-25'!BH10-' CV AUG-25'!BD10 -> 0 | BF10: =' CV Nov-25'!BJ10-' CV AUG-25'!BF10 -> 0 | BG10: =' CV Nov-25'!BK10-' CV AUG-25'!BG10 -> 0 | BH10: =' CV Nov-25'!BL10-' CV AUG-25'!BH10 -> 0 | BI10: =' CV Nov-25'!BM10-' CV AUG-25'!BI10 -> 0 | BJ10: =' CV Nov-25'!BN10-' CV AUG-25'!BJ10 -> 0 | BK10: =' CV Nov-25'!BO10-' CV AUG-25'!BK10 -> 0
A11: 30 | D11: 3_3.5T_TO_7.5T | G11: =' CV Nov-25'!G11-' CV AUG-25'!G11 -> 0 | H11: =' CV Nov-25'!H11-' CV AUG-25'!H11 -> 0 | J11: =' CV Nov-25'!J11-' CV AUG-25'!J11 -> 0 | K11: =' CV Nov-25'!K11-' CV AUG-25'!K11 -> 0 | M11: =' CV Nov-25'!M11-' CV AUG-25'!M11 -> 0 | N11: =' CV Nov-25'!N11-' CV AUG-25'!N11 -> 0 | P11: =' CV Nov-25'!P11-' CV AUG-25'!P11 -> 0 | Q11: =' CV Nov-25'!Q11-' CV AUG-25'!Q11 -> 0 | S11: =' CV Nov-25'!U11-' CV AUG-25'!S11 -> 0 | T11: =' CV Nov-25'!V11-' CV AUG-25'!T11 -> 0 | V11: =' CV Nov-25'!X11-' CV AUG-25'!V11 -> 0 | W11: =' CV Nov-25'!Y11-' CV AUG-25'!W11 -> 0 | Y11: =' CV Nov-25'!AC11-' CV AUG-25'!Y11 -> 0 | Z11: =' CV Nov-25'!AD11-' CV AUG-25'!Z11 -> 0 | AB11: =' CV Nov-25'!AF11-' CV AUG-25'!AB11 -> 0 | AC11: =' CV Nov-25'!AG11-' CV AUG-25'!AC11 -> 0 | AE11: =' CV Nov-25'!AI11-' CV AUG-25'!AE11 -> 0 | AF11: =' CV Nov-25'!AJ11-' CV AUG-25'!AF11 -> 0 | AH11: =' CV Nov-25'!AL11-' CV AUG-25'!AH11 -> 0 | AI11: =' CV Nov-25'!AM11-' CV AUG-25'!AI11 -> 0 | AK11: =' CV Nov-25'!AO11-' CV AUG-25'!AK11 -> 0 | AL11: =' CV Nov-25'!AP11-' CV AUG-25'!AL11 -> 0 | AN11: =' CV Nov-25'!AR11-' CV AUG-25'!AN11 -> 0 | AO11: =' CV Nov-25'!AS11-' CV AUG-25'!AO11 -> 0 | AQ11: =' CV Nov-25'!AU11-' CV AUG-25'!AQ11 -> 0 | AR11: =' CV Nov-25'!AV11-' CV AUG-25'!AR11 -> 0 | AT11: =' CV Nov-25'!AX11-' CV AUG-25'!AT11 -> 0 | AU11: =' CV Nov-25'!AY11-' CV AUG-25'!AU11 -> 0 | AW11: =' CV Nov-25'!BA11-' CV AUG-25'!AW11 -> 0 | AX11: =' CV Nov-25'!BB11-' CV AUG-25'!AX11 -> 0 | AZ11: =' CV Nov-25'!BD11-' CV AUG-25'!AZ11 -> 0 | BA11: =' CV Nov-25'!BE11-' CV AUG-25'!BA11 -> 0 | BC11: =' CV Nov-25'!BG11-' CV AUG-25'!BC11 -> 0 | BD11: =' CV Nov-25'!BH11-' CV AUG-25'!BD11 -> 0 | BF11: =' CV Nov-25'!BJ11-' CV AUG-25'!BF11 -> 0 | BG11: =' CV Nov-25'!BK11-' CV AUG-25'!BG11 -> 0 | BH11: =' CV Nov-25'!BL11-' CV AUG-25'!BH11 -> 0 | BI11: =' CV Nov-25'!BM11-' CV AUG-25'!BI11 -> 0 | BJ11: =' CV Nov-25'!BN11-' CV AUG-25'!BJ11 -> 0 | BK11: =' CV Nov-25'!BO11-' CV AUG-25'!BK11 -> 0
D12: 4_7.5T_TO_12T | G12: =' CV Nov-25'!G12-' CV AUG-25'!G12 -> 0 | H12: =' CV Nov-25'!H12-' CV AUG-25'!H12 -> 0 | J12: =' CV Nov-25'!J12-' CV AUG-25'!J12 -> 0 | K12: =' CV Nov-25'!K12-' CV AUG-25'!K12 -> 0 | M12: =' CV Nov-25'!M12-' CV AUG-25'!M12 -> 0 | N12: =' CV Nov-25'!N12-' CV AUG-25'!N12 -> 0 | P12: =' CV Nov-25'!P12-' CV AUG-25'!P12 -> 0 | Q12: =' CV Nov-25'!Q12-' CV AUG-25'!Q12 -> 0 | S12: =' CV Nov-25'!U12-' CV AUG-25'!S12 -> 0 | T12: =' CV Nov-25'!V12-' CV AUG-25'!T12 -> 0 | V12: =' CV Nov-25'!X12-' CV AUG-25'!V12 -> 0 | W12: =' CV Nov-25'!Y12-' CV AUG-25'!W12 -> 0 | Y12: =' CV Nov-25'!AC12-' CV AUG-25'!Y12 -> 0 | Z12: =' CV Nov-25'!AD12-' CV AUG-25'!Z12 -> 0 | AB12: =' CV Nov-25'!AF12-' CV AUG-25'!AB12 -> 0 | AC12: =' CV Nov-25'!AG12-' CV AUG-25'!AC12 -> 0 | AE12: =' CV Nov-25'!AI12-' CV AUG-25'!AE12 -> 0 | AF12: =' CV Nov-25'!AJ12-' CV AUG-25'!AF12 -> 0 | AH12: =' CV Nov-25'!AL12-' CV AUG-25'!AH12 -> 0 | AI12: =' CV Nov-25'!AM12-' CV AUG-25'!AI12 -> 0 | AK12: =' CV Nov-25'!AO12-' CV AUG-25'!AK12 -> 0 | AL12: =' CV Nov-25'!AP12-' CV AUG-25'!AL12 -> 0 | AN12: =' CV Nov-25'!AR12-' CV AUG-25'!AN12 -> 0 | AO12: =' CV Nov-25'!AS12-' CV AUG-25'!AO12 -> 0 | AQ12: =' CV Nov-25'!AU12-' CV AUG-25'!AQ12 -> 0 | AR12: =' CV Nov-25'!AV12-' CV AUG-25'!AR12 -> 0 | AT12: =' CV Nov-25'!AX12-' CV AUG-25'!AT12 -> 0 | AU12: =' CV Nov-25'!AY12-' CV AUG-25'!AU12 -> 0 | AW12: =' CV Nov-25'!BA12-' CV AUG-25'!AW12 -> 0 | AX12: =' CV Nov-25'!BB12-' CV AUG-25'!AX12 -> 0.025 | AZ12: =' CV Nov-25'!BD12-' CV AUG-25'!AZ12 -> 0 | BA12: =' CV Nov-25'!BE12-' CV AUG-25'!BA12 -> 0 | BC12: =' CV Nov-25'!BG12-' CV AUG-25'!BC12 -> 0 | BD12: =' CV Nov-25'!BH12-' CV AUG-25'!BD12 -> 0 | BF12: =' CV Nov-25'!BJ12-' CV AUG-25'!BF12 -> 0 | BG12: =' CV Nov-25'!BK12-' CV AUG-25'!BG12 -> 0 | BH12: =' CV Nov-25'!BL12-' CV AUG-25'!BH12 -> 0 | BI12: =' CV Nov-25'!BM12-' CV AUG-25'!BI12 -> 0 | BJ12: =' CV Nov-25'!BN12-' CV AUG-25'!BJ12 -> 0 | BK12: =' CV Nov-25'!BO12-' CV AUG-25'!BK12 -> 0
D13: 5_12T_TO_16T | G13: =' CV Nov-25'!G13-' CV AUG-25'!G13 -> 0 | H13: =' CV Nov-25'!H13-' CV AUG-25'!H13 -> 0 | J13: =' CV Nov-25'!J13-' CV AUG-25'!J13 -> 0 | K13: =' CV Nov-25'!K13-' CV AUG-25'!K13 -> 0 | M13: =' CV Nov-25'!M13-' CV AUG-25'!M13 -> 0 | N13: =' CV Nov-25'!N13-' CV AUG-25'!N13 -> 0.15 | P13: =' CV Nov-25'!P13-' CV AUG-25'!P13 -> 0 | Q13: =' CV Nov-25'!Q13-' CV AUG-25'!Q13 -> 0 | S13: =' CV Nov-25'!U13-' CV AUG-25'!S13 -> 0 | T13: =' CV Nov-25'!V13-' CV AUG-25'!T13 -> 0 | V13: =' CV Nov-25'!X13-' CV AUG-25'!V13 -> 0 | W13: =' CV Nov-25'!Y13-' CV AUG-25'!W13 -> 0 | Y13: =' CV Nov-25'!AC13-' CV AUG-25'!Y13 -> 0 | Z13: =' CV Nov-25'!AD13-' CV AUG-25'!Z13 -> 0 | AB13: =' CV Nov-25'!AF13-' CV AUG-25'!AB13 -> 0 | AC13: =' CV Nov-25'!AG13-' CV AUG-25'!AC13 -> 0.045 | AE13: =' CV Nov-25'!AI13-' CV AUG-25'!AE13 -> 0 | AF13: =' CV Nov-25'!AJ13-' CV AUG-25'!AF13 -> 0 | AH13: =' CV Nov-25'!AL13-' CV AUG-25'!AH13 -> 0 | AI13: =' CV Nov-25'!AM13-' CV AUG-25'!AI13 -> 0 | AK13: =' CV Nov-25'!AO13-' CV AUG-25'!AK13 -> 0 | AL13: =' CV Nov-25'!AP13-' CV AUG-25'!AL13 -> 0 | AN13: =' CV Nov-25'!AR13-' CV AUG-25'!AN13 -> 0 | AO13: =' CV Nov-25'!AS13-' CV AUG-25'!AO13 -> 0 | AQ13: =' CV Nov-25'!AU13-' CV AUG-25'!AQ13 -> 0 | AR13: =' CV Nov-25'!AV13-' CV AUG-25'!AR13 -> 0 | AT13: =' CV Nov-25'!AX13-' CV AUG-25'!AT13 -> 0 | AU13: =' CV Nov-25'!AY13-' CV AUG-25'!AU13 -> 0 | AW13: =' CV Nov-25'!BA13-' CV AUG-25'!AW13 -> 0 | AX13: =' CV Nov-25'!BB13-' CV AUG-25'!AX13 -> 0.025 | AZ13: =' CV Nov-25'!BD13-' CV AUG-25'!AZ13 -> 0 | BA13: =' CV Nov-25'!BE13-' CV AUG-25'!BA13 -> 0 | BC13: =' CV Nov-25'!BG13-' CV AUG-25'!BC13 -> 0 | BD13: =' CV Nov-25'!BH13-' CV AUG-25'!BD13 -> 0 | BF13: =' CV Nov-25'!BJ13-' CV AUG-25'!BF13 -> 0 | BG13: =' CV Nov-25'!BK13-' CV AUG-25'!BG13 -> 0 | BH13: =' CV Nov-25'!BL13-' CV AUG-25'!BH13 -> 0 | BI13: =' CV Nov-25'!BM13-' CV AUG-25'!BI13 -> 0 | BJ13: =' CV Nov-25'!BN13-' CV AUG-25'!BJ13 -> 0 | BK13: =' CV Nov-25'!BO13-' CV AUG-25'!BK13 -> 0
D14: 6_16T_TO_20T | G14: =' CV Nov-25'!G14-' CV AUG-25'!G14 -> 0 | H14: =' CV Nov-25'!H14-' CV AUG-25'!H14 -> 0 | J14: =' CV Nov-25'!J14-' CV AUG-25'!J14 -> 0 | K14: =' CV Nov-25'!K14-' CV AUG-25'!K14 -> 0 | M14: =' CV Nov-25'!M14-' CV AUG-25'!M14 -> 0 | N14: =' CV Nov-25'!N14-' CV AUG-25'!N14 -> 0.15 | P14: =' CV Nov-25'!P14-' CV AUG-25'!P14 -> 0 | Q14: =' CV Nov-25'!Q14-' CV AUG-25'!Q14 -> 0 | S14: =' CV Nov-25'!U14-' CV AUG-25'!S14 -> 0 | T14: =' CV Nov-25'!V14-' CV AUG-25'!T14 -> 0 | V14: =' CV Nov-25'!X14-' CV AUG-25'!V14 -> 0 | W14: =' CV Nov-25'!Y14-' CV AUG-25'!W14 -> 0 | Y14: =' CV Nov-25'!AC14-' CV AUG-25'!Y14 -> 0 | Z14: =' CV Nov-25'!AD14-' CV AUG-25'!Z14 -> 0 | AB14: =' CV Nov-25'!AF14-' CV AUG-25'!AB14 -> 0 | AC14: =' CV Nov-25'!AG14-' CV AUG-25'!AC14 -> 0.07 | AE14: =' CV Nov-25'!AI14-' CV AUG-25'!AE14 -> 0 | AF14: =' CV Nov-25'!AJ14-' CV AUG-25'!AF14 -> 0 | AH14: =' CV Nov-25'!AL14-' CV AUG-25'!AH14 -> 0 | AI14: =' CV Nov-25'!AM14-' CV AUG-25'!AI14 -> 0.025 | AK14: =' CV Nov-25'!AO14-' CV AUG-25'!AK14 -> 0 | AL14: =' CV Nov-25'!AP14-' CV AUG-25'!AL14 -> 0 | AN14: =' CV Nov-25'!AR14-' CV AUG-25'!AN14 -> 0 | AO14: =' CV Nov-25'!AS14-' CV AUG-25'!AO14 -> 0 | AQ14: =' CV Nov-25'!AU14-' CV AUG-25'!AQ14 -> 0 | AR14: =' CV Nov-25'!AV14-' CV AUG-25'!AR14 -> 0 | AT14: =' CV Nov-25'!AX14-' CV AUG-25'!AT14 -> 0 | AU14: =' CV Nov-25'!AY14-' CV AUG-25'!AU14 -> 0 | AW14: =' CV Nov-25'!BA14-' CV AUG-25'!AW14 -> 0 | AX14: =' CV Nov-25'!BB14-' CV AUG-25'!AX14 -> 0.05 | AZ14: =' CV Nov-25'!BD14-' CV AUG-25'!AZ14 -> 0 | BA14: =' CV Nov-25'!BE14-' CV AUG-25'!BA14 -> 0 | BC14: =' CV Nov-25'!BG14-' CV AUG-25'!BC14 -> 0 | BD14: =' CV Nov-25'!BH14-' CV AUG-25'!BD14 -> 0 | BF14: =' CV Nov-25'!BJ14-' CV AUG-25'!BF14 -> 0 | BG14: =' CV Nov-25'!BK14-' CV AUG-25'!BG14 -> 0 | BH14: =' CV Nov-25'!BL14-' CV AUG-25'!BH14 -> 0 | BI14: =' CV Nov-25'!BM14-' CV AUG-25'!BI14 -> 0 | BJ14: =' CV Nov-25'!BN14-' CV AUG-25'!BJ14 -> 0 | BK14: =' CV Nov-25'!BO14-' CV AUG-25'!BK14 -> 0
D15: 7_20T_TO_40T | G15: =' CV Nov-25'!G15-' CV AUG-25'!G15 -> 0 | H15: =' CV Nov-25'!H15-' CV AUG-25'!H15 -> 0.025 | J15: =' CV Nov-25'!J15-' CV AUG-25'!J15 -> 0 | K15: =' CV Nov-25'!K15-' CV AUG-25'!K15 -> 0 | M15: =' CV Nov-25'!M15-' CV AUG-25'!M15 -> 0 | N15: =' CV Nov-25'!N15-' CV AUG-25'!N15 -> 0.1 | P15: =' CV Nov-25'!P15-' CV AUG-25'!P15 -> 0 | Q15: =' CV Nov-25'!Q15-' CV AUG-25'!Q15 -> 0.05 | S15: =' CV Nov-25'!U15-' CV AUG-25'!S15 -> 0 | T15: =' CV Nov-25'!V15-' CV AUG-25'!T15 -> 0.05 | V15: =' CV Nov-25'!X15-' CV AUG-25'!V15 -> 0 | W15: =' CV Nov-25'!Y15-' CV AUG-25'!W15 -> 0 | Y15: =' CV Nov-25'!AC15-' CV AUG-25'!Y15 -> 0 | Z15: =' CV Nov-25'!AD15-' CV AUG-25'!Z15 -> 0 | AB15: =' CV Nov-25'!AF15-' CV AUG-25'!AB15 -> 0 | AC15: =' CV Nov-25'!AG15-' CV AUG-25'!AC15 -> 0 | AE15: =' CV Nov-25'!AI15-' CV AUG-25'!AE15 -> 0 | AF15: =' CV Nov-25'!AJ15-' CV AUG-25'!AF15 -> 0 | AH15: =' CV Nov-25'!AL15-' CV AUG-25'!AH15 -> 0 | AI15: =' CV Nov-25'!AM15-' CV AUG-25'!AI15 -> 0.09 | AK15: =' CV Nov-25'!AO15-' CV AUG-25'!AK15 -> 0 | AL15: =' CV Nov-25'!AP15-' CV AUG-25'!AL15 -> 0 | AN15: =' CV Nov-25'!AR15-' CV AUG-25'!AN15 -> 0 | AO15: =' CV Nov-25'!AS15-' CV AUG-25'!AO15 -> 0 | AQ15: =' CV Nov-25'!AU15-' CV AUG-25'!AQ15 -> 0 | AR15: =' CV Nov-25'!AV15-' CV AUG-25'!AR15 -> 0 | AT15: =' CV Nov-25'!AX15-' CV AUG-25'!AT15 -> 0 | AU15: =' CV Nov-25'!AY15-' CV AUG-25'!AU15 -> 0 | AW15: =' CV Nov-25'!BA15-' CV AUG-25'!AW15 -> 0 | AX15: =' CV Nov-25'!BB15-' CV AUG-25'!AX15 -> 0.025 | AZ15: =' CV Nov-25'!BD15-' CV AUG-25'!AZ15 -> 0 | BA15: =' CV Nov-25'!BE15-' CV AUG-25'!BA15 -> 0 | BC15: =' CV Nov-25'!BG15-' CV AUG-25'!BC15 -> 0 | BD15: =' CV Nov-25'!BH15-' CV AUG-25'!BD15 -> 0 | BF15: =' CV Nov-25'!BJ15-' CV AUG-25'!BF15 -> 0 | BG15: =' CV Nov-25'!BK15-' CV AUG-25'!BG15 -> 0 | BH15: =' CV Nov-25'!BL15-' CV AUG-25'!BH15 -> 0 | BI15: =' CV Nov-25'!BM15-' CV AUG-25'!BI15 -> 0 | BJ15: =' CV Nov-25'!BN15-' CV AUG-25'!BJ15 -> 0 | BK15: =' CV Nov-25'!BO15-' CV AUG-25'!BK15 -> 0
D16: 8_40T_TO_43T | G16: =' CV Nov-25'!G16-' CV AUG-25'!G16 -> 0 | H16: =' CV Nov-25'!H16-' CV AUG-25'!H16 -> 0.02 | J16: =' CV Nov-25'!J16-' CV AUG-25'!J16 -> 0 | K16: =' CV Nov-25'!K16-' CV AUG-25'!K16 -> 0 | L16: 0 | M16: =' CV Nov-25'!M16-' CV AUG-25'!M16 -> 0 | N16: =' CV Nov-25'!N16-' CV AUG-25'!N16 -> 0 | P16: =' CV Nov-25'!P16-' CV AUG-25'!P16 -> 0 | Q16: =' CV Nov-25'!Q16-' CV AUG-25'!Q16 -> 0.045 | S16: =' CV Nov-25'!U16-' CV AUG-25'!S16 -> 0 | T16: =' CV Nov-25'!V16-' CV AUG-25'!T16 -> 0 | V16: =' CV Nov-25'!X16-' CV AUG-25'!V16 -> 0 | W16: =' CV Nov-25'!Y16-' CV AUG-25'!W16 -> 0 | Y16: =' CV Nov-25'!AC16-' CV AUG-25'!Y16 -> 0 | Z16: =' CV Nov-25'!AD16-' CV AUG-25'!Z16 -> 0 | AB16: =' CV Nov-25'!AF16-' CV AUG-25'!AB16 -> 0 | AC16: =' CV Nov-25'!AG16-' CV AUG-25'!AC16 -> 0 | AE16: =' CV Nov-25'!AI16-' CV AUG-25'!AE16 -> 0 | AF16: =' CV Nov-25'!AJ16-' CV AUG-25'!AF16 -> 0 | AH16: =' CV Nov-25'!AL16-' CV AUG-25'!AH16 -> 0 | AI16: =' CV Nov-25'!AM16-' CV AUG-25'!AI16 -> 0.04 | AK16: =' CV Nov-25'!AO16-' CV AUG-25'!AK16 -> 0 | AL16: =' CV Nov-25'!AP16-' CV AUG-25'!AL16 -> 0 | AN16: =' CV Nov-25'!AR16-' CV AUG-25'!AN16 -> 0 | AO16: =' CV Nov-25'!AS16-' CV AUG-25'!AO16 -> 0 | AQ16: =' CV Nov-25'!AU16-' CV AUG-25'!AQ16 -> 0 | AR16: =' CV Nov-25'!AV16-' CV AUG-25'!AR16 -> 0 | AT16: =' CV Nov-25'!AX16-' CV AUG-25'!AT16 -> 0 | AU16: =' CV Nov-25'!AY16-' CV AUG-25'!AU16 -> 0 | AW16: =' CV Nov-25'!BA16-' CV AUG-25'!AW16 -> 0 | AX16: =' CV Nov-25'!BB16-' CV AUG-25'!AX16 -> 0 | AZ16: =' CV Nov-25'!BD16-' CV AUG-25'!AZ16 -> 0 | BA16: =' CV Nov-25'!BE16-' CV AUG-25'!BA16 -> 0 | BC16: =' CV Nov-25'!BG16-' CV AUG-25'!BC16 -> 0 | BD16: =' CV Nov-25'!BH16-' CV AUG-25'!BD16 -> 0 | BF16: =' CV Nov-25'!BJ16-' CV AUG-25'!BF16 -> 0 | BG16: =' CV Nov-25'!BK16-' CV AUG-25'!BG16 -> 0 | BH16: =' CV Nov-25'!BL16-' CV AUG-25'!BH16 -> 0 | BI16: =' CV Nov-25'!BM16-' CV AUG-25'!BI16 -> 0 | BJ16: =' CV Nov-25'!BN16-' CV AUG-25'!BJ16 -> 0 | BK16: =' CV Nov-25'!BO16-' CV AUG-25'!BK16 -> 0
D17: 9_43T_TO_47T | G17: =' CV Nov-25'!G17-' CV AUG-25'!G17 -> 0 | H17: =' CV Nov-25'!H17-' CV AUG-25'!H17 -> 0 | J17: =' CV Nov-25'!J17-' CV AUG-25'!J17 -> 0 | K17: =' CV Nov-25'!K17-' CV AUG-25'!K17 -> 0 | L17: 0 | M17: =' CV Nov-25'!M17-' CV AUG-25'!M17 -> 0 | N17: =' CV Nov-25'!N17-' CV AUG-25'!N17 -> 0 | P17: =' CV Nov-25'!P17-' CV AUG-25'!P17 -> 0 | Q17: =' CV Nov-25'!Q17-' CV AUG-25'!Q17 -> 0 | S17: =' CV Nov-25'!U17-' CV AUG-25'!S17 -> 0 | T17: =' CV Nov-25'!V17-' CV AUG-25'!T17 -> 0 | V17: =' CV Nov-25'!X17-' CV AUG-25'!V17 -> 0 | W17: =' CV Nov-25'!Y17-' CV AUG-25'!W17 -> 0 | Y17: =' CV Nov-25'!AC17-' CV AUG-25'!Y17 -> 0 | Z17: =' CV Nov-25'!AD17-' CV AUG-25'!Z17 -> 0 | AB17: =' CV Nov-25'!AF17-' CV AUG-25'!AB17 -> 0 | AC17: =' CV Nov-25'!AG17-' CV AUG-25'!AC17 -> 0 | AE17: =' CV Nov-25'!AI17-' CV AUG-25'!AE17 -> 0 | AF17: =' CV Nov-25'!AJ17-' CV AUG-25'!AF17 -> 0 | AH17: =' CV Nov-25'!AL17-' CV AUG-25'!AH17 -> 0 | AI17: =' CV Nov-25'!AM17-' CV AUG-25'!AI17 -> 0.225 | AK17: =' CV Nov-25'!AO17-' CV AUG-25'!AK17 -> 0 | AL17: =' CV Nov-25'!AP17-' CV AUG-25'!AL17 -> 0 | AN17: =' CV Nov-25'!AR17-' CV AUG-25'!AN17 -> 0 | AO17: =' CV Nov-25'!AS17-' CV AUG-25'!AO17 -> 0 | AQ17: =' CV Nov-25'!AU17-' CV AUG-25'!AQ17 -> 0 | AR17: =' CV Nov-25'!AV17-' CV AUG-25'!AR17 -> 0 | AT17: =' CV Nov-25'!AX17-' CV AUG-25'!AT17 -> 0 | AU17: =' CV Nov-25'!AY17-' CV AUG-25'!AU17 -> 0 | AW17: =' CV Nov-25'!BA17-' CV AUG-25'!AW17 -> 0 | AX17: =' CV Nov-25'!BB17-' CV AUG-25'!AX17 -> 0 | AZ17: =' CV Nov-25'!BD17-' CV AUG-25'!AZ17 -> 0 | BA17: =' CV Nov-25'!BE17-' CV AUG-25'!BA17 -> 0 | BC17: =' CV Nov-25'!BG17-' CV AUG-25'!BC17 -> 0 | BD17: =' CV Nov-25'!BH17-' CV AUG-25'!BD17 -> 0 | BF17: =' CV Nov-25'!BJ17-' CV AUG-25'!BF17 -> 0 | BG17: =' CV Nov-25'!BK17-' CV AUG-25'!BG17 -> 0 | BH17: =' CV Nov-25'!BL17-' CV AUG-25'!BH17 -> 0 | BI17: =' CV Nov-25'!BM17-' CV AUG-25'!BI17 -> 0 | BJ17: =' CV Nov-25'!BN17-' CV AUG-25'!BJ17 -> 0 | BK17: =' CV Nov-25'!BO17-' CV AUG-25'!BK17 -> 0
D18: 10_ABOVE_47T | G18: =' CV Nov-25'!G18-' CV AUG-25'!G18 -> 0 | H18: =' CV Nov-25'!H18-' CV AUG-25'!H18 -> 0 | I18: 0 | J18: =' CV Nov-25'!J18-' CV AUG-25'!J18 -> 0 | K18: =' CV Nov-25'!K18-' CV AUG-25'!K18 -> 0 | L18: 0 | M18: =' CV Nov-25'!M18-' CV AUG-25'!M18 -> 0 | N18: =' CV Nov-25'!N18-' CV AUG-25'!N18 -> 0 | O18: 0 | P18: =' CV Nov-25'!P18-' CV AUG-25'!P18 -> 0 | Q18: =' CV Nov-25'!Q18-' CV AUG-25'!Q18 -> 0 | R18: 0 | S18: =' CV Nov-25'!U18-' CV AUG-25'!S18 -> 0 | T18: =' CV Nov-25'!V18-' CV AUG-25'!T18 -> 0 | U18: 0 | V18: =' CV Nov-25'!X18-' CV AUG-25'!V18 -> 0 | W18: =' CV Nov-25'!Y18-' CV AUG-25'!W18 -> 0 | X18: 0 | Y18: =' CV Nov-25'!AC18-' CV AUG-25'!Y18 -> 0 | Z18: =' CV Nov-25'!AD18-' CV AUG-25'!Z18 -> 0 | AA18: 0 | AB18: =' CV Nov-25'!AF18-' CV AUG-25'!AB18 -> 0 | AC18: =' CV Nov-25'!AG18-' CV AUG-25'!AC18 -> 0 | AD18: 0 | AE18: =' CV Nov-25'!AI18-' CV AUG-25'!AE18 -> 0 | AF18: =' CV Nov-25'!AJ18-' CV AUG-25'!AF18 -> 0 | AG18: 0 | AH18: =' CV Nov-25'!AL18-' CV AUG-25'!AH18 -> 0 | AI18: =' CV Nov-25'!AM18-' CV AUG-25'!AI18 -> 0 | AJ18: 0 | AK18: =' CV Nov-25'!AO18-' CV AUG-25'!AK18 -> 0 | AL18: =' CV Nov-25'!AP18-' CV AUG-25'!AL18 -> 0 | AM18: 0 | AN18: =' CV Nov-25'!AR18-' CV AUG-25'!AN18 -> 0 | AO18: =' CV Nov-25'!AS18-' CV AUG-25'!AO18 -> 0 | AP18: 0 | AQ18: =' CV Nov-25'!AU18-' CV AUG-25'!AQ18 -> 0 | AR18: =' CV Nov-25'!AV18-' CV AUG-25'!AR18 -> 0 | AS18: 0 | AT18: =' CV Nov-25'!AX18-' CV AUG-25'!AT18 -> 0 | AU18: =' CV Nov-25'!AY18-' CV AUG-25'!AU18 -> 0 | AV18: 0 | AW18: =' CV Nov-25'!BA18-' CV AUG-25'!AW18 -> 0 | AX18: =' CV Nov-25'!BB18-' CV AUG-25'!AX18 -> 0 | AY18: 0 | AZ18: =' CV Nov-25'!BD18-' CV AUG-25'!AZ18 -> 0 | BA18: =' CV Nov-25'!BE18-' CV AUG-25'!BA18 -> 0 | BB18: 0 | BC18: =' CV Nov-25'!BG18-' CV AUG-25'!BC18 -> 0 | BD18: =' CV Nov-25'!BH18-' CV AUG-25'!BD18 -> 0 | BE18: 0 | BF18: =' CV Nov-25'!BJ18-' CV AUG-25'!BF18 -> 0 | BG18: =' CV Nov-25'!BK18-' CV AUG-25'!BG18 -> 0 | BH18: =' CV Nov-25'!BL18-' CV AUG-25'!BH18 -> 0 | BI18: =' CV Nov-25'!BM18-' CV AUG-25'!BI18 -> 0 | BJ18: =' CV Nov-25'!BN18-' CV AUG-25'!BJ18 -> 0 | BK18: =' CV Nov-25'!BO18-' CV AUG-25'!BK18 -> 0
C20: PCCV<6 | D20: 1_3W_AUTO | G20: =' CV Nov-25'!G20-' CV AUG-25'!G20 -> 0 | H20: =' CV Nov-25'!H20-' CV AUG-25'!H20 -> 0 | I20: 0 | J20: =' CV Nov-25'!J20-' CV AUG-25'!J20 -> 0 | K20: =' CV Nov-25'!K20-' CV AUG-25'!K20 -> 0 | L20: 0 | M20: =' CV Nov-25'!M20-' CV AUG-25'!M20 -> 0 | N20: =' CV Nov-25'!N20-' CV AUG-25'!N20 -> 0 | O20: 0 | P20: =' CV Nov-25'!P20-' CV AUG-25'!P20 -> 0 | Q20: =' CV Nov-25'!Q20-' CV AUG-25'!Q20 -> 0 | R20: 0 | S20: =' CV Nov-25'!U20-' CV AUG-25'!S20 -> 0 | T20: =' CV Nov-25'!V20-' CV AUG-25'!T20 -> 0 | U20: 0 | V20: =' CV Nov-25'!X20-' CV AUG-25'!V20 -> 0 | W20: =' CV Nov-25'!Y20-' CV AUG-25'!W20 -> 0 | X20: 0 | Y20: =' CV Nov-25'!AC20-' CV AUG-25'!Y20 -> 0 | Z20: =' CV Nov-25'!AD20-' CV AUG-25'!Z20 -> 0 | AA20: 0 | AB20: =' CV Nov-25'!AF20-' CV AUG-25'!AB20 -> 0 | AC20: =' CV Nov-25'!AG20-' CV AUG-25'!AC20 -> 0 | AD20: 0 | AE20: =' CV Nov-25'!AI20-' CV AUG-25'!AE20 -> 0 | AF20: =' CV Nov-25'!AJ20-' CV AUG-25'!AF20 -> 0 | AG20: 0 | AH20: =' CV Nov-25'!AL20-' CV AUG-25'!AH20 -> 0 | AI20: =' CV Nov-25'!AM20-' CV AUG-25'!AI20 -> 0 | AJ20: 0 | AK20: =' CV Nov-25'!AO20-' CV AUG-25'!AK20 -> 0 | AL20: =' CV Nov-25'!AP20-' CV AUG-25'!AL20 -> 0 | AM20: 0 | AN20: =' CV Nov-25'!AR20-' CV AUG-25'!AN20 -> 0 | AO20: =' CV Nov-25'!AS20-' CV AUG-25'!AO20 -> 0 | AP20: 0 | AQ20: =' CV Nov-25'!AU20-' CV AUG-25'!AQ20 -> 0 | AR20: =' CV Nov-25'!AV20-' CV AUG-25'!AR20 -> 0 | AS20: 0 | AT20: =' CV Nov-25'!AX20-' CV AUG-25'!AT20 -> 0 | AU20: =' CV Nov-25'!AY20-' CV AUG-25'!AU20 -> 0 | AV20: 0 | AW20: =' CV Nov-25'!BA20-' CV AUG-25'!AW20 -> 0 | AX20: =' CV Nov-25'!BB20-' CV AUG-25'!AX20 -> 0 | AY20: 0 | AZ20: =' CV Nov-25'!BD20-' CV AUG-25'!AZ20 -> 0 | BA20: =' CV Nov-25'!BE20-' CV AUG-25'!BA20 -> 0 | BB20: 0 | BC20: =' CV Nov-25'!BG20-' CV AUG-25'!BC20 -> 0 | BD20: =' CV Nov-25'!BH20-' CV AUG-25'!BD20 -> 0 | BE20: 0 | BF20: =' CV Nov-25'!BJ20-' CV AUG-25'!BF20 -> 0 | BG20: =' CV Nov-25'!BK20-' CV AUG-25'!BG20 -> 0 | BH20: =' CV Nov-25'!BL20-' CV AUG-25'!BH20 -> 0 | BI20: =' CV Nov-25'!BM20-' CV AUG-25'!BI20 -> 0 | BJ20: =' CV Nov-25'!BN20-' CV AUG-25'!BJ20 -> 0 | BK20: =' CV Nov-25'!BO20-' CV AUG-25'!BK20 -> 0
D21: 1_3W_AUTO[Electric] | G21: =' CV Nov-25'!G21-' CV AUG-25'!G21 -> 0 | H21: =' CV Nov-25'!H21-' CV AUG-25'!H21 -> 0 | I21: 0 | J21: =' CV Nov-25'!J21-' CV AUG-25'!J21 -> 0 | K21: =' CV Nov-25'!K21-' CV AUG-25'!K21 -> 0 | L21: 0 | M21: =' CV Nov-25'!M21-' CV AUG-25'!M21 -> 0 | N21: =' CV Nov-25'!N21-' CV AUG-25'!N21 -> 0 | O21: 0 | P21: =' CV Nov-25'!P21-' CV AUG-25'!P21 -> 0 | Q21: =' CV Nov-25'!Q21-' CV AUG-25'!Q21 -> 0 | R21: 0 | S21: =' CV Nov-25'!U21-' CV AUG-25'!S21 -> 0 | T21: =' CV Nov-25'!V21-' CV AUG-25'!T21 -> 0 | U21: 0 | V21: =' CV Nov-25'!X21-' CV AUG-25'!V21 -> 0 | W21: =' CV Nov-25'!Y21-' CV AUG-25'!W21 -> 0 | X21: 0 | Y21: =' CV Nov-25'!AC21-' CV AUG-25'!Y21 -> 0 | Z21: =' CV Nov-25'!AD21-' CV AUG-25'!Z21 -> 0 | AA21: 0 | AB21: =' CV Nov-25'!AF21-' CV AUG-25'!AB21 -> 0 | AC21: =' CV Nov-25'!AG21-' CV AUG-25'!AC21 -> 0 | AD21: 0 | AE21: =' CV Nov-25'!AI21-' CV AUG-25'!AE21 -> 0 | AF21: =' CV Nov-25'!AJ21-' CV AUG-25'!AF21 -> 0 | AG21: 0 | AH21: =' CV Nov-25'!AL21-' CV AUG-25'!AH21 -> 0 | AI21: =' CV Nov-25'!AM21-' CV AUG-25'!AI21 -> 0 | AJ21: 0 | AK21: =' CV Nov-25'!AO21-' CV AUG-25'!AK21 -> 0 | AL21: =' CV Nov-25'!AP21-' CV AUG-25'!AL21 -> 0 | AM21: 0 | AN21: =' CV Nov-25'!AR21-' CV AUG-25'!AN21 -> 0 | AO21: =' CV Nov-25'!AS21-' CV AUG-25'!AO21 -> 0 | AP21: 0 | AQ21: =' CV Nov-25'!AU21-' CV AUG-25'!AQ21 -> 0 | AR21: =' CV Nov-25'!AV21-' CV AUG-25'!AR21 -> 0 | AS21: 0 | AT21: =' CV Nov-25'!AX21-' CV AUG-25'!AT21 -> 0 | AU21: =' CV Nov-25'!AY21-' CV AUG-25'!AU21 -> 0 | AV21: 0 | AW21: =' CV Nov-25'!BA21-' CV AUG-25'!AW21 -> 0 | AX21: =' CV Nov-25'!BB21-' CV AUG-25'!AX21 -> 0 | AY21: 0 | AZ21: =' CV Nov-25'!BD21-' CV AUG-25'!AZ21 -> 0 | BA21: =' CV Nov-25'!BE21-' CV AUG-25'!BA21 -> 0 | BB21: 0 | BC21: =' CV Nov-25'!BG21-' CV AUG-25'!BC21 -> 0 | BD21: =' CV Nov-25'!BH21-' CV AUG-25'!BD21 -> 0 | BE21: 0 | BF21: =' CV Nov-25'!BJ21-' CV AUG-25'!BF21 -> 0 | BG21: =' CV Nov-25'!BK21-' CV AUG-25'!BG21 -> 0 | BH21: =' CV Nov-25'!BL21-' CV AUG-25'!BH21 -> 0 | BI21: =' CV Nov-25'!BM21-' CV AUG-25'!BI21 -> 0 | BJ21: =' CV Nov-25'!BN21-' CV AUG-25'!BJ21 -> 0 | BK21: =' CV Nov-25'!BO21-' CV AUG-25'!BK21 -> 0
D22: 2_4W_LT_1500CC | G22: =' CV Nov-25'!G22-' CV AUG-25'!G22 -> 0 | H22: =' CV Nov-25'!H22-' CV AUG-25'!H22 -> 0 | I22: 0 | J22: =' CV Nov-25'!J22-' CV AUG-25'!J22 -> 0 | K22: =' CV Nov-25'!K22-' CV AUG-25'!K22 -> 0 | L22: 0 | M22: =' CV Nov-25'!M22-' CV AUG-25'!M22 -> 0 | N22: =' CV Nov-25'!N22-' CV AUG-25'!N22 -> 0 | O22: 0 | P22: =' CV Nov-25'!P22-' CV AUG-25'!P22 -> 0 | Q22: =' CV Nov-25'!Q22-' CV AUG-25'!Q22 -> 0 | R22: 0 | S22: =' CV Nov-25'!U22-' CV AUG-25'!S22 -> 0 | T22: =' CV Nov-25'!V22-' CV AUG-25'!T22 -> 0 | U22: 0 | V22: =' CV Nov-25'!X22-' CV AUG-25'!V22 -> 0 | W22: =' CV Nov-25'!Y22-' CV AUG-25'!W22 -> 0 | X22: 0 | Y22: =' CV Nov-25'!AC22-' CV AUG-25'!Y22 -> 0 | Z22: =' CV Nov-25'!AD22-' CV AUG-25'!Z22 -> 0 | AA22: 0 | AB22: =' CV Nov-25'!AF22-' CV AUG-25'!AB22 -> 0 | AC22: =' CV Nov-25'!AG22-' CV AUG-25'!AC22 -> 0 | AD22: 0 | AE22: =' CV Nov-25'!AI22-' CV AUG-25'!AE22 -> 0 | AF22: =' CV Nov-25'!AJ22-' CV AUG-25'!AF22 -> 0 | AG22: 0 | AH22: =' CV Nov-25'!AL22-' CV AUG-25'!AH22 -> 0 | AI22: =' CV Nov-25'!AM22-' CV AUG-25'!AI22 -> 0 | AJ22: 0 | AK22: =' CV Nov-25'!AO22-' CV AUG-25'!AK22 -> 0 | AL22: =' CV Nov-25'!AP22-' CV AUG-25'!AL22 -> 0 | AM22: 0 | AN22: =' CV Nov-25'!AR22-' CV AUG-25'!AN22 -> 0 | AO22: =' CV Nov-25'!AS22-' CV AUG-25'!AO22 -> 0 | AP22: 0 | AQ22: =' CV Nov-25'!AU22-' CV AUG-25'!AQ22 -> 0 | AR22: =' CV Nov-25'!AV22-' CV AUG-25'!AR22 -> 0 | AS22: 0 | AT22: =' CV Nov-25'!AX22-' CV AUG-25'!AT22 -> 0 | AU22: =' CV Nov-25'!AY22-' CV AUG-25'!AU22 -> 0 | AV22: 0 | AW22: =' CV Nov-25'!BA22-' CV AUG-25'!AW22 -> 0 | AX22: =' CV Nov-25'!BB22-' CV AUG-25'!AX22 -> 0 | AY22: 0 | AZ22: =' CV Nov-25'!BD22-' CV AUG-25'!AZ22 -> 0 | BA22: =' CV Nov-25'!BE22-' CV AUG-25'!BA22 -> 0 | BB22: 0 | BC22: =' CV Nov-25'!BG22-' CV AUG-25'!BC22 -> 0 | BD22: =' CV Nov-25'!BH22-' CV AUG-25'!BD22 -> 0 | BE22: 0 | BF22: =' CV Nov-25'!BJ22-' CV AUG-25'!BF22 -> 0 | BG22: =' CV Nov-25'!BK22-' CV AUG-25'!BG22 -> 0 | BH22: =' CV Nov-25'!BL22-' CV AUG-25'!BH22 -> 0 | BI22: =' CV Nov-25'!BM22-' CV AUG-25'!BI22 -> 0 | BJ22: =' CV Nov-25'!BN22-' CV AUG-25'!BJ22 -> 0 | BK22: =' CV Nov-25'!BO22-' CV AUG-25'!BK22 -> 0
D23: 3_4W_GT_1500CC | G23: =' CV Nov-25'!G23-' CV AUG-25'!G23 -> 0 | H23: =' CV Nov-25'!H23-' CV AUG-25'!H23 -> 0 | I23: 0 | J23: =' CV Nov-25'!J23-' CV AUG-25'!J23 -> 0 | K23: =' CV Nov-25'!K23-' CV AUG-25'!K23 -> 0 | L23: 0 | M23: =' CV Nov-25'!M23-' CV AUG-25'!M23 -> 0 | N23: =' CV Nov-25'!N23-' CV AUG-25'!N23 -> 0 | O23: 0 | P23: =' CV Nov-25'!P23-' CV AUG-25'!P23 -> 0 | Q23: =' CV Nov-25'!Q23-' CV AUG-25'!Q23 -> 0 | R23: 0 | S23: =' CV Nov-25'!U23-' CV AUG-25'!S23 -> 0 | T23: =' CV Nov-25'!V23-' CV AUG-25'!T23 -> 0 | U23: 0 | V23: =' CV Nov-25'!X23-' CV AUG-25'!V23 -> 0 | W23: =' CV Nov-25'!Y23-' CV AUG-25'!W23 -> 0 | X23: 0 | Y23: =' CV Nov-25'!AC23-' CV AUG-25'!Y23 -> 0 | Z23: =' CV Nov-25'!AD23-' CV AUG-25'!Z23 -> 0 | AA23: 0 | AB23: =' CV Nov-25'!AF23-' CV AUG-25'!AB23 -> 0 | AC23: =' CV Nov-25'!AG23-' CV AUG-25'!AC23 -> 0 | AD23: 0 | AE23: =' CV Nov-25'!AI23-' CV AUG-25'!AE23 -> 0 | AF23: =' CV Nov-25'!AJ23-' CV AUG-25'!AF23 -> 0 | AG23: 0 | AH23: =' CV Nov-25'!AL23-' CV AUG-25'!AH23 -> 0 | AI23: =' CV Nov-25'!AM23-' CV AUG-25'!AI23 -> 0 | AJ23: 0 | AK23: =' CV Nov-25'!AO23-' CV AUG-25'!AK23 -> 0 | AL23: =' CV Nov-25'!AP23-' CV AUG-25'!AL23 -> 0 | AM23: 0 | AN23: =' CV Nov-25'!AR23-' CV AUG-25'!AN23 -> 0 | AO23: =' CV Nov-25'!AS23-' CV AUG-25'!AO23 -> 0 | AP23: 0 | AQ23: =' CV Nov-25'!AU23-' CV AUG-25'!AQ23 -> 0 | AR23: =' CV Nov-25'!AV23-' CV AUG-25'!AR23 -> 0 | AS23: 0 | AT23: =' CV Nov-25'!AX23-' CV AUG-25'!AT23 -> 0 | AU23: =' CV Nov-25'!AY23-' CV AUG-25'!AU23 -> 0 | AV23: 0 | AW23: =' CV Nov-25'!BA23-' CV AUG-25'!AW23 -> 0 | AX23: =' CV Nov-25'!BB23-' CV AUG-25'!AX23 -> 0 | AY23: 0 | AZ23: =' CV Nov-25'!BD23-' CV AUG-25'!AZ23 -> 0 | BA23: =' CV Nov-25'!BE23-' CV AUG-25'!BA23 -> 0 | BB23: 0 | BC23: =' CV Nov-25'!BG23-' CV AUG-25'!BC23 -> 0 | BD23: =' CV Nov-25'!BH23-' CV AUG-25'!BD23 -> 0 | BE23: 0 | BF23: =' CV Nov-25'!BJ23-' CV AUG-25'!BF23 -> 0 | BG23: =' CV Nov-25'!BK23-' CV AUG-25'!BG23 -> 0 | BH23: =' CV Nov-25'!BL23-' CV AUG-25'!BH23 -> 0 | BI23: =' CV Nov-25'!BM23-' CV AUG-25'!BI23 -> 0 | BJ23: =' CV Nov-25'!BN23-' CV AUG-25'!BJ23 -> 0 | BK23: =' CV Nov-25'!BO23-' CV AUG-25'!BK23 -> 0
C25: PCCV>6 | D25: 1_SCHOOL_BUS | G25: =' CV Nov-25'!G25-' CV AUG-25'!G25 -> 0 | H25: =' CV Nov-25'!H25-' CV AUG-25'!H25 -> 0 | I25: 0 | J25: =' CV Nov-25'!J25-' CV AUG-25'!J25 -> 0 | K25: =' CV Nov-25'!K25-' CV AUG-25'!K25 -> 0 | L25: 0 | M25: =' CV Nov-25'!M25-' CV AUG-25'!M25 -> 0 | N25: =' CV Nov-25'!N25-' CV AUG-25'!N25 -> 0 | O25: 0 | P25: =' CV Nov-25'!P25-' CV AUG-25'!P25 -> 0 | Q25: =' CV Nov-25'!Q25-' CV AUG-25'!Q25 -> 0 | R25: 0 | S25: =' CV Nov-25'!U25-' CV AUG-25'!S25 -> 0 | T25: =' CV Nov-25'!V25-' CV AUG-25'!T25 -> 0 | U25: 0 | V25: =' CV Nov-25'!X25-' CV AUG-25'!V25 -> 0 | W25: =' CV Nov-25'!Y25-' CV AUG-25'!W25 -> 0 | X25: 0 | Y25: =' CV Nov-25'!AC25-' CV AUG-25'!Y25 -> 0 | Z25: =' CV Nov-25'!AD25-' CV AUG-25'!Z25 -> 0 | AA25: 0 | AB25: =' CV Nov-25'!AF25-' CV AUG-25'!AB25 -> 0 | AC25: =' CV Nov-25'!AG25-' CV AUG-25'!AC25 -> 0 | AD25: 0 | AE25: =' CV Nov-25'!AI25-' CV AUG-25'!AE25 -> 0 | AF25: =' CV Nov-25'!AJ25-' CV AUG-25'!AF25 -> 0 | AG25: 0 | AH25: =' CV Nov-25'!AL25-' CV AUG-25'!AH25 -> 0 | AI25: =' CV Nov-25'!AM25-' CV AUG-25'!AI25 -> 0 | AJ25: 0 | AK25: =' CV Nov-25'!AO25-' CV AUG-25'!AK25 -> 0 | AL25: =' CV Nov-25'!AP25-' CV AUG-25'!AL25 -> 0 | AM25: 0 | AN25: =' CV Nov-25'!AR25-' CV AUG-25'!AN25 -> 0 | AO25: =' CV Nov-25'!AS25-' CV AUG-25'!AO25 -> 0 | AP25: 0 | AQ25: =' CV Nov-25'!AU25-' CV AUG-25'!AQ25 -> 0 | AR25: =' CV Nov-25'!AV25-' CV AUG-25'!AR25 -> 0 | AS25: 0 | AT25: =' CV Nov-25'!AX25-' CV AUG-25'!AT25 -> 0 | AU25: =' CV Nov-25'!AY25-' CV AUG-25'!AU25 -> 0 | AV25: 0 | AW25: =' CV Nov-25'!BA25-' CV AUG-25'!AW25 -> 0 | AX25: =' CV Nov-25'!BB25-' CV AUG-25'!AX25 -> 0 | AY25: 0 | AZ25: =' CV Nov-25'!BD25-' CV AUG-25'!AZ25 -> 0 | BA25: =' CV Nov-25'!BE25-' CV AUG-25'!BA25 -> 0 | BB25: 0 | BC25: =' CV Nov-25'!BG25-' CV AUG-25'!BC25 -> 0 | BD25: =' CV Nov-25'!BH25-' CV AUG-25'!BD25 -> 0 | BE25: 0 | BF25: =' CV Nov-25'!BJ25-' CV AUG-25'!BF25 -> 0 | BG25: =' CV Nov-25'!BK25-' CV AUG-25'!BG25 -> 0 | BH25: =' CV Nov-25'!BL25-' CV AUG-25'!BH25 -> 0 | BI25: =' CV Nov-25'!BM25-' CV AUG-25'!BI25 -> 0 | BJ25: =' CV Nov-25'!BN25-' CV AUG-25'!BJ25 -> 0 | BK25: =' CV Nov-25'!BO25-' CV AUG-25'!BK25 -> 0
D26: 2_STAFF_BUS | G26: =' CV Nov-25'!G26-' CV AUG-25'!G26 -> 0 | H26: =' CV Nov-25'!H26-' CV AUG-25'!H26 -> 0 | I26: 0 | J26: =' CV Nov-25'!J26-' CV AUG-25'!J26 -> 0 | K26: =' CV Nov-25'!K26-' CV AUG-25'!K26 -> 0 | L26: 0 | M26: =' CV Nov-25'!M26-' CV AUG-25'!M26 -> 0 | N26: =' CV Nov-25'!N26-' CV AUG-25'!N26 -> 0 | O26: 0 | P26: =' CV Nov-25'!P26-' CV AUG-25'!P26 -> 0 | Q26: =' CV Nov-25'!Q26-' CV AUG-25'!Q26 -> 0 | R26: 0 | S26: =' CV Nov-25'!U26-' CV AUG-25'!S26 -> 0 | T26: =' CV Nov-25'!V26-' CV AUG-25'!T26 -> 0 | U26: 0 | V26: =' CV Nov-25'!X26-' CV AUG-25'!V26 -> 0 | W26: =' CV Nov-25'!Y26-' CV AUG-25'!W26 -> 0 | X26: 0 | Y26: =' CV Nov-25'!AC26-' CV AUG-25'!Y26 -> 0 | Z26: =' CV Nov-25'!AD26-' CV AUG-25'!Z26 -> 0 | AA26: 0 | AB26: =' CV Nov-25'!AF26-' CV AUG-25'!AB26 -> 0 | AC26: =' CV Nov-25'!AG26-' CV AUG-25'!AC26 -> 0 | AD26: 0 | AE26: =' CV Nov-25'!AI26-' CV AUG-25'!AE26 -> 0 | AF26: =' CV Nov-25'!AJ26-' CV AUG-25'!AF26 -> 0 | AG26: 0 | AH26: =' CV Nov-25'!AL26-' CV AUG-25'!AH26 -> 0 | AI26: =' CV Nov-25'!AM26-' CV AUG-25'!AI26 -> 0 | AJ26: 0 | AK26: =' CV Nov-25'!AO26-' CV AUG-25'!AK26 -> 0 | AL26: =' CV Nov-25'!AP26-' CV AUG-25'!AL26 -> 0 | AM26: 0 | AN26: =' CV Nov-25'!AR26-' CV AUG-25'!AN26 -> 0 | AO26: =' CV Nov-25'!AS26-' CV AUG-25'!AO26 -> 0 | AP26: 0 | AQ26: =' CV Nov-25'!AU26-' CV AUG-25'!AQ26 -> 0 | AR26: =' CV Nov-25'!AV26-' CV AUG-25'!AR26 -> 0 | AS26: 0 | AT26: =' CV Nov-25'!AX26-' CV AUG-25'!AT26 -> 0 | AU26: =' CV Nov-25'!AY26-' CV AUG-25'!AU26 -> 0 | AV26: 0 | AW26: =' CV Nov-25'!BA26-' CV AUG-25'!AW26 -> 0 | AX26: =' CV Nov-25'!BB26-' CV AUG-25'!AX26 -> 0 | AY26: 0 | AZ26: =' CV Nov-25'!BD26-' CV AUG-25'!AZ26 -> 0 | BA26: =' CV Nov-25'!BE26-' CV AUG-25'!BA26 -> 0 | BB26: 0 | BC26: =' CV Nov-25'!BG26-' CV AUG-25'!BC26 -> 0 | BD26: =' CV Nov-25'!BH26-' CV AUG-25'!BD26 -> 0 | BE26: 0 | BF26: =' CV Nov-25'!BJ26-' CV AUG-25'!BF26 -> 0 | BG26: =' CV Nov-25'!BK26-' CV AUG-25'!BG26 -> 0 | BH26: =' CV Nov-25'!BL26-' CV AUG-25'!BH26 -> 0 | BI26: =' CV Nov-25'!BM26-' CV AUG-25'!BI26 -> 0 | BJ26: =' CV Nov-25'!BN26-' CV AUG-25'!BJ26 -> 0 | BK26: =' CV Nov-25'!BO26-' CV AUG-25'!BK26 -> 0
D27: 3_BIG_TAXIS | G27: =' CV Nov-25'!G27-' CV AUG-25'!G27 -> 0 | H27: =' CV Nov-25'!H27-' CV AUG-25'!H27 -> 0 | I27: 0 | J27: =' CV Nov-25'!J27-' CV AUG-25'!J27 -> 0 | K27: =' CV Nov-25'!K27-' CV AUG-25'!K27 -> 0 | L27: 0 | M27: =' CV Nov-25'!M27-' CV AUG-25'!M27 -> 0 | N27: =' CV Nov-25'!N27-' CV AUG-25'!N27 -> 0 | O27: 0 | P27: =' CV Nov-25'!P27-' CV AUG-25'!P27 -> 0 | Q27: =' CV Nov-25'!Q27-' CV AUG-25'!Q27 -> 0 | R27: 0 | S27: =' CV Nov-25'!U27-' CV AUG-25'!S27 -> 0 | T27: =' CV Nov-25'!V27-' CV AUG-25'!T27 -> 0 | U27: 0 | V27: =' CV Nov-25'!X27-' CV AUG-25'!V27 -> 0 | W27: =' CV Nov-25'!Y27-' CV AUG-25'!W27 -> 0 | X27: 0 | Y27: =' CV Nov-25'!AC27-' CV AUG-25'!Y27 -> 0 | Z27: =' CV Nov-25'!AD27-' CV AUG-25'!Z27 -> 0 | AA27: 0 | AB27: =' CV Nov-25'!AF27-' CV AUG-25'!AB27 -> 0 | AC27: =' CV Nov-25'!AG27-' CV AUG-25'!AC27 -> 0 | AD27: 0 | AE27: =' CV Nov-25'!AI27-' CV AUG-25'!AE27 -> 0 | AF27: =' CV Nov-25'!AJ27-' CV AUG-25'!AF27 -> 0 | AG27: 0 | AH27: =' CV Nov-25'!AL27-' CV AUG-25'!AH27 -> 0 | AI27: =' CV Nov-25'!AM27-' CV AUG-25'!AI27 -> 0 | AJ27: 0 | AK27: =' CV Nov-25'!AO27-' CV AUG-25'!AK27 -> 0 | AL27: =' CV Nov-25'!AP27-' CV AUG-25'!AL27 -> 0 | AM27: 0 | AN27: =' CV Nov-25'!AR27-' CV AUG-25'!AN27 -> 0 | AO27: =' CV Nov-25'!AS27-' CV AUG-25'!AO27 -> 0 | AP27: 0 | AQ27: =' CV Nov-25'!AU27-' CV AUG-25'!AQ27 -> 0 | AR27: =' CV Nov-25'!AV27-' CV AUG-25'!AR27 -> 0 | AS27: 0 | AT27: =' CV Nov-25'!AX27-' CV AUG-25'!AT27 -> 0 | AU27: =' CV Nov-25'!AY27-' CV AUG-25'!AU27 -> 0 | AV27: 0 | AW27: =' CV Nov-25'!BA27-' CV AUG-25'!AW27 -> 0 | AX27: =' CV Nov-25'!BB27-' CV AUG-25'!AX27 -> 0 | AY27: 0 | AZ27: =' CV Nov-25'!BD27-' CV AUG-25'!AZ27 -> 0 | BA27: =' CV Nov-25'!BE27-' CV AUG-25'!BA27 -> 0 | BB27: 0 | BC27: =' CV Nov-25'!BG27-' CV AUG-25'!BC27 -> 0 | BD27: =' CV Nov-25'!BH27-' CV AUG-25'!BD27 -> 0 | BE27: 0 | BF27: =' CV Nov-25'!BJ27-' CV AUG-25'!BF27 -> 0 | BG27: =' CV Nov-25'!BK27-' CV AUG-25'!BG27 -> 0 | BH27: =' CV Nov-25'!BL27-' CV AUG-25'!BH27 -> 0 | BI27: =' CV Nov-25'!BM27-' CV AUG-25'!BI27 -> 0 | BJ27: =' CV Nov-25'!BN27-' CV AUG-25'!BJ27 -> 0 | BK27: =' CV Nov-25'!BO27-' CV AUG-25'!BK27 -> 0
D28: 4_MAXI_CAB | G28: =' CV Nov-25'!G28-' CV AUG-25'!G28 -> 0 | H28: =' CV Nov-25'!H28-' CV AUG-25'!H28 -> 0 | I28: 0 | J28: =' CV Nov-25'!J28-' CV AUG-25'!J28 -> 0 | K28: =' CV Nov-25'!K28-' CV AUG-25'!K28 -> 0 | L28: 0 | M28: =' CV Nov-25'!M28-' CV AUG-25'!M28 -> 0 | N28: =' CV Nov-25'!N28-' CV AUG-25'!N28 -> 0 | O28: 0 | P28: =' CV Nov-25'!P28-' CV AUG-25'!P28 -> 0 | Q28: =' CV Nov-25'!Q28-' CV AUG-25'!Q28 -> 0 | R28: 0 | S28: =' CV Nov-25'!U28-' CV AUG-25'!S28 -> 0 | T28: =' CV Nov-25'!V28-' CV AUG-25'!T28 -> 0 | U28: 0 | V28: =' CV Nov-25'!X28-' CV AUG-25'!V28 -> 0 | W28: =' CV Nov-25'!Y28-' CV AUG-25'!W28 -> 0 | X28: 0 | Y28: =' CV Nov-25'!AC28-' CV AUG-25'!Y28 -> 0 | Z28: =' CV Nov-25'!AD28-' CV AUG-25'!Z28 -> 0 | AA28: 0 | AB28: =' CV Nov-25'!AF28-' CV AUG-25'!AB28 -> 0 | AC28: =' CV Nov-25'!AG28-' CV AUG-25'!AC28 -> 0 | AD28: 0 | AE28: =' CV Nov-25'!AI28-' CV AUG-25'!AE28 -> 0 | AF28: =' CV Nov-25'!AJ28-' CV AUG-25'!AF28 -> 0 | AG28: 0 | AH28: =' CV Nov-25'!AL28-' CV AUG-25'!AH28 -> 0 | AI28: =' CV Nov-25'!AM28-' CV AUG-25'!AI28 -> 0 | AJ28: 0 | AK28: =' CV Nov-25'!AO28-' CV AUG-25'!AK28 -> 0 | AL28: =' CV Nov-25'!AP28-' CV AUG-25'!AL28 -> 0 | AM28: 0 | AN28: =' CV Nov-25'!AR28-' CV AUG-25'!AN28 -> 0 | AO28: =' CV Nov-25'!AS28-' CV AUG-25'!AO28 -> 0 | AP28: 0 | AQ28: =' CV Nov-25'!AU28-' CV AUG-25'!AQ28 -> 0 | AR28: =' CV Nov-25'!AV28-' CV AUG-25'!AR28 -> 0 | AS28: 0 | AT28: =' CV Nov-25'!AX28-' CV AUG-25'!AT28 -> 0 | AU28: =' CV Nov-25'!AY28-' CV AUG-25'!AU28 -> 0 | AV28: 0 | AW28: =' CV Nov-25'!BA28-' CV AUG-25'!AW28 -> 0 | AX28: =' CV Nov-25'!BB28-' CV AUG-25'!AX28 -> 0 | AY28: 0 | AZ28: =' CV Nov-25'!BD28-' CV AUG-25'!AZ28 -> 0 | BA28: =' CV Nov-25'!BE28-' CV AUG-25'!BA28 -> 0 | BB28: 0 | BC28: =' CV Nov-25'!BG28-' CV AUG-25'!BC28 -> 0 | BD28: =' CV Nov-25'!BH28-' CV AUG-25'!BD28 -> 0 | BE28: 0 | BF28: =' CV Nov-25'!BJ28-' CV AUG-25'!BF28 -> 0 | BG28: =' CV Nov-25'!BK28-' CV AUG-25'!BG28 -> 0 | BH28: =' CV Nov-25'!BL28-' CV AUG-25'!BH28 -> 0 | BI28: =' CV Nov-25'!BM28-' CV AUG-25'!BI28 -> 0 | BJ28: =' CV Nov-25'!BN28-' CV AUG-25'!BJ28 -> 0 | BK28: =' CV Nov-25'!BO28-' CV AUG-25'!BK28 -> 0
D29: 5_BUS | G29: =' CV Nov-25'!G29-' CV AUG-25'!G29 -> 0 | H29: =' CV Nov-25'!H29-' CV AUG-25'!H29 -> 0 | I29: 0 | J29: =' CV Nov-25'!J29-' CV AUG-25'!J29 -> 0 | K29: =' CV Nov-25'!K29-' CV AUG-25'!K29 -> 0 | L29: 0 | M29: =' CV Nov-25'!M29-' CV AUG-25'!M29 -> 0 | N29: =' CV Nov-25'!N29-' CV AUG-25'!N29 -> 0 | O29: 0 | P29: =' CV Nov-25'!P29-' CV AUG-25'!P29 -> 0 | Q29: =' CV Nov-25'!Q29-' CV AUG-25'!Q29 -> 0 | R29: 0 | S29: =' CV Nov-25'!U29-' CV AUG-25'!S29 -> 0 | T29: =' CV Nov-25'!V29-' CV AUG-25'!T29 -> 0 | U29: 0 | V29: =' CV Nov-25'!X29-' CV AUG-25'!V29 -> 0 | W29: =' CV Nov-25'!Y29-' CV AUG-25'!W29 -> 0 | X29: 0 | Y29: =' CV Nov-25'!AC29-' CV AUG-25'!Y29 -> 0 | Z29: =' CV Nov-25'!AD29-' CV AUG-25'!Z29 -> 0 | AA29: 0 | AB29: =' CV Nov-25'!AF29-' CV AUG-25'!AB29 -> 0 | AC29: =' CV Nov-25'!AG29-' CV AUG-25'!AC29 -> 0 | AD29: 0 | AE29: =' CV Nov-25'!AI29-' CV AUG-25'!AE29 -> 0 | AF29: =' CV Nov-25'!AJ29-' CV AUG-25'!AF29 -> 0 | AG29: 0 | AH29: =' CV Nov-25'!AL29-' CV AUG-25'!AH29 -> 0 | AI29: =' CV Nov-25'!AM29-' CV AUG-25'!AI29 -> 0 | AJ29: 0 | AK29: =' CV Nov-25'!AO29-' CV AUG-25'!AK29 -> 0 | AL29: =' CV Nov-25'!AP29-' CV AUG-25'!AL29 -> 0 | AM29: 0 | AN29: =' CV Nov-25'!AR29-' CV AUG-25'!AN29 -> 0 | AO29: =' CV Nov-25'!AS29-' CV AUG-25'!AO29 -> 0 | AP29: 0 | AQ29: =' CV Nov-25'!AU29-' CV AUG-25'!AQ29 -> 0 | AR29: =' CV Nov-25'!AV29-' CV AUG-25'!AR29 -> 0 | AS29: 0 | AT29: =' CV Nov-25'!AX29-' CV AUG-25'!AT29 -> 0 | AU29: =' CV Nov-25'!AY29-' CV AUG-25'!AU29 -> 0 | AV29: 0 | AW29: =' CV Nov-25'!BA29-' CV AUG-25'!AW29 -> 0 | AX29: =' CV Nov-25'!BB29-' CV AUG-25'!AX29 -> 0 | AY29: 0 | AZ29: =' CV Nov-25'!BD29-' CV AUG-25'!AZ29 -> 0 | BA29: =' CV Nov-25'!BE29-' CV AUG-25'!BA29 -> 0 | BB29: 0 | BC29: =' CV Nov-25'!BG29-' CV AUG-25'!BC29 -> 0 | BD29: =' CV Nov-25'!BH29-' CV AUG-25'!BD29 -> 0 | BE29: 0 | BF29: =' CV Nov-25'!BJ29-' CV AUG-25'!BF29 -> 0 | BG29: =' CV Nov-25'!BK29-' CV AUG-25'!BG29 -> 0 | BH29: =' CV Nov-25'!BL29-' CV AUG-25'!BH29 -> 0 | BI29: =' CV Nov-25'!BM29-' CV AUG-25'!BI29 -> 0 | BJ29: =' CV Nov-25'!BN29-' CV AUG-25'!BJ29 -> 0 | BK29: =' CV Nov-25'!BO29-' CV AUG-25'!BK29 -> 0
C31: MSV | D31: 1_TRAC[NEW] | G31: =' CV Nov-25'!G31-' CV AUG-25'!G31 -> 0 | H31: =' CV Nov-25'!H31-' CV AUG-25'!H31 -> 0 | I31: 0 | J31: =' CV Nov-25'!J31-' CV AUG-25'!J31 -> 0 | K31: =' CV Nov-25'!K31-' CV AUG-25'!K31 -> 0 | L31: 0 | M31: =' CV Nov-25'!M31-' CV AUG-25'!M31 -> 0 | N31: =' CV Nov-25'!N31-' CV AUG-25'!N31 -> 0 | O31: 0 | P31: =' CV Nov-25'!P31-' CV AUG-25'!P31 -> 0 | Q31: =' CV Nov-25'!Q31-' CV AUG-25'!Q31 -> 0 | R31: 0 | S31: =' CV Nov-25'!U31-' CV AUG-25'!S31 -> 0 | T31: =' CV Nov-25'!V31-' CV AUG-25'!T31 -> 0 | U31: 0 | V31: =' CV Nov-25'!X31-' CV AUG-25'!V31 -> 0 | W31: =' CV Nov-25'!Y31-' CV AUG-25'!W31 -> 0 | X31: 0 | Y31: =' CV Nov-25'!AC31-' CV AUG-25'!Y31 -> 0 | Z31: =' CV Nov-25'!AD31-' CV AUG-25'!Z31 -> 0 | AA31: 0 | AB31: =' CV Nov-25'!AF31-' CV AUG-25'!AB31 -> 0 | AC31: =' CV Nov-25'!AG31-' CV AUG-25'!AC31 -> 0 | AD31: 0 | AE31: =' CV Nov-25'!AI31-' CV AUG-25'!AE31 -> 0 | AF31: =' CV Nov-25'!AJ31-' CV AUG-25'!AF31 -> 0 | AG31: 0 | AH31: =' CV Nov-25'!AL31-' CV AUG-25'!AH31 -> 0 | AI31: =' CV Nov-25'!AM31-' CV AUG-25'!AI31 -> 0 | AJ31: 0 | AK31: =' CV Nov-25'!AO31-' CV AUG-25'!AK31 -> 0 | AL31: =' CV Nov-25'!AP31-' CV AUG-25'!AL31 -> 0 | AM31: 0 | AN31: =' CV Nov-25'!AR31-' CV AUG-25'!AN31 -> 0 | AO31: =' CV Nov-25'!AS31-' CV AUG-25'!AO31 -> 0 | AP31: 0 | AQ31: =' CV Nov-25'!AU31-' CV AUG-25'!AQ31 -> 0 | AR31: =' CV Nov-25'!AV31-' CV AUG-25'!AR31 -> 0 | AS31: 0 | AT31: =' CV Nov-25'!AX31-' CV AUG-25'!AT31 -> 0 | AU31: =' CV Nov-25'!AY31-' CV AUG-25'!AU31 -> 0 | AV31: 0 | AW31: =' CV Nov-25'!BA31-' CV AUG-25'!AW31 -> 0 | AX31: =' CV Nov-25'!BB31-' CV AUG-25'!AX31 -> 0 | AY31: 0 | AZ31: =' CV Nov-25'!BD31-' CV AUG-25'!AZ31 -> 0 | BA31: =' CV Nov-25'!BE31-' CV AUG-25'!BA31 -> 0 | BB31: 0 | BC31: =' CV Nov-25'!BG31-' CV AUG-25'!BC31 -> 0 | BD31: =' CV Nov-25'!BH31-' CV AUG-25'!BD31 -> 0 | BE31: 0 | BF31: =' CV Nov-25'!BJ31-' CV AUG-25'!BF31 -> 0 | BG31: =' CV Nov-25'!BK31-' CV AUG-25'!BG31 -> 0 | BH31: =' CV Nov-25'!BL31-' CV AUG-25'!BH31 -> 0 | BI31: =' CV Nov-25'!BM31-' CV AUG-25'!BI31 -> 0 | BJ31: =' CV Nov-25'!BN31-' CV AUG-25'!BJ31 -> 0 | BK31: =' CV Nov-25'!BO31-' CV AUG-25'!BK31 -> 0
D32: 1_TRAC[RENEWAL] | G32: =' CV Nov-25'!G32-' CV AUG-25'!G32 -> 0 | H32: =' CV Nov-25'!H32-' CV AUG-25'!H32 -> 0 | I32: 0 | J32: =' CV Nov-25'!J32-' CV AUG-25'!J32 -> 0 | K32: =' CV Nov-25'!K32-' CV AUG-25'!K32 -> 0 | L32: 0 | M32: =' CV Nov-25'!M32-' CV AUG-25'!M32 -> 0 | N32: =' CV Nov-25'!N32-' CV AUG-25'!N32 -> 0 | O32: 0 | P32: =' CV Nov-25'!P32-' CV AUG-25'!P32 -> 0 | Q32: =' CV Nov-25'!Q32-' CV AUG-25'!Q32 -> 0 | R32: 0 | S32: =' CV Nov-25'!U32-' CV AUG-25'!S32 -> 0 | T32: =' CV Nov-25'!V32-' CV AUG-25'!T32 -> 0 | U32: 0 | V32: =' CV Nov-25'!X32-' CV AUG-25'!V32 -> 0 | W32: =' CV Nov-25'!Y32-' CV AUG-25'!W32 -> 0 | X32: 0 | Y32: =' CV Nov-25'!AC32-' CV AUG-25'!Y32 -> 0 | Z32: =' CV Nov-25'!AD32-' CV AUG-25'!Z32 -> 0 | AA32: 0 | AB32: =' CV Nov-25'!AF32-' CV AUG-25'!AB32 -> 0 | AC32: =' CV Nov-25'!AG32-' CV AUG-25'!AC32 -> 0 | AD32: 0 | AE32: =' CV Nov-25'!AI32-' CV AUG-25'!AE32 -> 0 | AF32: =' CV Nov-25'!AJ32-' CV AUG-25'!AF32 -> 0 | AG32: 0 | AH32: =' CV Nov-25'!AL32-' CV AUG-25'!AH32 -> 0 | AI32: =' CV Nov-25'!AM32-' CV AUG-25'!AI32 -> 0 | AJ32: 0 | AK32: =' CV Nov-25'!AO32-' CV AUG-25'!AK32 -> 0 | AL32: =' CV Nov-25'!AP32-' CV AUG-25'!AL32 -> 0 | AM32: 0 | AN32: =' CV Nov-25'!AR32-' CV AUG-25'!AN32 -> 0 | AO32: =' CV Nov-25'!AS32-' CV AUG-25'!AO32 -> 0 | AP32: 0 | AQ32: =' CV Nov-25'!AU32-' CV AUG-25'!AQ32 -> 0 | AR32: =' CV Nov-25'!AV32-' CV AUG-25'!AR32 -> 0 | AS32: 0 | AT32: =' CV Nov-25'!AX32-' CV AUG-25'!AT32 -> 0 | AU32: =' CV Nov-25'!AY32-' CV AUG-25'!AU32 -> 0 | AV32: 0 | AW32: =' CV Nov-25'!BA32-' CV AUG-25'!AW32 -> 0 | AX32: =' CV Nov-25'!BB32-' CV AUG-25'!AX32 -> 0 | AY32: 0 | AZ32: =' CV Nov-25'!BD32-' CV AUG-25'!AZ32 -> 0 | BA32: =' CV Nov-25'!BE32-' CV AUG-25'!BA32 -> 0 | BB32: 0 | BC32: =' CV Nov-25'!BG32-' CV AUG-25'!BC32 -> 0 | BD32: =' CV Nov-25'!BH32-' CV AUG-25'!BD32 -> 0 | BE32: 0 | BF32: =' CV Nov-25'!BJ32-' CV AUG-25'!BF32 -> 0 | BG32: =' CV Nov-25'!BK32-' CV AUG-25'!BG32 -> 0 | BH32: =' CV Nov-25'!BL32-' CV AUG-25'!BH32 -> 0 | BI32: =' CV Nov-25'!BM32-' CV AUG-25'!BI32 -> 0 | BJ32: =' CV Nov-25'!BN32-' CV AUG-25'!BJ32 -> 0 | BK32: =' CV Nov-25'!BO32-' CV AUG-25'!BK32 -> 0
D33: 2_EXCAVATOR | E33: Loader, Excavators/Earth Movers, Crane, Bulldozers/Bullgraders, Road Rollers, Fork Lift Trucks | G33: =' CV Nov-25'!G33-' CV AUG-25'!G33 -> 0 | H33: =' CV Nov-25'!H33-' CV AUG-25'!H33 -> 0 | I33: 0 | J33: =' CV Nov-25'!J33-' CV AUG-25'!J33 -> 0 | K33: =' CV Nov-25'!K33-' CV AUG-25'!K33 -> 0 | L33: 0 | M33: =' CV Nov-25'!M33-' CV AUG-25'!M33 -> 0 | N33: =' CV Nov-25'!N33-' CV AUG-25'!N33 -> 0 | O33: 0 | P33: =' CV Nov-25'!P33-' CV AUG-25'!P33 -> 0 | Q33: =' CV Nov-25'!Q33-' CV AUG-25'!Q33 -> 0 | R33: 0 | S33: =' CV Nov-25'!U33-' CV AUG-25'!S33 -> 0 | T33: =' CV Nov-25'!V33-' CV AUG-25'!T33 -> 0 | U33: 0 | V33: =' CV Nov-25'!X33-' CV AUG-25'!V33 -> 0 | W33: =' CV Nov-25'!Y33-' CV AUG-25'!W33 -> 0 | X33: 0 | Y33: =' CV Nov-25'!AC33-' CV AUG-25'!Y33 -> 0 | Z33: =' CV Nov-25'!AD33-' CV AUG-25'!Z33 -> 0 | AA33: 0 | AB33: =' CV Nov-25'!AF33-' CV AUG-25'!AB33 -> 0 | AC33: =' CV Nov-25'!AG33-' CV AUG-25'!AC33 -> 0 | AD33: 0 | AE33: =' CV Nov-25'!AI33-' CV AUG-25'!AE33 -> 0 | AF33: =' CV Nov-25'!AJ33-' CV AUG-25'!AF33 -> 0 | AG33: 0 | AH33: =' CV Nov-25'!AL33-' CV AUG-25'!AH33 -> 0 | AI33: =' CV Nov-25'!AM33-' CV AUG-25'!AI33 -> 0 | AJ33: 0 | AK33: =' CV Nov-25'!AO33-' CV AUG-25'!AK33 -> 0 | AL33: =' CV Nov-25'!AP33-' CV AUG-25'!AL33 -> 0 | AM33: 0 | AN33: =' CV Nov-25'!AR33-' CV AUG-25'!AN33 -> 0 | AO33: =' CV Nov-25'!AS33-' CV AUG-25'!AO33 -> 0 | AP33: 0 | AQ33: =' CV Nov-25'!AU33-' CV AUG-25'!AQ33 -> 0 | AR33: =' CV Nov-25'!AV33-' CV AUG-25'!AR33 -> 0 | AS33: 0 | AT33: =' CV Nov-25'!AX33-' CV AUG-25'!AT33 -> 0 | AU33: =' CV Nov-25'!AY33-' CV AUG-25'!AU33 -> 0 | AV33: 0 | AW33: =' CV Nov-25'!BA33-' CV AUG-25'!AW33 -> 0 | AX33: =' CV Nov-25'!BB33-' CV AUG-25'!AX33 -> 0 | AY33: 0 | AZ33: =' CV Nov-25'!BD33-' CV AUG-25'!AZ33 -> 0 | BA33: =' CV Nov-25'!BE33-' CV AUG-25'!BA33 -> 0 | BB33: 0 | BC33: =' CV Nov-25'!BG33-' CV AUG-25'!BC33 -> 0 | BD33: =' CV Nov-25'!BH33-' CV AUG-25'!BD33 -> 0 | BE33: 0 | BF33: =' CV Nov-25'!BJ33-' CV AUG-25'!BF33 -> 0 | BG33: =' CV Nov-25'!BK33-' CV AUG-25'!BG33 -> 0 | BH33: =' CV Nov-25'!BL33-' CV AUG-25'!BH33 -> 0 | BI33: =' CV Nov-25'!BM33-' CV AUG-25'!BI33 -> 0 | BJ33: =' CV Nov-25'!BN33-' CV AUG-25'!BJ33 -> 0 | BK33: =' CV Nov-25'!BO33-' CV AUG-25'!BK33 -> 0
D34: 3_HARVESTOR | G34: =' CV Nov-25'!G34-' CV AUG-25'!G34 -> 0 | H34: =' CV Nov-25'!H34-' CV AUG-25'!H34 -> 0 | I34: 0 | J34: =' CV Nov-25'!J34-' CV AUG-25'!J34 -> 0 | K34: =' CV Nov-25'!K34-' CV AUG-25'!K34 -> 0 | L34: 0 | M34: =' CV Nov-25'!M34-' CV AUG-25'!M34 -> 0 | N34: =' CV Nov-25'!N34-' CV AUG-25'!N34 -> 0 | O34: 0 | P34: =' CV Nov-25'!P34-' CV AUG-25'!P34 -> 0 | Q34: =' CV Nov-25'!Q34-' CV AUG-25'!Q34 -> 0 | R34: 0 | S34: =' CV Nov-25'!U34-' CV AUG-25'!S34 -> 0 | T34: =' CV Nov-25'!V34-' CV AUG-25'!T34 -> 0 | U34: 0 | V34: =' CV Nov-25'!X34-' CV AUG-25'!V34 -> 0 | W34: =' CV Nov-25'!Y34-' CV AUG-25'!W34 -> 0 | X34: 0 | Y34: =' CV Nov-25'!AC34-' CV AUG-25'!Y34 -> 0 | Z34: =' CV Nov-25'!AD34-' CV AUG-25'!Z34 -> 0 | AA34: 0 | AB34: =' CV Nov-25'!AF34-' CV AUG-25'!AB34 -> 0 | AC34: =' CV Nov-25'!AG34-' CV AUG-25'!AC34 -> 0 | AD34: 0 | AE34: =' CV Nov-25'!AI34-' CV AUG-25'!AE34 -> 0 | AF34: =' CV Nov-25'!AJ34-' CV AUG-25'!AF34 -> 0 | AG34: 0 | AH34: =' CV Nov-25'!AL34-' CV AUG-25'!AH34 -> 0 | AI34: =' CV Nov-25'!AM34-' CV AUG-25'!AI34 -> 0 | AJ34: 0 | AK34: =' CV Nov-25'!AO34-' CV AUG-25'!AK34 -> 0 | AL34: =' CV Nov-25'!AP34-' CV AUG-25'!AL34 -> 0 | AM34: 0 | AN34: =' CV Nov-25'!AR34-' CV AUG-25'!AN34 -> 0 | AO34: =' CV Nov-25'!AS34-' CV AUG-25'!AO34 -> 0 | AP34: 0 | AQ34: =' CV Nov-25'!AU34-' CV AUG-25'!AQ34 -> 0 | AR34: =' CV Nov-25'!AV34-' CV AUG-25'!AR34 -> 0 | AS34: 0 | AT34: =' CV Nov-25'!AX34-' CV AUG-25'!AT34 -> 0 | AU34: =' CV Nov-25'!AY34-' CV AUG-25'!AU34 -> 0 | AV34: 0 | AW34: =' CV Nov-25'!BA34-' CV AUG-25'!AW34 -> 0 | AX34: =' CV Nov-25'!BB34-' CV AUG-25'!AX34 -> 0 | AY34: 0 | AZ34: =' CV Nov-25'!BD34-' CV AUG-25'!AZ34 -> 0 | BA34: =' CV Nov-25'!BE34-' CV AUG-25'!BA34 -> 0 | BB34: 0 | BC34: =' CV Nov-25'!BG34-' CV AUG-25'!BC34 -> 0 | BD34: =' CV Nov-25'!BH34-' CV AUG-25'!BD34 -> 0 | BE34: 0 | BF34: =' CV Nov-25'!BJ34-' CV AUG-25'!BF34 -> 0 | BG34: =' CV Nov-25'!BK34-' CV AUG-25'!BG34 -> 0 | BH34: =' CV Nov-25'!BL34-' CV AUG-25'!BH34 -> 0 | BI34: =' CV Nov-25'!BM34-' CV AUG-25'!BI34 -> 0 | BJ34: =' CV Nov-25'!BN34-' CV AUG-25'!BJ34 -> 0 | BK34: =' CV Nov-25'!BO34-' CV AUG-25'!BK34 -> 0
D35: 4_OTHERS | G35: =' CV Nov-25'!G35-' CV AUG-25'!G35 -> 0 | H35: =' CV Nov-25'!H35-' CV AUG-25'!H35 -> 0 | I35: 0 | J35: =' CV Nov-25'!J35-' CV AUG-25'!J35 -> 0 | K35: =' CV Nov-25'!K35-' CV AUG-25'!K35 -> 0 | L35: 0 | M35: =' CV Nov-25'!M35-' CV AUG-25'!M35 -> 0 | N35: =' CV Nov-25'!N35-' CV AUG-25'!N35 -> 0 | O35: 0 | P35: =' CV Nov-25'!P35-' CV AUG-25'!P35 -> 0 | Q35: =' CV Nov-25'!Q35-' CV AUG-25'!Q35 -> 0 | R35: 0 | S35: =' CV Nov-25'!U35-' CV AUG-25'!S35 -> 0 | T35: =' CV Nov-25'!V35-' CV AUG-25'!T35 -> 0 | U35: 0 | V35: =' CV Nov-25'!X35-' CV AUG-25'!V35 -> 0 | W35: =' CV Nov-25'!Y35-' CV AUG-25'!W35 -> 0 | X35: 0 | Y35: =' CV Nov-25'!AC35-' CV AUG-25'!Y35 -> 0 | Z35: =' CV Nov-25'!AD35-' CV AUG-25'!Z35 -> 0 | AA35: 0 | AB35: =' CV Nov-25'!AF35-' CV AUG-25'!AB35 -> 0 | AC35: =' CV Nov-25'!AG35-' CV AUG-25'!AC35 -> 0 | AD35: 0 | AE35: =' CV Nov-25'!AI35-' CV AUG-25'!AE35 -> 0 | AF35: =' CV Nov-25'!AJ35-' CV AUG-25'!AF35 -> 0 | AG35: 0 | AH35: =' CV Nov-25'!AL35-' CV AUG-25'!AH35 -> 0 | AI35: =' CV Nov-25'!AM35-' CV AUG-25'!AI35 -> 0 | AJ35: 0 | AK35: =' CV Nov-25'!AO35-' CV AUG-25'!AK35 -> 0 | AL35: =' CV Nov-25'!AP35-' CV AUG-25'!AL35 -> 0 | AM35: 0 | AN35: =' CV Nov-25'!AR35-' CV AUG-25'!AN35 -> 0 | AO35: =' CV Nov-25'!AS35-' CV AUG-25'!AO35 -> 0 | AP35: 0 | AQ35: =' CV Nov-25'!AU35-' CV AUG-25'!AQ35 -> 0 | AR35: =' CV Nov-25'!AV35-' CV AUG-25'!AR35 -> 0 | AS35: 0 | AT35: =' CV Nov-25'!AX35-' CV AUG-25'!AT35 -> 0 | AU35: =' CV Nov-25'!AY35-' CV AUG-25'!AU35 -> 0 | AV35: 0 | AW35: =' CV Nov-25'!BA35-' CV AUG-25'!AW35 -> 0 | AX35: =' CV Nov-25'!BB35-' CV AUG-25'!AX35 -> 0 | AY35: 0 | AZ35: =' CV Nov-25'!BD35-' CV AUG-25'!AZ35 -> 0 | BA35: =' CV Nov-25'!BE35-' CV AUG-25'!BA35 -> 0 | BB35: 0 | BC35: =' CV Nov-25'!BG35-' CV AUG-25'!BC35 -> 0 | BD35: =' CV Nov-25'!BH35-' CV AUG-25'!BD35 -> 0 | BE35: 0 | BF35: =' CV Nov-25'!BJ35-' CV AUG-25'!BF35 -> 0 | BG35: =' CV Nov-25'!BK35-' CV AUG-25'!BG35 -> 0 | BH35: =' CV Nov-25'!BL35-' CV AUG-25'!BH35 -> 0 | BI35: =' CV Nov-25'!BM35-' CV AUG-25'!BI35 -> 0 | BJ35: =' CV Nov-25'!BN35-' CV AUG-25'!BJ35 -> 0 | BK35: =' CV Nov-25'!BO35-' CV AUG-25'!BK35 -> 0
C38: ** Please note that the above payout grid
C39: - For Commercial Vehicle Package/Liability policy is on Net Premium
C40: - For CV Package & Liability policy CPA should be collected for individual Name Mandatorily
D41: if CPA is not collected for individual name then 1.5% of Net Payout will be deducted
C42: - GCCV EV Exceeding 3.5 Tonnage & Passanger Carrying EV (except eAUTO) is declined

Sheet PROP TW AUG-25
C2: 0.05 | E2: Please refer the terms below | AB2: 0.025
A3: TW Make Grid for the month of AUG 25 | AO3: TW Electric
B4: State (RTO) | C4: Type | D4: Hero OEM | I4: TVS OEM | N4: Suzuki OEM | S4: Yamaha OEM | X4: RE OEM | AA4: Honda | AF4: Bajaj | AK4: Others | AP4: State | AQ4: Type | AR4: All Electric Make | AX4: Hero vs Bajaj | BB4: Bajaj
C5: Type | D5: 150cc | E5: SCOOTER | F5: 150_350cc | G5: 350cc | I5: 150cc | J5: SCOOTER | K5: 150_350cc | L5: 350cc | N5: 150cc | O5: SCOOTER | P5: 150_350cc | Q5: 350cc | S5: 150cc | T5: SCOOTER | U5: 150_350cc | V5: 350cc | X5: 150_350cc | Y5: 350cc | AA5: 150cc | AB5: SCOOTER | AC5: 150_350cc | AD5: 350cc | AF5: 150cc | AG5: SCOOTER | AH5: 150_350cc | AI5: 350cc | AK5: 150cc | AL5: SCOOTER | AM5: 150_350cc | AN5: 350cc | AQ5: Type | AR5: 7 KW Bike | AS5: 7 KW SCOOTER | AT5: 7 KW - 16 KW | AU5: > 16 KW | AX5: 150cc | AY5: SCOOTER | AZ5: 150_350cc | BB5: 150cc | BC5: SCOOTER | BD5: 150_350cc | BE5: 350cc
B6: AP | C6: NEW(100-500 NOP) | D6: 0.425 | E6: 0.425 | F6: 0.425 | G6: 0 | I6: 0.35 | J6: 0.5 | K6: 0.3 | L6: 0 | N6: 0.45 | O6: 0.45 | P6: 0.45 | Q6: 0 | S6: 0.35 | T6: 0.4 | U6: 0.35 | V6: 0 | X6: 0.15 | Y6: 0.15 | AA6: 0.35 | AB6: 0.475 | AC6: 0.35 | AD6: 0 | AF6: 0.17 | AG6: 0.345 | AH6: 0.17 | AI6: 0 | AK6: 0.17 | AL6: 0.395 | AM6: 0 | AN6: 0 | AP6: AP | AQ6: NEW(100-500 NOP) | AR6: 0.17 | AS6: 0.32 | AT6: 0 | AU6: 0 | AX6: -0.205 | AY6: -0.055 | AZ6: -0.205 | BB6: 0.22 | BC6: 0.37 | BD6: 0.22 | BE6: 0
C7: NEW(30-100 NOP) | D7: 0.405 | E7: 0.405 | F7: 0.405 | G7: 0 | I7: 0.3 | J7: 0.4 | K7: 0.3 | L7: 0 | N7: 0.45 | O7: 0.45 | P7: 0.45 | Q7: 0 | S7: 0.33 | T7: 0.38 | U7: 0.33 | V7: 0 | X7: 0.13 | Y7: 0.13 | AA7: 0.3 | AB7: 0.375 | AC7: 0.3 | AD7: 0 | AF7: 0.15 | AG7: 0.325 | AH7: 0.15 | AI7: 0 | AK7: 0.17 | AL7: 0.395 | AM7: 0 | AN7: 0 | AQ7: NEW(30-100 NOP) | AR7: 0.17 | AS7: 0.32 | AT7: 0 | AU7: 0
C8: NEW(UPTO 30 NOP) | D8: 0.385 | E8: 0.385 | F8: 0.385 | G8: 0 | I8: 0.27 | J8: 0.37 | K8: 0.27 | L8: 0 | N8: 0.4 | O8: 0.4 | P8: 0.4 | Q8: 0 | S8: 0.31 | T8: 0.36 | U8: 0.31 | V8: 0 | X8: 0.11 | Y8: 0.11 | AA8: 0.17 | AB8: 0.345 | AC8: 0.17 | AD8: 0 | AF8: 0.13 | AG8: 0.305 | AH8: 0.13 | AI8: 0 | AK8: 0.17 | AL8: 0.395 | AM8: 0 | AN8: 0 | AQ8: NEW(UPTO 30 NOP) | AR8: 0.17 | AS8: 0.32 | AT8: 0 | AU8: 0
C9: SOD | D9: 0.225 | E9: 0.225 | F9: 0.225 | G9: 0 | I9: 0.2 | J9: 0.2 | K9: 0.2 | L9: 0 | N9: 0.22 | O9: 0.22 | P9: 0.22 | Q9: 0 | S9: 0.225 | T9: 0.225 | U9: 0.225 | V9: 0 | X9: 0.2 | Y9: 0.2 | AA9: 0.15 | AB9: 0.175 | AC9: 0.15 | AD9: 0 | AF9: 0.17 | AG9: 0.345 | AH9: 0.17 | AI9: 0 | AK9: 0.17 | AL9: 0.195 | AM9: 0 | AN9: 0 | AQ9: SOD | AR9: 0 | AS9: 0 | AT9: 0 | AU9: 0 | AX9: -0.005 | AY9: 0.145 | AZ9: -0.005 | BB9: 0.22 | BC9: 0.37 | BD9: 0.22 | BE9: 0
C10: ANNUAL | D10: 0.1 | E10: 0.4 | F10: 0.1 | G10: 0 | I10: 0.1 | J10: 0.4 | K10: 0.1 | L10: 0 | N10: 0.1 | O10: 0.4 | P10: 0.1 | Q10: 0 | S10: 0.06 | T10: 0.4 | U10: 0.06 | V10: 0 | X10: 0 | Y10: 0 | AA10: 0.05 | AB10: 0.375 | AC10: 0.05 | AD10: 0 | AF10: 0 | AG10: 0.375 | AH10: 0 | AI10: 0 | AK10: 0.05 | AL10: 0.375 | AM10: 0 | AN10: 0 | AQ10: ANNUAL | AR10: 0 | AS10: 0 | AT10: 0 | AU10: 0 | AX10: -0.3 | AY10: 0 | AZ10: -0.3 | BB10: 0.22 | BC10: 0.37 | BD10: 0.22 | BE10: 0
C11: ACT | D11: 0 | E11: 0.3 | F11: 0 | G11: 0 | I11: 0 | J11: 0.3 | K11: 0 | L11: 0 | N11: 0 | O11: 0.3 | P11: 0 | Q11: 0 | S11: 0 | T11: 0.3 | U11: 0 | V11: 0 | X11: 0 | Y11: 0 | AA11: 0 | AB11: 0.275 | AC11: 0 | AD11: 0 | AF11: 0 | AG11: 0.275 | AH11: 0 | AI11: 0 | AK11: 0 | AL11: 0.275 | AM11: 0 | AN11: 0 | AQ11: ACT | AR11: 0 | AS11: 0 | AT11: 0 | AU11: 0 | AY11: 0 | BB11: 0 | BC11: 0.3 | BD11: 0 | BE11: 0
B13: TS | C13: NEW(100-500 NOP) | D13: 0.42 | E13: 0.42 | F13: 0.42 | G13: 0 | I13: 0.35 | J13: 0.5 | K13: 0.3 | L13: 0 | N13: 0.45 | O13: 0.45 | P13: 0.45 | Q13: 0 | S13: 0.43 | T13: 0.43 | U13: 0.43 | V13: 0 | X13: 0.225 | Y13: 0.225 | AA13: 0.35 | AB13: 0.475 | AC13: 0.35 | AD13: 0 | AF13: 0.17 | AG13: 0.345 | AH13: 0.17 | AI13: 0 | AK13: 0.17 | AL13: 0.395 | AM13: 0 | AN13: 0 | AP13: TS | AQ13: NEW(100-500 NOP) | AR13: 0.17 | AS13: 0.32 | AT13: 0 | AU13: 0 | AX13: -0.2 | AY13: -0.05 | AZ13: -0.2 | BB13: 0.22 | BC13: 0.37 | BD13: 0.22 | BE13: 0
C14: NEW(30-100 NOP) | D14: 0.4 | E14: 0.4 | F14: 0.4 | G14: 0 | I14: 0.3 | J14: 0.4 | K14: 0.3 | L14: 0 | N14: 0.45 | O14: 0.45 | P14: 0.45 | Q14: 0 | S14: 0.41 | T14: 0.41 | U14: 0.41 | V14: 0 | X14: 0.205 | Y14: 0.205 | AA14: 0.3 | AB14: 0.375 | AC14: 0.3 | AD14: 0 | AF14: 0.15 | AG14: 0.325 | AH14: 0.15 | AI14: 0 | AK14: 0.17 | AL14: 0.395 | AM14: 0 | AN14: 0 | AQ14: NEW(30-100 NOP) | AR14: 0.17 | AS14: 0.32 | AT14: 0 | AU14: 0
C15: NEW(UPTO 30 NOP) | D15: 0.38 | E15: 0.38 | F15: 0.38 | G15: 0 | I15: 0.27 | J15: 0.37 | K15: 0.27 | L15: 0 | N15: 0.4 | O15: 0.4 | P15: 0.4 | Q15: 0 | S15: 0.39 | T15: 0.39 | U15: 0.39 | V15: 0 | X15: 0.185 | Y15: 0.185 | AA15: 0.17 | AB15: 0.345 | AC15: 0.17 | AD15: 0 | AF15: 0.13 | AG15: 0.305 | AH15: 0.13 | AI15: 0 | AK15: 0.17 | AL15: 0.395 | AM15: 0 | AN15: 0 | AQ15: NEW(UPTO 30 NOP) | AR15: 0.17 | AS15: 0.32 | AT15: 0 | AU15: 0
C16: SOD | D16: 0.225 | E16: 0.225 | F16: 0.225 | G16: 0 | I16: 0.2 | J16: 0.2 | K16: 0.2 | L16: 0 | N16: 0.22 | O16: 0.22 | P16: 0.22 | Q16: 0 | S16: 0.225 | T16: 0.225 | U16: 0.225 | V16: 0 | X16: 0.2 | Y16: 0.2 | AA16: 0.15 | AB16: 0.175 | AC16: 0.15 | AD16: 0 | AF16: 0.17 | AG16: 0.345 | AH16: 0.17 | AI16: 0 | AK16: 0.17 | AL16: 0.195 | AM16: 0 | AN16: 0 | AQ16: SOD | AR16: 0 | AS16: 0 | AT16: 0 | AU16: 0 | AX16: -0.005 | AY16: 0.145 | AZ16: -0.005 | BB16: 0.22 | BC16: 0.37 | BD16: 0.22 | BE16: 0
C17: ANNUAL | D17: 0.1 | E17: 0.4 | F17: 0.3 | G17: 0 | I17: 0.1 | J17: 0.4 | K17: 0.1 | L17: 0 | N17: 0.1 | O17: 0.4 | P17: 0.1 | Q17: 0 | S17: 0.06 | T17: 0.4 | U17: 0.06 | V17: 0 | X17: 0 | Y17: 0 | AA17: 0.05 | AB17: 0.375 | AC17: 0.05 | AD17: 0 | AF17: 0 | AG17: 0.375 | AH17: 0 | AI17: 0 | AK17: 0.05 | AL17: 0.375 | AM17: 0 | AN17: 0 | AQ17: ANNUAL | AR17: 0 | AS17: 0 | AT17: 0 | AU17: 0 | AX17: -0.3 | AY17: 0 | AZ17: -0.3 | BB17: 0.22 | BC17: 0.37 | BD17: 0.22 | BE17: 0
