Workbook

Sheet model
A1: Company | B1: State | C1: RTO_Code | D1: Vehicle_Category | E1: Date_from | F1: Date_till | G1: Make | H1: Model | I1: Vehicle_Type | J1: Fuel_Type | K1: Vehicle_Age_Min | L1: Vehicle_Age_Max | M1: Policy_Type | N1: Business_Type | O1: CC_Slab | P1: GVW_Min | Q1: GVW_Max | R1: Watt_Slab | S1: Seating_Capacity | T1: Conditions | U1: NCB_Slab | V1: CPA_Cover | W1: Zero_Depreciation | X1: Trailer | Y1: Final Payout
A2: Shriram | B2: TN | C2: Entire Tamilnadu | D2: GCV | E2: N/A | F2: N/A | G2: N/A | H2: N/A | I2: 3 Wheeler Goods | J2: Petrol,Diesel,CNG | K2: =IF(Sheet1!E2="All","N/A", IF(LEFT(Sheet1!E2,4)="upto","N/A", IF(LEFT(Sheet1!E2,5)="Above",VALUE(MID(Sheet1!E2,7,2))+1, IF(ISNUMBER(SEARCH("to",Sheet1!E2)),VALUE(LEFT(Sheet1!E2,FIND(" to",Sheet1!E2)-1)), "N/A")))) -> N/A | L2: =IF(Sheet1!E2="All","N/A", IF(LEFT(Sheet1!E2,4)="upto",VALUE(MID(Sheet1!E2,6,2)), IF(LEFT(Sheet1!E2,5)="Above","N/A", IF(ISNUMBER(SEARCH("to",Sheet1!E2)),VALUE(MID(Sheet1!E2,FIND("to ",Sheet1!E2)+3,2)), "N/A")))) -> 15 | M2: Comprehensive (1+1),SATP | N2: New,Old,Renewal,Rollover | O2: No | P2: =IF(Sheet1!A2="No","No", IF(LEFT(Sheet1!A2,5)="Up to",0, VALUE(LEFT(Sheet1!A2,FIND(" ",Sheet1!A2)-1)))) -> No | Q2: =IF(Sheet1!A2="No","No", IF(LEFT(Sheet1!A2,5)="Up to", VALUE(MID(Sheet1!A2,7,FIND("kg",Sheet1!A2)-7)), VALUE(MID(Sheet1!A2,FIND("to",Sheet1!A2)+3,FIND("kg",Sheet1!A2)-FIND("to",Sheet1!A2)-3)))) -> No | R2: No | S2: No | T2: No | U2: No | V2: No | W2: No | X2: No | Y2: =Sheet1!C2-Sheet1!D2 -> 0.2499
A3: Shriram | B3: TN | C3: Entire Tamilnadu | D3: GCV | E3: N/A | F3: N/A | G3: N/A | H3: N/A | I3: 3 Wheeler Goods | J3: EV | K3: =IF(Sheet1!E3="All","N/A", IF(LEFT(Sheet1!E3,4)="upto","N/A", IF(LEFT(Sheet1!E3,5)="Above",VALUE(MID(Sheet1!E3,7,2))+1, IF(ISNUMBER(SEARCH("to",Sheet1!E3)),VALUE(LEFT(Sheet1!E3,FIND(" to",Sheet1!E3)-1)), "N/A")))) -> N/A | L3: =IF(Sheet1!E3="All","N/A", IF(LEFT(Sheet1!E3,4)="upto",VALUE(MID(Sheet1!E3,6,2)), IF(LEFT(Sheet1!E3,5)="Above","N/A", IF(ISNUMBER(SEARCH("to",Sheet1!E3)),VALUE(MID(Sheet1!E3,FIND("to ",Sheet1!E3)+3,2)), "N/A")))) -> 15 | M3: Comprehensive (1+1),SATP | N3: New,Old,Renewal,Rollover | O3: No | P3: =IF(Sheet1!A3="No","No", IF(LEFT(Sheet1!A3,5)="Up to",0, VALUE(LEFT(Sheet1!A3,FIND(" ",Sheet1!A3)-1)))) -> No | Q3: =IF(Sheet1!A3="No","No", IF(LEFT(Sheet1!A3,5)="Up to", VALUE(MID(Sheet1!A3,7,FIND("kg",Sheet1!A3)-7)), VALUE(MID(Sheet1!A3,FIND("to",Sheet1!A3)+3,FIND("kg",Sheet1!A3)-FIND("to",Sheet1!A3)-3)))) -> No | R3: Upto 2000 | S3: No | T3: No | U3: No | V3: No | W3: No | X3: No | Y3: =Sheet1!C3-Sheet1!D3 -> 0.3479
A4: Shriram | B4: TN | C4: Entire Tamilnadu | D4: GCV | E4: N/A | F4: N/A | G4: N/A | H4: N/A | I4: 3 Wheeler Goods | J4: EV | K4: =IF(Sheet1!E4="All","N/A", IF(LEFT(Sheet1!E4,4)="upto","N/A", IF(LEFT(Sheet1!E4,5)="Above",VALUE(MID(Sheet1!E4,7,2))+1, IF(ISNUMBER(SEARCH("to",Sheet1!E4)),VALUE(LEFT(Sheet1!E4,FIND(" to",Sheet1!E4)-1)), "N/A")))) -> N/A | L4: =IF(Sheet1!E4="All","N/A", IF(LEFT(Sheet1!E4,4)="upto",VALUE(MID(Sheet1!E4,6,2)), IF(LEFT(Sheet1!E4,5)="Above","N/A", IF(ISNUMBER(SEARCH("to",Sheet1!E4)),VALUE(MID(Sheet1!E4,FIND("to ",Sheet1!E4)+3,2)), "N/A")))) -> 15 | M4: Comprehensive (1+1),SATP | N4: New,Old,Renewal,Rollover | O4: No | P4: =IF(Sheet1!A4="No","No", IF(LEFT(Sheet1!A4,5)="Up to",0, VALUE(LEFT(Sheet1!A4,FIND(" ",Sheet1!A4)-1)))) -> No | Q4: =IF(Sheet1!A4="No","No", IF(LEFT(Sheet1!A4,5)="Up to", VALUE(MID(Sheet1!A4,7,FIND("kg",Sheet1!A4)-7)), VALUE(MID(Sheet1!A4,FIND("to",Sheet1!A4)+3,FIND("kg",Sheet1!A4)-FIND("to",Sheet1!A4)-3)))) -> No | R4: Above 2000 | S4: No | T4: No | U4: No | V4: No | W4: No | X4: No | Y4: =Sheet1!C4-Sheet1!D4 -> 0.2744
A5: Royal | B5: TN | C5: 19 | D5: GCV | E5: N/A | F5: N/A | G5: N/A | H5: N/A | I5: 3 Wheeler Goods | J5: EV | K5: =IF(Sheet1!E5="All","N/A", IF(LEFT(Sheet1!E5,4)="upto","N/A", IF(LEFT(Sheet1!E5,5)="Above",VALUE(MID(Sheet1!E5,7,2))+1, IF(ISNUMBER(SEARCH("to",Sheet1!E5)),VALUE(LEFT(Sheet1!E5,FIND(" to",Sheet1!E5)-1)), "N/A")))) -> N/A | L5: =IF(Sheet1!E5="All","N/A", IF(LEFT(Sheet1!E5,4)="upto",VALUE(MID(Sheet1!E5,6,2)), IF(LEFT(Sheet1!E5,5)="Above","N/A", IF(ISNUMBER(SEARCH("to",Sheet1!E5)),VALUE(MID(Sheet1!E5,FIND("to ",Sheet1!E5)+3,2)), "N/A")))) -> N/A | M5: Comprehensive (1+1) | N5: New,Old,Renewal,Rollover | O5: No | P5: =IF(Sheet1!A5="No","No", IF(LEFT(Sheet1!A5,5)="Up to",0, VALUE(LEFT(Sheet1!A5,FIND(" ",Sheet1!A5)-1)))) -> No | Q5: =IF(Sheet1!A5="No","No", IF(LEFT(Sheet1!A5,5)="Up to", VALUE(MID(Sheet1!A5,7,FIND("kg",Sheet1!A5)-7)), VALUE(MID(Sheet1!A5,FIND("to",Sheet1!A5)+3,FIND("kg",Sheet1!A5)-FIND("to",Sheet1!A5)-3)))) -> No | R5: No | S5: No | T5: No | U5: No | V5: No | W5: No | X5: No | Y5: =Sheet1!C5-Sheet1!D5 -> 0.0441
A6: Royal | B6: TN | C6: 01,02,03,04,05,06,07,09,10,11,12,13,14,18,22,85,21 ,72 | D6: GCV | E6: N/A | F6: N/A | G6: N/A | H6: N/A | I6: 3 Wheeler Goods | J6: EV | K6: =IF(Sheet1!E6="All","N/A", IF(LEFT(Sheet1!E6,4)="upto","N/A", IF(LEFT(Sheet1!E6,5)="Above",VALUE(MID(Sheet1!E6,7,2))+1, IF(ISNUMBER(SEARCH("to",Sheet1!E6)),VALUE(LEFT(Sheet1!E6,FIND(" to",Sheet1!E6)-1)), "N/A")))) -> N/A | L6: =IF(Sheet1!E6="All","N/A", IF(LEFT(Sheet1!E6,4)="upto",VALUE(MID(Sheet1!E6,6,2)), IF(LEFT(Sheet1!E6,5)="Above","N/A", IF(ISNUMBER(SEARCH("to",Sheet1!E6)),VALUE(MID(Sheet1!E6,FIND("to ",Sheet1!E6)+3,2)), "N/A")))) -> N/A | M6: Comprehensive (1+1) | N6: New,Old,Renewal,Rollover | O6: No | P6: =IF(Sheet1!A6="No","No", IF(LEFT(Sheet1!A6,5)="Up to",0, VALUE(LEFT(Sheet1!A6,FIND(" ",Sheet1!A6)-1)))) -> No | Q6: =IF(Sheet1!A6="No","No", IF(LEFT(Sheet1!A6,5)="Up to", VALUE(MID(Sheet1!A6,7,FIND("kg",Sheet1!A6)-7)), VALUE(MID(Sheet1!A6,FIND("to",Sheet1!A6)+3,FIND("kg",Sheet1!A6)-FIND("to",Sheet1!A6)-3)))) -> No | R6: No | S6: No | T6: No | U6: No | V6: No | W6: No | X6: No | Y6: =Sheet1!C6-Sheet1!D6 -> 0.2107
A7: Royal | B7: TN | C7: 37,38,40,41,66,99 | D7: GCV | E7: N/A | F7: N/A | G7: N/A | H7: N/A | I7: 3 Wheeler Goods | J7: EV | K7: =IF(Sheet1!E7="All","N/A", IF(LEFT(Sheet1!E7,4)="upto","N/A", IF(LEFT(Sheet1!E7,5)="Above",VALUE(MID(Sheet1!E7,7,2))+1, IF(ISNUMBER(SEARCH("to",Sheet1!E7)),VALUE(LEFT(Sheet1!E7,FIND(" to",Sheet1!E7)-1)), "N/A")))) -> N/A | L7: =IF(Sheet1!E7="All","N/A", IF(LEFT(Sheet1!E7,4)="upto",VALUE(MID(Sheet1!E7,6,2)), IF(LEFT(Sheet1!E7,5)="Above","N/A", IF(ISNUMBER(SEARCH("to",Sheet1!E7)),VALUE(MID(Sheet1!E7,FIND("to ",Sheet1!E7)+3,2)), "N/A")))) -> N/A | M7: Comprehensive (1+1) | N7: New,Old,Renewal,Rollover | O7: No | P7: =IF(Sheet1!A7="No","No", IF(LEFT(Sheet1!A7,5)="Up to",0, VALUE(LEFT(Sheet1!A7,FIND(" ",Sheet1!A7)-1)))) -> No | Q7: =IF(Sheet1!A7="No","No", IF(LEFT(Sheet1!A7,5)="Up to", VALUE(MID(Sheet1!A7,7,FIND("kg",Sheet1!A7)-7)), VALUE(MID(Sheet1!A7,FIND("to",Sheet1!A7)+3,FIND("kg",Sheet1!A7)-FIND("to",Sheet1!A7)-3)))) -> No | R7: No | S7: No | T7: No | U7: No | V7: No | W7: No | X7: No | Y7: =Sheet1!C7-Sheet1!D7 -> 0.1421
A8: Royal | B8: TN | C8: 33,86 | D8: GCV | E8: N/A | F8: N/A | G8: N/A | H8: N/A | I8: 3 Wheeler Goods | J8: EV | K8: =IF(Sheet1!E8="All","N/A", IF(LEFT(Sheet1!E8,4)="upto","N/A", IF(LEFT(Sheet1!E8,5)="Above",VALUE(MID(Sheet1!E8,7,2))+1, IF(ISNUMBER(SEARCH("to",Sheet1!E8)),VALUE(LEFT(Sheet1!E8,FIND(" to",Sheet1!E8)-1)), "N/A")))) -> N/A | L8: =IF(Sheet1!E8="All","N/A", IF(LEFT(Sheet1!E8,4)="upto",VALUE(MID(Sheet1!E8,6,2)), IF(LEFT(Sheet1!E8,5)="Above","N/A", IF(ISNUMBER(SEARCH("to",Sheet1!E8)),VALUE(MID(Sheet1!E8,FIND("to ",Sheet1!E8)+3,2)), "N/A")))) -> N/A | M8: Comprehensive (1+1) | N8: New,Old,Renewal,Rollover | O8: No | P8: =IF(Sheet1!A8="No","No", IF(LEFT(Sheet1!A8,5)="Up to",0, VALUE(LEFT(Sheet1!A8,FIND(" ",Sheet1!A8)-1)))) -> No | Q8: =IF(Sheet1!A8="No","No", IF(LEFT(Sheet1!A8,5)="Up to", VALUE(MID(Sheet1!A8,7,FIND("kg",Sheet1!A8)-7)), VALUE(MID(Sheet1!A8,FIND("to",Sheet1!A8)+3,FIND("kg",Sheet1!A8)-FIND("to",Sheet1!A8)-3)))) -> No | R8: No | S8: No | T8: No | U8: No | V8: No | W8: No | X8: No | Y8: =Sheet1!C8-Sheet1!D8 -> 0.0343
A9: Royal | B9: TN | C9: 75 | D9: GCV | E9: N/A | F9: N/A | G9: N/A | H9: N/A | I9: 3 Wheeler Goods | J9: EV | K9: =IF(Sheet1!E9="All","N/A", IF(LEFT(Sheet1!E9,4)="upto","N/A", IF(LEFT(Sheet1!E9,5)="Above",VALUE(MID(Sheet1!E9,7,2))+1, IF(ISNUMBER(SEARCH("to",Sheet1!E9)),VALUE(LEFT(Sheet1!E9,FIND(" to",Sheet1!E9)-1)), "N/A")))) -> N/A | L9: =IF(Sheet1!E9="All","N/A", IF(LEFT(Sheet1!E9,4)="upto",VALUE(MID(Sheet1!E9,6,2)), IF(LEFT(Sheet1!E9,5)="Above","N/A", IF(ISNUMBER(SEARCH("to",Sheet1!E9)),VALUE(MID(Sheet1!E9,FIND("to ",Sheet1!E9)+3,2)), "N/A")))) -> N/A | M9: Comprehensive (1+1) | N9: New,Old,Renewal,Rollover | O9: No | P9: =IF(Sheet1!A9="No","No", IF(LEFT(Sheet1!A9,5)="Up to",0, VALUE(LEFT(Sheet1!A9,FIND(" ",Sheet1!A9)-1)))) -> No | Q9: =IF(Sheet1!A9="No","No", IF(LEFT(Sheet1!A9,5)="Up to", VALUE(MID(Sheet1!A9,7,FIND("kg",Sheet1!A9)-7)), VALUE(MID(Sheet1!A9,FIND("to",Sheet1!A9)+3,FIND("kg",Sheet1!A9)-FIND("to",Sheet1!A9)-3)))) -> No | R9: No | S9: No | T9: No | U9: No | V9: No | W9: No | X9: No | Y9: =Sheet1!C9-Sheet1!D9 -> 0.1617
A10: Royal | B10: TN | C10: 62,67 | D10: GCV | E10: N/A | F10: N/A | G10: N/A | H10: N/A | I10: 3 Wheeler Goods | J10: EV | K10: =IF(Sheet1!E10="All","N/A", IF(LEFT(Sheet1!E10,4)="upto","N/A", IF(LEFT(Sheet1!E10,5)="Above",VALUE(MID(Sheet1!E10,7,2))+1, IF(ISNUMBER(SEARCH("to",Sheet1!E10)),VALUE(LEFT(Sheet1!E10,FIND(" to",Sheet1!E10)-1)), "N/A")))) -> N/A | L10: =IF(Sheet1!E10="All","N/A", IF(LEFT(Sheet1!E10,4)="upto",VALUE(MID(Sheet1!E10,6,2)), IF(LEFT(Sheet1!E10,5)="Above","N/A", IF(ISNUMBER(SEARCH("to",Sheet1!E10)),VALUE(MID(Sheet1!E10,FIND("to ",Sheet1!E10)+3,2)), "N/A")))) -> N/A | M10: Comprehensive (1+1) | N10: New,Old,Renewal,Rollover | O10: No | P10: =IF(Sheet1!A10="No","No", IF(LEFT(Sheet1!A10,5)="Up to",0, VALUE(LEFT(Sheet1!A10,FIND(" ",Sheet1!A10)-1)))) -> No | Q10: =IF(Sheet1!A10="No","No", IF(LEFT(Sheet1!A10,5)="Up to", VALUE(MID(Sheet1!A10,7,FIND("kg",Sheet1!A10)-7)), VALUE(MID(Sheet1!A10,FIND("to",Sheet1!A10)+3,FIND("kg",Sheet1!A10)-FIND("to",Sheet1!A10)-3)))) -> No | R10: No | S10: No | T10: No | U10: No | V10: No | W10: No | X10: No | Y10: =Sheet1!C10-Sheet1!D10 -> 0.1911
A11: Royal | B11: TN | C11: 39,42 | D11: GCV | E11: N/A | F11: N/A | G11: N/A | H11: N/A | I11: 3 Wheeler Goods | J11: EV | K11: =IF(Sheet1!E11="All","N/A", IF(LEFT(Sheet1!E11,4)="upto","N/A", IF(LEFT(Sheet1!E11,5)="Above",VALUE(MID(Sheet1!E11,7,2))+1, IF(ISNUMBER(SEARCH("to",Sheet1!E11)),VALUE(LEFT(Sheet1!E11,FIND(" to",Sheet1!E11)-1)), "N/A")))) -> N/A | L11: =IF(Sheet1!E11="All","N/A", IF(LEFT(Sheet1!E11,4)="upto",VALUE(MID(Sheet1!E11,6,2)), IF(LEFT(Sheet1!E11,5)="Above","N/A", IF(ISNUMBER(SEARCH("to",Sheet1!E11)),VALUE(MID(Sheet1!E11,FIND("to ",Sheet1!E11)+3,2)), "N/A")))) -> N/A | M11: Comprehensive (1+1) | N11: New,Old,Renewal,Rollover | O11: No | P11: =IF(Sheet1!A11="No","No", IF(LEFT(Sheet1!A11,5)="Up to",0, VALUE(LEFT(Sheet1!A11,FIND(" ",Sheet1!A11)-1)))) -> No | Q11: =IF(Sheet1!A11="No","No", IF(LEFT(Sheet1!A11,5)="Up to", VALUE(MID(Sheet1!A11,7,FIND("kg",Sheet1!A11)-7)), VALUE(MID(Sheet1!A11,FIND("to",Sheet1!A11)+3,FIND("kg",Sheet1!A11)-FIND("to",Sheet1!A11)-3)))) -> No | R11: No | S11: No | T11: No | U11: No | V11: No | W11: No | X11: No | Y11: =Sheet1!C11-Sheet1!D11 -> 0.1029
A12: Royal | B12: TN | C12: 20 | D12: GCV | E12: N/A | F12: N/A | G12: N/A | H12: N/A | I12: 3 Wheeler Goods | J12: EV | K12: =IF(Sheet1!E12="All","N/A", IF(LEFT(Sheet1!E12,4)="upto","N/A", IF(LEFT(Sheet1!E12,5)="Above",VALUE(MID(Sheet1!E12,7,2))+1, IF(ISNUMBER(SEARCH("to",Sheet1!E12)),VALUE(LEFT(Sheet1!E12,FIND(" to",Sheet1!E12)-1)), "N/A")))) -> N/A | L12: =IF(Sheet1!E12="All","N/A", IF(LEFT(Sheet1!E12,4)="upto",VALUE(MID(Sheet1!E12,6,2)), IF(LEFT(Sheet1!E12,5)="Above","N/A", IF(ISNUMBER(SEARCH("to",Sheet1!E12)),VALUE(MID(Sheet1!E12,FIND("to ",Sheet1!E12)+3,2)), "N/A")))) -> N/A | M12: Comprehensive (1+1) | N12: New,Old,Renewal,Rollover | O12: No | P12: =IF(Sheet1!A12="No","No", IF(LEFT(Sheet1!A12,5)="Up to",0, VALUE(LEFT(Sheet1!A12,FIND(" ",Sheet1!A12)-1)))) -> No | Q12: =IF(Sheet1!A12="No","No", IF(LEFT(Sheet1!A12,5)="Up to", VALUE(MID(Sheet1!A12,7,FIND("kg",Sheet1!A12)-7)), VALUE(MID(Sheet1!A12,FIND("to",Sheet1!A12)+3,FIND("kg",Sheet1!A12)-FIND("to",Sheet1!A12)-3)))) -> No | R12: No | S12: No | T12: No | U12: No | V12: No | W12: No | X12: No | Y12: =Sheet1!C12-Sheet1!D12 -> 0.1127
A13: Royal | B13: TN | C13: 19 | D13: GCV | E13: N/A | F13: N/A | G13: N/A | H13: N/A | I13: 3 Wheeler Goods | J13: EV | K13: =IF(Sheet1!E13="All","N/A", IF(LEFT(Sheet1!E13,4)="upto","N/A", IF(LEFT(Sheet1!E13,5)="Above",VALUE(MID(Sheet1!E13,7,2))+1, IF(ISNUMBER(SEARCH("to",Sheet1!E13)),VALUE(LEFT(Sheet1!E13,FIND(" to",Sheet1!E13)-1)), "N/A")))) -> N/A | L13: =IF(Sheet1!E13="All","N/A", IF(LEFT(Sheet1!E13,4)="upto",VALUE(MID(Sheet1!E13,6,2)), IF(LEFT(Sheet1!E13,5)="Above","N/A", IF(ISNUMBER(SEARCH("to",Sheet1!E13)),VALUE(MID(Sheet1!E13,FIND("to ",Sheet1!E13)+3,2)), "N/A")))) -> N/A | M13: SATP | N13: New,Old,Renewal,Rollover | O13: No | P13: =IF(Sheet1!A13="No","No", IF(LEFT(Sheet1!A13,5)="Up to",0, VALUE(LEFT(Sheet1!A13,FIND(" ",Sheet1!A13)-1)))) -> No | Q13: =IF(Sheet1!A13="No","No", IF(LEFT(Sheet1!A13,5)="Up to", VALUE(MID(Sheet1!A13,7,FIND("kg",Sheet1!A13)-7)), VALUE(MID(Sheet1!A13,FIND("to",Sheet1!A13)+3,FIND("kg",Sheet1!A13)-FIND("to",Sheet1!A13)-3)))) -> No | R13: No | S13: No | T13: No | U13: No | V13: No | W13: No | X13: No | Y13: =Sheet1!C13-Sheet1!D13 -> 0.0049
A14: Royal | B14: TN | C14: 01,02,03,04,05,06,07,09,10,11,12,13,14,18,22,85,21 | D14: GCV | E14: N/A | F14: N/A | G14: N/A | H14: N/A | I14: 3 Wheeler Goods | J14: EV | K14: =IF(Sheet1!E14="All","N/A", IF(LEFT(Sheet1!E14,4)="upto","N/A", IF(LEFT(Sheet1!E14,5)="Above",VALUE(MID(Sheet1!E14,7,2))+1, IF(ISNUMBER(SEARCH("to",Sheet1!E14)),VALUE(LEFT(Sheet1!E14,FIND(" to",Sheet1!E14)-1)), "N/A")))) -> N/A | L14: =IF(Sheet1!E14="All","N/A", IF(LEFT(Sheet1!E14,4)="upto",VALUE(MID(Sheet1!E14,6,2)), IF(LEFT(Sheet1!E14,5)="Above","N/A", IF(ISNUMBER(SEARCH("to",Sheet1!E14)),VALUE(MID(Sheet1!E14,FIND("to ",Sheet1!E14)+3,2)), "N/A")))) -> N/A | M14: SATP | N14: New,Old,Renewal,Rollover | O14: No | P14: =IF(Sheet1!A14="No","No", IF(LEFT(Sheet1!A14,5)="Up to",0, VALUE(LEFT(Sheet1!A14,FIND(" ",Sheet1!A14)-1)))) -> No | Q14: =IF(Sheet1!A14="No","No", IF(LEFT(Sheet1!A14,5)="Up to", VALUE(MID(Sheet1!A14,7,FIND("kg",Sheet1!A14)-7)), VALUE(MID(Sheet1!A14,FIND("to",Sheet1!A14)+3,FIND("kg",Sheet1!A14)-FIND("to",Sheet1!A14)-3)))) -> No | R14: No | S14: No | T14: No | U14: No | V14: No | W14: No | X14: No | Y14: =Sheet1!C14-Sheet1!D14 -> 0.2597
A15: Royal | B15: TN | C15: 37,38,40,41,66,99 | D15: GCV | E15: N/A | F15: N/A | G15: N/A | H15: N/A | I15: 3 Wheeler Goods | J15: EV | K15: =IF(Sheet1!E15="All","N/A", IF(LEFT(Sheet1!E15,4)="upto","N/A", IF(LEFT(Sheet1!E15,5)="Above",VALUE(MID(Sheet1!E15,7,2))+1, IF(ISNUMBER(SEARCH("to",Sheet1!E15)),VALUE(LEFT(Sheet1!E15,FIND(" to",Sheet1!E15)-1)), "N/A")))) -> N/A | L15: =IF(Sheet1!E15="All","N/A", IF(LEFT(Sheet1!E15,4)="upto",VALUE(MID(Sheet1!E15,6,2)), IF(LEFT(Sheet1!E15,5)="Above","N/A", IF(ISNUMBER(SEARCH("to",Sheet1!E15)),VALUE(MID(Sheet1!E15,FIND("to ",Sheet1!E15)+3,2)), "N/A")))) -> N/A | M15: SATP | N15: New,Old,Renewal,Rollover | O15: No | P15: =IF(Sheet1!A15="No","No", IF(LEFT(Sheet1!A15,5)="Up to",0, VALUE(LEFT(Sheet1!A15,FIND(" ",Sheet1!A15)-1)))) -> No | Q15: =IF(Sheet1!A15="No","No", IF(LEFT(Sheet1!A15,5)="Up to", VALUE(MID(Sheet1!A15,7,FIND("kg",Sheet1!A15)-7)), VALUE(MID(Sheet1!A15,FIND("to",Sheet1!A15)+3,FIND("kg",Sheet1!A15)-FIND("to",Sheet1!A15)-3)))) -> No | R15: No | S15: No | T15: No | U15: No | V15: No | W15: No | X15: No | Y15: =Sheet1!C15-Sheet1!D15 -> 0.1617
A16: Royal | B16: TN | C16: 33,86 | D16: GCV | E16: N/A | F16: N/A | G16: N/A | H16: N/A | I16: 3 Wheeler Goods | J16: EV | K16: =IF(Sheet1!E16="All","N/A", IF(LEFT(Sheet1!E16,4)="upto","N/A", IF(LEFT(Sheet1!E16,5)="Above",VALUE(MID(Sheet1!E16,7,2))+1, IF(ISNUMBER(SEARCH("to",Sheet1!E16)),VALUE(LEFT(Sheet1!E16,FIND(" to",Sheet1!E16)-1)), "N/A")))) -> N/A | L16: =IF(Sheet1!E16="All","N/A", IF(LEFT(Sheet1!E16,4)="upto",VALUE(MID(Sheet1!E16,6,2)), IF(LEFT(Sheet1!E16,5)="Above","N/A", IF(ISNUMBER(SEARCH("to",Sheet1!E16)),VALUE(MID(Sheet1!E16,FIND("to ",Sheet1!E16)+3,2)), "N/A")))) -> N/A | M16: SATP | N16: New,Old,Renewal,Rollover | O16: No | P16: =IF(Sheet1!A16="No","No", IF(LEFT(Sheet1!A16,5)="Up to",0, VALUE(LEFT(Sheet1!A16,FIND(" ",Sheet1!A16)-1)))) -> No | Q16: =IF(Sheet1!A16="No","No", IF(LEFT(Sheet1!A16,5)="Up to", VALUE(MID(Sheet1!A16,7,FIND("kg",Sheet1!A16)-7)), VALUE(MID(Sheet1!A16,FIND("to",Sheet1!A16)+3,FIND("kg",Sheet1!A16)-FIND("to",Sheet1!A16)-3)))) -> No | R16: No | S16: No | T16: No | U16: No | V16: No | W16: No | X16: No | Y16: =Sheet1!C16-Sheet1!D16 -> -0.0147
A17: Royal | B17: TN | C17: 75 | D17: GCV | E17: N/A | F17: N/A | G17: N/A | H17: N/A | I17: 3 Wheeler Goods | J17: EV | K17: =IF(Sheet1!E17="All","N/A", IF(LEFT(Sheet1!E17,4)="upto","N/A", IF(LEFT(Sheet1!E17,5)="Above",VALUE(MID(Sheet1!E17,7,2))+1, IF(ISNUMBER(SEARCH("to",Sheet1!E17)),VALUE(LEFT(Sheet1!E17,FIND(" to",Sheet1!E17)-1)), "N/A")))) -> N/A | L17: =IF(Sheet1!E17="All","N/A", IF(LEFT(Sheet1!E17,4)="upto",VALUE(MID(Sheet1!E17,6,2)), IF(LEFT(Sheet1!E17,5)="Above","N/A", IF(ISNUMBER(SEARCH("to",Sheet1!E17)),VALUE(MID(Sheet1!E17,FIND("to ",Sheet1!E17)+3,2)), "N/A")))) -> N/A | M17: SATP | N17: New,Old,Renewal,Rollover | O17: No | P17: =IF(Sheet1!A17="No","No", IF(LEFT(Sheet1!A17,5)="Up to",0, VALUE(LEFT(Sheet1!A17,FIND(" ",Sheet1!A17)-1)))) -> No | Q17: =IF(Sheet1!A17="No","No", IF(LEFT(Sheet1!A17,5)="Up to", VALUE(MID(Sheet1!A17,7,FIND("kg",Sheet1!A17)-7)), VALUE(MID(Sheet1!A17,FIND("to",Sheet1!A17)+3,FIND("kg",Sheet1!A17)-FIND("to",Sheet1!A17)-3)))) -> No | R17: No | S17: No | T17: No | U17: No | V17: No | W17: No | X17: No | Y17: =Sheet1!C17-Sheet1!D17 -> 0.1813
A18: Royal | B18: TN | C18: 62,67 | D18: GCV | E18: N/A | F18: N/A | G18: N/A | H18: N/A | I18: 3 Wheeler Goods | J18: EV | K18: =IF(Sheet1!E18="All","N/A", IF(LEFT(Sheet1!E18,4)="upto","N/A", IF(LEFT(Sheet1!E18,5)="Above",VALUE(MID(Sheet1!E18,7,2))+1, IF(ISNUMBER(SEARCH("to",Sheet1!E18)),VALUE(LEFT(Sheet1!E18,FIND(" to",Sheet1!E18)-1)), "N/A")))) -> N/A | L18: =IF(Sheet1!E18="All","N/A", IF(LEFT(Sheet1!E18,4)="upto",VALUE(MID(Sheet1!E18,6,2)), IF(LEFT(Sheet1!E18,5)="Above","N/A", IF(ISNUMBER(SEARCH("to",Sheet1!E18)),VALUE(MID(Sheet1!E18,FIND("to ",Sheet1!E18)+3,2)), "N/A")))) -> N/A | M18: SATP | N18: New,Old,Renewal,Rollover | O18: No | P18: =IF(Sheet1!A18="No","No", IF(LEFT(Sheet1!A18,5)="Up to",0, VALUE(LEFT(Sheet1!A18,FIND(" ",Sheet1!A18)-1)))) -> No | Q18: =IF(Sheet1!A18="No","No", IF(LEFT(Sheet1!A18,5)="Up to", VALUE(MID(Sheet1!A18,7,FIND("kg",Sheet1!A18)-7)), VALUE(MID(Sheet1!A18,FIND("to",Sheet1!A18)+3,FIND("kg",Sheet1!A18)-FIND("to",Sheet1!A18)-3)))) -> No | R18: No | S18: No | T18: No | U18: No | V18: No | W18: No | X18: No | Y18: =Sheet1!C18-Sheet1!D18 -> 0.2303
A19: Royal | B19: TN | C19: 39,42,20 | D19: GCV | E19: N/A | F19: N/A | G19: N/A | H19: N/A | I19: 3 Wheeler Goods | J19: EV | K19: =IF(Sheet1!E19="All","N/A", IF(LEFT(Sheet1!E19,4)="upto","N/A", IF(LEFT(Sheet1!E19,5)="Above",VALUE(MID(Sheet1!E19,7,2))+1, IF(ISNUMBER(SEARCH("to",Sheet1!E19)),VALUE(LEFT(Sheet1!E19,FIND(" to",Sheet1!E19)-1)), "N/A")))) -> N/A | L19: =IF(Sheet1!E19="All","N/A", IF(LEFT(Sheet1!E19,4)="upto",VALUE(MID(Sheet1!E19,6,2)), IF(LEFT(Sheet1!E19,5)="Above","N/A", IF(ISNUMBER(SEARCH("to",Sheet1!E19)),VALUE(MID(Sheet1!E19,FIND("to ",Sheet1!E19)+3,2)), "N/A")))) -> N/A | M19: SATP | N19: New,Old,Renewal,Rollover | O19: No | P19: =IF(Sheet1!A19="No","No", IF(LEFT(Sheet1!A19,5)="Up to",0, VALUE(LEFT(Sheet1!A19,FIND(" ",Sheet1!A19)-1)))) -> No | Q19: =IF(Sheet1!A19="No","No", IF(LEFT(Sheet1!A19,5)="Up to", VALUE(MID(Sheet1!A19,7,FIND("kg",Sheet1!A19)-7)), VALUE(MID(Sheet1!A19,FIND("to",Sheet1!A19)+3,FIND("kg",Sheet1!A19)-FIND("to",Sheet1!A19)-3)))) -> No | R19: No | S19: No | T19: No | U19: No | V19: No | W19: No | X19: No | Y19: =Sheet1!C19-Sheet1!D19 -> 0.1029
A20: Royal | B20: TN | C20: 01,02,03,04,05,06,07,09,10,11,12,13,14,18,22,85,21,72 | D20: GCV | E20: N/A | F20: N/A | G20: N/A | H20: N/A | I20: 3 Wheeler Goods | J20: Petrol,Diesel,CNG | K20: =IF(Sheet1!E20="All","N/A", IF(LEFT(Sheet1!E20,4)="upto","N/A", IF(LEFT(Sheet1!E20,5)="Above",VALUE(MID(Sheet1!E20,7,2))+1, IF(ISNUMBER(SEARCH("to",Sheet1!E20)),VALUE(LEFT(Sheet1!E20,FIND(" to",Sheet1!E20)-1)), "N/A")))) -> N/A | L20: =IF(Sheet1!E20="All","N/A", IF(LEFT(Sheet1!E20,4)="upto",VALUE(MID(Sheet1!E20,6,2)), IF(LEFT(Sheet1!E20,5)="Above","N/A", IF(ISNUMBER(SEARCH("to",Sheet1!E20)),VALUE(MID(Sheet1!E20,FIND("to ",Sheet1!E20)+3,2)), "N/A")))) -> N/A | M20: Comprehensive (1+1) | N20: New,Old,Renewal,Rollover | O20: No | P20: =IF(Sheet1!A20="No","No", IF(LEFT(Sheet1!A20,5)="Up to",0, VALUE(LEFT(Sheet1!A20,FIND(" ",Sheet1!A20)-1)))) -> No | Q20: =IF(Sheet1!A20="No","No", IF(LEFT(Sheet1!A20,5)="Up to", VALUE(MID(Sheet1!A20,7,FIND("kg",Sheet1!A20)-7)), VALUE(MID(Sheet1!A20,FIND("to",Sheet1!A20)+3,FIND("kg",Sheet1!A20)-FIND("to",Sheet1!A20)-3)))) -> No | R20: No | S20: No | T20: No | U20: No | V20: No | W20: No | X20: No | Y20: =Sheet1!C20-Sheet1!D20 -> 0.0245
A21: Royal | B21: TN | C21: 01,02,03,04,05,06,07,09,10,11,12,13,14,18,22,85,21,72 | D21: GCV | E21: N/A | F21: N/A | G21: N/A | H21: N/A | I21: 3 Wheeler Goods | J21: Petrol,Diesel,CNG | K21: =IF(Sheet1!E21="All","N/A", IF(LEFT(Sheet1!E21,4)="upto","N/A", IF(LEFT(Sheet1!E21,5)="Above",VALUE(MID(Sheet1!E21,7,2))+1, IF(ISNUMBER(SEARCH("to",Sheet1!E21)),VALUE(LEFT(Sheet1!E21,FIND(" to",Sheet1!E21)-1)), "N/A")))) -> N/A | L21: =IF(Sheet1!E21="All","N/A", IF(LEFT(Sheet1!E21,4)="upto",VALUE(MID(Sheet1!E21,6,2)), IF(LEFT(Sheet1!E21,5)="Above","N/A", IF(ISNUMBER(SEARCH("to",Sheet1!E21)),VALUE(MID(Sheet1!E21,FIND("to ",Sheet1!E21)+3,2)), "N/A")))) -> N/A | M21: SATP | N21: New,Old,Renewal,Rollover | O21: No | P21: =IF(Sheet1!A21="No","No", IF(LEFT(Sheet1!A21,5)="Up to",0, VALUE(LEFT(Sheet1!A21,FIND(" ",Sheet1!A21)-1)))) -> No | Q21: =IF(Sheet1!A21="No","No", IF(LEFT(Sheet1!A21,5)="Up to", VALUE(MID(Sheet1!A21,7,FIND("kg",Sheet1!A21)-7)), VALUE(MID(Sheet1!A21,FIND("to",Sheet1!A21)+3,FIND("kg",Sheet1!A21)-FIND("to",Sheet1!A21)-3)))) -> No | R21: No | S21: No | T21: No | U21: No | V21: No | W21: No | X21: No | Y21: =Sheet1!C21-Sheet1!D21 -> 0.0833
A22: Royal | B22: TN | C22: 62,67 | D22: GCV | E22: N/A | F22: N/A | G22: N/A | H22: N/A | I22: 3 Wheeler Goods | J22: Petrol,Diesel,CNG | K22: =IF(Sheet1!E22="All","N/A", IF(LEFT(Sheet1!E22,4)="upto","N/A", IF(LEFT(Sheet1!E22,5)="Above",VALUE(MID(Sheet1!E22,7,2))+1, IF(ISNUMBER(SEARCH("to",Sheet1!E22)),VALUE(LEFT(Sheet1!E22,FIND(" to",Sheet1!E22)-1)), "N/A")))) -> N/A | L22: =IF(Sheet1!E22="All","N/A", IF(LEFT(Sheet1!E22,4)="upto",VALUE(MID(Sheet1!E22,6,2)), IF(LEFT(Sheet1!E22,5)="Above","N/A", IF(ISNUMBER(SEARCH("to",Sheet1!E22)),VALUE(MID(Sheet1!E22,FIND("to ",Sheet1!E22)+3,2)), "N/A")))) -> N/A | M22: SATP | N22: New,Old,Renewal,Rollover | O22: No | P22: =IF(Sheet1!A22="No","No", IF(LEFT(Sheet1!A22,5)="Up to",0, VALUE(LEFT(Sheet1!A22,FIND(" ",Sheet1!A22)-1)))) -> No | Q22: =IF(Sheet1!A22="No","No", IF(LEFT(Sheet1!A22,5)="Up to", VALUE(MID(Sheet1!A22,7,FIND("kg",Sheet1!A22)-7)), VALUE(MID(Sheet1!A22,FIND("to",Sheet1!A22)+3,FIND("kg",Sheet1!A22)-FIND("to",Sheet1!A22)-3)))) -> No | R22: No | S22: No | T22: No | U22: No | V22: No | W22: No | X22: No | Y22: =Sheet1!C22-Sheet1!D22 -> 0.0441
A23: Chola | B23: TN | C23: Entire Tamilnadu | D23: GCV | E23: N/A | F23: N/A | G23: N/A | H23: N/A | I23: 3 Wheeler Goods | J23: All | K23: =IF(Sheet1!E23="All","N/A", IF(LEFT(Sheet1!E23,4)="upto","N/A", IF(LEFT(Sheet1!E23,5)="Above",VALUE(MID(Sheet1!E23,7,2))+1, IF(ISNUMBER(SEARCH("to",Sheet1!E23)),VALUE(LEFT(Sheet1!E23,FIND(" to",Sheet1!E23)-1)), "N/A")))) -> N/A | L23: =IF(Sheet1!E23="All","N/A", IF(LEFT(Sheet1!E23,4)="upto",VALUE(MID(Sheet1!E23,6,2)), IF(LEFT(Sheet1!E23,5)="Above","N/A", IF(ISNUMBER(SEARCH("to",Sheet1!E23)),VALUE(MID(Sheet1!E23,FIND("to ",Sheet1!E23)+3,2)), "N/A")))) -> N/A | M23: Comprehensive (1+1) | N23: New,Old,Renewal,Rollover | O23: No | P23: =IF(Sheet1!A23="No","No", IF(LEFT(Sheet1!A23,5)="Up to",0, VALUE(LEFT(Sheet1!A23,FIND(" ",Sheet1!A23)-1)))) -> No | Q23: =IF(Sheet1!A23="No","No", IF(LEFT(Sheet1!A23,5)="Up to", VALUE(MID(Sheet1!A23,7,FIND("kg",Sheet1!A23)-7)), VALUE(MID(Sheet1!A23,FIND("to",Sheet1!A23)+3,FIND("kg",Sheet1!A23)-FIND("to",Sheet1!A23)-3)))) -> No | R23: No | S23: No | T23: No | U23: No | V23: Yes | W23: No | X23: No | Y23: =Sheet1!C23-Sheet1!D23 -> 0.2254
A24: ICICI | B24: TN | C24: Entire Tamilnadu | D24: GCV | E24: N/A | F24: N/A | G24: N/A | H24: N/A | I24: 3 Wheeler Goods | J24: Petrol,Diesel,CNG | K24: =IF(Sheet1!E24="All","N/A", IF(LEFT(Sheet1!E24,4)="upto","N/A", IF(LEFT(Sheet1!E24,5)="Above",VALUE(MID(Sheet1!E24,7,2))+1, IF(ISNUMBER(SEARCH("to",Sheet1!E24)),VALUE(LEFT(Sheet1!E24,FIND(" to",Sheet1!E24)-1)), "N/A")))) -> N/A | L24: =IF(Sheet1!E24="All","N/A", IF(LEFT(Sheet1!E24,4)="upto",VALUE(MID(Sheet1!E24,6,2)), IF(LEFT(Sheet1!E24,5)="Above","N/A", IF(ISNUMBER(SEARCH("to",Sheet1!E24)),VALUE(MID(Sheet1!E24,FIND("to ",Sheet1!E24)+3,2)), "N/A")))) -> N/A | M24: Comprehensive (1+1) | N24: Old | O24: No | P24: =IF(Sheet1!A24="No","No", IF(LEFT(Sheet1!A24,5)="Up to",0, VALUE(LEFT(Sheet1!A24,FIND(" ",Sheet1!A24)-1)))) -> No | Q24: =IF(Sheet1!A24="No","No", IF(LEFT(Sheet1!A24,5)="Up to", VALUE(MID(Sheet1!A24,7,FIND("kg",Sheet1!A24)-7)), VALUE(MID(Sheet1!A24,FIND("to",Sheet1!A24)+3,FIND("kg",Sheet1!A24)-FIND("to",Sheet1!A24)-3)))) -> No | R24: No | S24: No | T24: No | U24: No | V24: No | W24: No | X24: No | Y24: =Sheet1!C24-Sheet1!D24 -> 0.4949
A25: ICICI | B25: TN | C25: 01,02,03,04,05,06,07,09,10,11,12,13,14,18,22,85 | D25: GCV | E25: N/A | F25: N/A | G25: N/A | H25: N/A | I25: 3 Wheeler Goods | J25: EV | K25: =IF(Sheet1!E25="All","N/A", IF(LEFT(Sheet1!E25,4)="upto","N/A", IF(LEFT(Sheet1!E25,5)="Above",VALUE(MID(Sheet1!E25,7,2))+1, IF(ISNUMBER(SEARCH("to",Sheet1!E25)),VALUE(LEFT(Sheet1!E25,FIND(" to",Sheet1!E25)-1)), "N/A")))) -> N/A | L25: =IF(Sheet1!E25="All","N/A", IF(LEFT(Sheet1!E25,4)="upto",VALUE(MID(Sheet1!E25,6,2)), IF(LEFT(Sheet1!E25,5)="Above","N/A", IF(ISNUMBER(SEARCH("to",Sheet1!E25)),VALUE(MID(Sheet1!E25,FIND("to ",Sheet1!E25)+3,2)), "N/A")))) -> N/A | M25: Comprehensive (1+1) | N25: New,Old,Renewal,Rollover | O25: No | P25: =IF(Sheet1!A25="No","No", IF(LEFT(Sheet1!A25,5)="Up to",0, VALUE(LEFT(Sheet1!A25,FIND(" ",Sheet1!A25)-1)))) -> No | Q25: =IF(Sheet1!A25="No","No", IF(LEFT(Sheet1!A25,5)="Up to", VALUE(MID(Sheet1!A25,7,FIND("kg",Sheet1!A25)-7)), VALUE(MID(Sheet1!A25,FIND("to",Sheet1!A25)+3,FIND("kg",Sheet1!A25)-FIND("to",Sheet1!A25)-3)))) -> No | R25: No | S25: No | T25: No | U25: No | V25: No | W25: No | X25: No | Y25: =Sheet1!C25-Sheet1!D25 -> 0.0539
A26: ICICI | B26: TN | C26: 37,38,40,41,66,99 | D26: GCV | E26: N/A | F26: N/A | G26: N/A | H26: N/A | I26: 3 Wheeler Goods | J26: EV | K26: =IF(Sheet1!E26="All","N/A", IF(LEFT(Sheet1!E26,4)="upto","N/A", IF(LEFT(Sheet1!E26,5)="Above",VALUE(MID(Sheet1!E26,7,2))+1, IF(ISNUMBER(SEARCH("to",Sheet1!E26)),VALUE(LEFT(Sheet1!E26,FIND(" to",Sheet1!E26)-1)), "N/A")))) -> N/A | L26: =IF(Sheet1!E26="All","N/A", IF(LEFT(Sheet1!E26,4)="upto",VALUE(MID(Sheet1!E26,6,2)), IF(LEFT(Sheet1!E26,5)="Above","N/A", IF(ISNUMBER(SEARCH("to",Sheet1!E26)),VALUE(MID(Sheet1!E26,FIND("to ",Sheet1!E26)+3,2)), "N/A")))) -> N/A | M26: Comprehensive (1+1) | N26: New,Old,Renewal,Rollover | O26: No | P26: =IF(Sheet1!A26="No","No", IF(LEFT(Sheet1!A26,5)="Up to",0, VALUE(LEFT(Sheet1!A26,FIND(" ",Sheet1!A26)-1)))) -> No | Q26: =IF(Sheet1!A26="No","No", IF(LEFT(Sheet1!A26,5)="Up to", VALUE(MID(Sheet1!A26,7,FIND("kg",Sheet1!A26)-7)), VALUE(MID(Sheet1!A26,FIND("to",Sheet1!A26)+3,FIND("kg",Sheet1!A26)-FIND("to",Sheet1!A26)-3)))) -> No | R26: No | S26: No | T26: No | U26: No | V26: No | W26: No | X26: No | Y26: =Sheet1!C26-Sheet1!D26 -> 0.0833
A27: Universal | B27: TN | C27: Entire Tamilnadu | D27: GCV | E27: N/A | F27: N/A | G27: N/A | H27: N/A | I27: 3 Wheeler Goods | J27: All | K27: =IF(Sheet1!E27="All","N/A", IF(LEFT(Sheet1!E27,4)="upto","N/A", IF(LEFT(Sheet1!E27,5)="Above",VALUE(MID(Sheet1!E27,7,2))+1, IF(ISNUMBER(SEARCH("to",Sheet1!E27)),VALUE(LEFT(Sheet1!E27,FIND(" to",Sheet1!E27)-1)), "N/A")))) -> N/A | L27: =IF(Sheet1!E27="All","N/A", IF(LEFT(Sheet1!E27,4)="upto",VALUE(MID(Sheet1!E27,6,2)), IF(LEFT(Sheet1!E27,5)="Above","N/A", IF(ISNUMBER(SEARCH("to",Sheet1!E27)),VALUE(MID(Sheet1!E27,FIND("to ",Sheet1!E27)+3,2)), "N/A")))) -> N/A | M27: Comprehensive (1+1),SATP | N27: New,Old,Renewal,Rollover | O27: No | P27: =IF(Sheet1!A27="No","No", IF(LEFT(Sheet1!A27,5)="Up to",0, VALUE(LEFT(Sheet1!A27,FIND(" ",Sheet1!A27)-1)))) -> No | Q27: =IF(Sheet1!A27="No","No", IF(LEFT(Sheet1!A27,5)="Up to", VALUE(MID(Sheet1!A27,7,FIND("kg",Sheet1!A27)-7)), VALUE(MID(Sheet1!A27,FIND("to",Sheet1!A27)+3,FIND("kg",Sheet1!A27)-FIND("to",Sheet1!A27)-3)))) -> No | R27: No | S27: No | T27: No | U27: No | V27: No | W27: No | X27: No | Y27: =Sheet1!C27-Sheet1!D27 -> 0.2989
A28: Universal | B28: TN | C28: Entire pondicherry | D28: GCV | E28: N/A | F28: N/A | G28: N/A | H28: N/A | I28: 3 Wheeler Goods | J28: All | K28: =IF(Sheet1!E28="All","N/A", IF(LEFT(Sheet1!E28,4)="upto","N/A", IF(LEFT(Sheet1!E28,5)="Above",VALUE(MID(Sheet1!E28,7,2))+1, IF(ISNUMBER(SEARCH("to",Sheet1!E28)),VALUE(LEFT(Sheet1!E28,FIND(" to",Sheet1!E28)-1)), "N/A")))) -> N/A | L28: =IF(Sheet1!E28="All","N/A", IF(LEFT(Sheet1!E28,4)="upto",VALUE(MID(Sheet1!E28,6,2)), IF(LEFT(Sheet1!E28,5)="Above","N/A", IF(ISNUMBER(SEARCH("to",Sheet1!E28)),VALUE(MID(Sheet1!E28,FIND("to ",Sheet1!E28)+3,2)), "N/A")))) -> N/A | M28: Comprehensive (1+1),SATP | N28: New,Old,Renewal,Rollover | O28: No | P28: =IF(Sheet1!A28="No","No", IF(LEFT(Sheet1!A28,5)="Up to",0, VALUE(LEFT(Sheet1!A28,FIND(" ",Sheet1!A28)-1)))) -> No | Q28: =IF(Sheet1!A28="No","No", IF(LEFT(Sheet1!A28,5)="Up to", VALUE(MID(Sheet1!A28,7,FIND("kg",Sheet1!A28)-7)), VALUE(MID(Sheet1!A28,FIND("to",Sheet1!A28)+3,FIND("kg",Sheet1!A28)-FIND("to",Sheet1!A28)-3)))) -> No | R28: No | S28: No | T28: No | U28: No | V28: No | W28: No | X28: No | Y28: =Sheet1!C28-Sheet1!D28 -> 0.2891
A29: Tata AIG | B29: TN-CHN | C29: 01,02,03,04,05,06,07,09,10,11,12,13,14,18,22,85 | D29: GCV | E29: N/A | F29: N/A | G29: N/A | H29: N/A | I29: 3 Wheeler Goods | J29: All | K29: =IF(Sheet1!E29="All","N/A", IF(LEFT(Sheet1!E29,4)="upto","N/A", IF(LEFT(Sheet1!E29,5)="Above",VALUE(MID(Sheet1!E29,7,2))+1, IF(ISNUMBER(SEARCH("to",Sheet1!E29)),VALUE(LEFT(Sheet1!E29,FIND(" to",Sheet1!E29)-1)), "N/A")))) -> N/A | L29: =IF(Sheet1!E29="All","N/A", IF(LEFT(Sheet1!E29,4)="upto",VALUE(MID(Sheet1!E29,6,2)), IF(LEFT(Sheet1!E29,5)="Above","N/A", IF(ISNUMBER(SEARCH("to",Sheet1!E29)),VALUE(MID(Sheet1!E29,FIND("to ",Sheet1!E29)+3,2)), "N/A")))) -> N/A | M29: Comprehensive (1+1),SATP | N29: New,Old,Renewal,Rollover | O29: No | P29: =IF(Sheet1!A29="No","No", IF(LEFT(Sheet1!A29,5)="Up to",0, VALUE(LEFT(Sheet1!A29,FIND(" ",Sheet1!A29)-1)))) -> No | Q29: =IF(Sheet1!A29="No","No", IF(LEFT(Sheet1!A29,5)="Up to", VALUE(MID(Sheet1!A29,7,FIND("kg",Sheet1!A29)-7)), VALUE(MID(Sheet1!A29,FIND("to",Sheet1!A29)+3,FIND("kg",Sheet1!A29)-FIND("to",Sheet1!A29)-3)))) -> No | R29: No | S29: No | T29: No | U29: No | V29: No | W29: No | X29: No | Y29: =Sheet1!C29-Sheet1!D29 -> 0.3577
... A34: Royal | B34: TN | C34: 72, 76, 79 | D34: GCV | E34: N/A | F34: N/A | G34: N/A | H34: N/A | I34: 4 Wheeler Goods | J34: Petrol,Diesel,CNG | K34: =IF(Sheet1!E34="All","N/A", IF(LEFT(Sheet1!E34,4)="upto","N/A", IF(LEFT(Sheet1!E34,5)="Above",VALUE(MID(Sheet1!E34,7,2))+1, IF(ISNUMBER(SEARCH("to",Sheet1!E34)),VALUE(LEFT(Sheet1!E34,FIND(" to",Sheet1!E34)-1)), "N/A")))) -> N/A | L34: =IF(Sheet1!E34="All","N/A", IF(LEFT(Sheet1!E34,4)="upto",VALUE(MID(Sheet1!E34,6,2)), IF(LEFT(Sheet1!E34,5)="Above","N/A", IF(ISNUMBER(SEARCH("to",Sheet1!E34)),VALUE(MID(Sheet1!E34,FIND("to ",Sheet1!E34)+3,2)), "N/A")))) -> N/A | M34: Comprehensive (1+1) | N34: New,Old,Renewal,Rollover | O34: No | P34: =IF(Sheet1!A34="No","No", IF(LEFT(Sheet1!A34,5)="Up to",0, VALUE(LEFT(Sheet1!A34,FIND(" ",Sheet1!A34)-1)))) -> 0 | Q34: =IF(Sheet1!A34="No","No", IF(LEFT(Sheet1!A34,5)="Up to", VALUE(MID(Sheet1!A34,7,FIND("kg",Sheet1!A34)-7)), VALUE(MID(Sheet1!A34,FIND("to",Sheet1!A34)+3,FIND("kg",Sheet1!A34)-FIND("to",Sheet1!A34)-3)))) -> 2300 | R34: No | S34: No | T34: No | U34: No | V34: No | W34: No | X34: No | Y34: =Sheet1!C34-Sheet1!D34 -> 0.3871
A35: Royal | B35: TN | C35: 67 | D35: GCV | E35: N/A | F35: N/A | G35: N/A | H35: N/A | I35: 4 Wheeler Goods | J35: Petrol,Diesel,CNG | K35: =IF(Sheet1!E35="All","N/A", IF(LEFT(Sheet1!E35,4)="upto","N/A", IF(LEFT(Sheet1!E35,5)="Above",VALUE(MID(Sheet1!E35,7,2))+1, IF(ISNUMBER(SEARCH("to",Sheet1!E35)),VALUE(LEFT(Sheet1!E35,FIND(" to",Sheet1!E35)-1)), "N/A")))) -> N/A | L35: =IF(Sheet1!E35="All","N/A", IF(LEFT(Sheet1!E35,4)="upto",VALUE(MID(Sheet1!E35,6,2)), IF(LEFT(Sheet1!E35,5)="Above","N/A", IF(ISNUMBER(SEARCH("to",Sheet1!E35)),VALUE(MID(Sheet1!E35,FIND("to ",Sheet1!E35)+3,2)), "N/A")))) -> N/A | M35: Comprehensive (1+1) | N35: New,Old,Renewal,Rollover | O35: No | P35: =IF(Sheet1!A35="No","No", IF(LEFT(Sheet1!A35,5)="Up to",0, VALUE(LEFT(Sheet1!A35,FIND(" ",Sheet1!A35)-1)))) -> 0 | Q35: =IF(Sheet1!A35="No","No", IF(LEFT(Sheet1!A35,5)="Up to", VALUE(MID(Sheet1!A35,7,FIND("kg",Sheet1!A35)-7)), VALUE(MID(Sheet1!A35,FIND("to",Sheet1!A35)+3,FIND("kg",Sheet1!A35)-FIND("to",Sheet1!A35)-3)))) -> 2300 | R35: No | S35: No | T35: No | U35: No | V35: No | W35: No | X35: No | Y35: =Sheet1!C35-Sheet1!D35 -> 0.3675
A36: Royal | B36: TN | C36: 33, 36, 86,39, 42, 78,15,16,23,24,25,28,29,31,32,34,43,45,46,47,48,49,50,51,52,55,56,57,58,59,60,61,63,64,65,68,70,73,81,82,83,84,88,91,93,94,95,97 | D36: GCV | E36: N/A | F36: N/A | G36: N/A | H36: N/A | I36: 4 Wheeler Goods | J36: Petrol,Diesel,CNG | K36: =IF(Sheet1!E36="All","N/A", IF(LEFT(Sheet1!E36,4)="upto","N/A", IF(LEFT(Sheet1!E36,5)="Above",VALUE(MID(Sheet1!E36,7,2))+1, IF(ISNUMBER(SEARCH("to",Sheet1!E36)),VALUE(LEFT(Sheet1!E36,FIND(" to",Sheet1!E36)-1)), "N/A")))) -> N/A | L36: =IF(Sheet1!E36="All","N/A", IF(LEFT(Sheet1!E36,4)="upto",VALUE(MID(Sheet1!E36,6,2)), IF(LEFT(Sheet1!E36,5)="Above","N/A", IF(ISNUMBER(SEARCH("to",Sheet1!E36)),VALUE(MID(Sheet1!E36,FIND("to ",Sheet1!E36)+3,2)), "N/A")))) -> N/A | M36: Comprehensive (1+1) | N36: New,Old,Renewal,Rollover | O36: No | P36: =IF(Sheet1!A36="No","No", IF(LEFT(Sheet1!A36,5)="Up to",0, VALUE(LEFT(Sheet1!A36,FIND(" ",Sheet1!A36)-1)))) -> 0 | Q36: =IF(Sheet1!A36="No","No", IF(LEFT(Sheet1!A36,5)="Up to", VALUE(MID(Sheet1!A36,7,FIND("kg",Sheet1!A36)-7)), VALUE(MID(Sheet1!A36,FIND("to",Sheet1!A36)+3,FIND("kg",Sheet1!A36)-FIND("to",Sheet1!A36)-3)))) -> 2300 | R36: No | S36: No | T36: No | U36: No | V36: No | W36: No | X36: No | Y36: =Sheet1!C36-Sheet1!D36 -> 0.3381
A37: Royal | B37: TN | C37: 27, 30, 54, 77, 90 | D37: GCV | E37: N/A | F37: N/A | G37: N/A | H37: N/A | I37: 4 Wheeler Goods | J37: Petrol,Diesel,CNG | K37: =IF(Sheet1!E37="All","N/A", IF(LEFT(Sheet1!E37,4)="upto","N/A", IF(LEFT(Sheet1!E37,5)="Above",VALUE(MID(Sheet1!E37,7,2))+1, IF(ISNUMBER(SEARCH("to",Sheet1!E37)),VALUE(LEFT(Sheet1!E37,FIND(" to",Sheet1!E37)-1)), "N/A")))) -> N/A | L37: =IF(Sheet1!E37="All","N/A", IF(LEFT(Sheet1!E37,4)="upto",VALUE(MID(Sheet1!E37,6,2)), IF(LEFT(Sheet1!E37,5)="Above","N/A", IF(ISNUMBER(SEARCH("to",Sheet1!E37)),VALUE(MID(Sheet1!E37,FIND("to ",Sheet1!E37)+3,2)), "N/A")))) -> N/A | M37: Comprehensive (1+1) | N37: New,Old,Renewal,Rollover | O37: No | P37: =IF(Sheet1!A37="No","No", IF(LEFT(Sheet1!A37,5)="Up to",0, VALUE(LEFT(Sheet1!A37,FIND(" ",Sheet1!A37)-1)))) -> 0 | Q37: =IF(Sheet1!A37="No","No", IF(LEFT(Sheet1!A37,5)="Up to", VALUE(MID(Sheet1!A37,7,FIND("kg",Sheet1!A37)-7)), VALUE(MID(Sheet1!A37,FIND("to",Sheet1!A37)+3,FIND("kg",Sheet1!A37)-FIND("to",Sheet1!A37)-3)))) -> 2300 | R37: No | S37: No | T37: No | U37: No | V37: No | W37: No | X37: No | Y37: =Sheet1!C37-Sheet1!D37 -> 0.3283
A38: Royal | B38: TN | C38: 01,02,03,05 | D38: GCV | E38: N/A | F38: N/A | G38: N/A | H38: N/A | I38: 4 Wheeler Goods | J38: Petrol,Diesel,CNG | K38: =IF(Sheet1!E38="All","N/A", IF(LEFT(Sheet1!E38,4)="upto","N/A", IF(LEFT(Sheet1!E38,5)="Above",VALUE(MID(Sheet1!E38,7,2))+1, IF(ISNUMBER(SEARCH("to",Sheet1!E38)),VALUE(LEFT(Sheet1!E38,FIND(" to",Sheet1!E38)-1)), "N/A")))) -> N/A | L38: =IF(Sheet1!E38="All","N/A", IF(LEFT(Sheet1!E38,4)="upto",VALUE(MID(Sheet1!E38,6,2)), IF(LEFT(Sheet1!E38,5)="Above","N/A", IF(ISNUMBER(SEARCH("to",Sheet1!E38)),VALUE(MID(Sheet1!E38,FIND("to ",Sheet1!E38)+3,2)), "N/A")))) -> N/A | M38: Comprehensive (1+1) | N38: New,Old,Renewal,Rollover | O38: No | P38: =IF(Sheet1!A38="No","No", IF(LEFT(Sheet1!A38,5)="Up to",0, VALUE(LEFT(Sheet1!A38,FIND(" ",Sheet1!A38)-1)))) -> 0 | Q38: =IF(Sheet1!A38="No","No", IF(LEFT(Sheet1!A38,5)="Up to", VALUE(MID(Sheet1!A38,7,FIND("kg",Sheet1!A38)-7)), VALUE(MID(Sheet1!A38,FIND("to",Sheet1!A38)+3,FIND("kg",Sheet1!A38)-FIND("to",Sheet1!A38)-3)))) -> 2300 | R38: No | S38: No | T38: No | U38: No | V38: No | W38: No | X38: No | Y38: =Sheet1!C38-Sheet1!D38 -> 0.0931
A39: Royal | B39: TN | C39: 19 | D39: GCV | E39: N/A | F39: N/A | G39: N/A | H39: N/A | I39: 4 Wheeler Goods | J39: Petrol,Diesel,CNG | K39: =IF(Sheet1!E39="All","N/A", IF(LEFT(Sheet1!E39,4)="upto","N/A", IF(LEFT(Sheet1!E39,5)="Above",VALUE(MID(Sheet1!E39,7,2))+1, IF(ISNUMBER(SEARCH("to",Sheet1!E39)),VALUE(LEFT(Sheet1!E39,FIND(" to",Sheet1!E39)-1)), "N/A")))) -> N/A | L39: =IF(Sheet1!E39="All","N/A", IF(LEFT(Sheet1!E39,4)="upto",VALUE(MID(Sheet1!E39,6,2)), IF(LEFT(Sheet1!E39,5)="Above","N/A", IF(ISNUMBER(SEARCH("to",Sheet1!E39)),VALUE(MID(Sheet1!E39,FIND("to ",Sheet1!E39)+3,2)), "N/A")))) -> N/A | M39: SATP | N39: New,Old,Renewal,Rollover | O39: No | P39: =IF(Sheet1!A39="No","No", IF(LEFT(Sheet1!A39,5)="Up to",0, VALUE(LEFT(Sheet1!A39,FIND(" ",Sheet1!A39)-1)))) -> 0 | Q39: =IF(Sheet1!A39="No","No", IF(LEFT(Sheet1!A39,5)="Up to", VALUE(MID(Sheet1!A39,7,FIND("kg",Sheet1!A39)-7)), VALUE(MID(Sheet1!A39,FIND("to",Sheet1!A39)+3,FIND("kg",Sheet1!A39)-FIND("to",Sheet1!A39)-3)))) -> 2300 | R39: No | S39: No | T39: No | U39: No | V39: No | W39: No | X39: No | Y39: =Sheet1!C39-Sheet1!D39 -> 0.2891
A40: Royal | B40: TN | C40: 01,02,03,04,05,06,07,09,10,11,12,13,14,18,22,85,21,62,72,67 | D40: GCV | E40: N/A | F40: N/A | G40: N/A | H40: N/A | I40: 4 Wheeler Goods | J40: Petrol,Diesel,CNG | K40: =IF(Sheet1!E40="All","N/A", IF(LEFT(Sheet1!E40,4)="upto","N/A", IF(LEFT(Sheet1!E40,5)="Above",VALUE(MID(Sheet1!E40,7,2))+1, IF(ISNUMBER(SEARCH("to",Sheet1!E40)),VALUE(LEFT(Sheet1!E40,FIND(" to",Sheet1!E40)-1)), "N/A")))) -> N/A | L40: =IF(Sheet1!E40="All","N/A", IF(LEFT(Sheet1!E40,4)="upto",VALUE(MID(Sheet1!E40,6,2)), IF(LEFT(Sheet1!E40,5)="Above","N/A", IF(ISNUMBER(SEARCH("to",Sheet1!E40)),VALUE(MID(Sheet1!E40,FIND("to ",Sheet1!E40)+3,2)), "N/A")))) -> N/A | M40: SATP | N40: New,Old,Renewal,Rollover | O40: No | P40: =IF(Sheet1!A40="No","No", IF(LEFT(Sheet1!A40,5)="Up to",0, VALUE(LEFT(Sheet1!A40,FIND(" ",Sheet1!A40)-1)))) -> 0 | Q40: =IF(Sheet1!A40="No","No", IF(LEFT(Sheet1!A40,5)="Up to", VALUE(MID(Sheet1!A40,7,FIND("kg",Sheet1!A40)-7)), VALUE(MID(Sheet1!A40,FIND("to",Sheet1!A40)+3,FIND("kg",Sheet1!A40)-FIND("to",Sheet1!A40)-3)))) -> 2300 | R40: No | S40: No | T40: No | U40: No | V40: No | W40: No | X40: No | Y40: =Sheet1!C40-Sheet1!D40 -> 0.3969
A41: Royal | B41: TN | C41: 37,38,40,41,66,99 | D41: GCV | E41: N/A | F41: N/A | G41: N/A | H41: N/A | I41: 4 Wheeler Goods | J41: Petrol,Diesel,CNG | K41: =IF(Sheet1!E41="All","N/A", IF(LEFT(Sheet1!E41,4)="upto","N/A", IF(LEFT(Sheet1!E41,5)="Above",VALUE(MID(Sheet1!E41,7,2))+1, IF(ISNUMBER(SEARCH("to",Sheet1!E41)),VALUE(LEFT(Sheet1!E41,FIND(" to",Sheet1!E41)-1)), "N/A")))) -> N/A | L41: =IF(Sheet1!E41="All","N/A", IF(LEFT(Sheet1!E41,4)="upto",VALUE(MID(Sheet1!E41,6,2)), IF(LEFT(Sheet1!E41,5)="Above","N/A", IF(ISNUMBER(SEARCH("to",Sheet1!E41)),VALUE(MID(Sheet1!E41,FIND("to ",Sheet1!E41)+3,2)), "N/A")))) -> N/A | M41: SATP | N41: New,Old,Renewal,Rollover | O41: No | P41: =IF(Sheet1!A41="No","No", IF(LEFT(Sheet1!A41,5)="Up to",0, VALUE(LEFT(Sheet1!A41,FIND(" ",Sheet1!A41)-1)))) -> 0 | Q41: =IF(Sheet1!A41="No","No", IF(LEFT(Sheet1!A41,5)="Up to", VALUE(MID(Sheet1!A41,7,FIND("kg",Sheet1!A41)-7)), VALUE(MID(Sheet1!A41,FIND("to",Sheet1!A41)+3,FIND("kg",Sheet1!A41)-FIND("to",Sheet1!A41)-3)))) -> 2300 | R41: No | S41: No | T41: No | U41: No | V41: No | W41: No | X41: No | Y41: =Sheet1!C41-Sheet1!D41 -> 0.3675
A42: Royal | B42: TN | C42: 33,86 | D42: GCV | E42: N/A | F42: N/A | G42: N/A | H42: N/A | I42: 4 Wheeler Goods | J42: Petrol,Diesel,CNG | K42: =IF(Sheet1!E42="All","N/A", IF(LEFT(Sheet1!E42,4)="upto","N/A", IF(LEFT(Sheet1!E42,5)="Above",VALUE(MID(Sheet1!E42,7,2))+1, IF(ISNUMBER(SEARCH("to",Sheet1!E42)),VALUE(LEFT(Sheet1!E42,FIND(" to",Sheet1!E42)-1)), "N/A")))) -> N/A | L42: =IF(Sheet1!E42="All","N/A", IF(LEFT(Sheet1!E42,4)="upto",VALUE(MID(Sheet1!E42,6,2)), IF(LEFT(Sheet1!E42,5)="Above","N/A", IF(ISNUMBER(SEARCH("to",Sheet1!E42)),VALUE(MID(Sheet1!E42,FIND("to ",Sheet1!E42)+3,2)), "N/A")))) -> N/A | M42: SATP | N42: New,Old,Renewal,Rollover | O42: No | P42: =IF(Sheet1!A42="No","No", IF(LEFT(Sheet1!A42,5)="Up to",0, VALUE(LEFT(Sheet1!A42,FIND(" ",Sheet1!A42)-1)))) -> 0 | Q42: =IF(Sheet1!A42="No","No", IF(LEFT(Sheet1!A42,5)="Up to", VALUE(MID(Sheet1!A42,7,FIND("kg",Sheet1!A42)-7)), VALUE(MID(Sheet1!A42,FIND("to",Sheet1!A42)+3,FIND("kg",Sheet1!A42)-FIND("to",Sheet1!A42)-3)))) -> 2300 | R42: No | S42: No | T42: No | U42: No | V42: No | W42: No | X42: No | Y42: =Sheet1!C42-Sheet1!D42 -> 0.2695
A43: Royal | B43: TN | C43: 75 | D43: GCV | E43: N/A | F43: N/A | G43: N/A | H43: N/A | I43: 4 Wheeler Goods | J43: Petrol,Diesel,CNG | K43: =IF(Sheet1!E43="All","N/A", IF(LEFT(Sheet1!E43,4)="upto","N/A", IF(LEFT(Sheet1!E43,5)="Above",VALUE(MID(Sheet1!E43,7,2))+1, IF(ISNUMBER(SEARCH("to",Sheet1!E43)),VALUE(LEFT(Sheet1!E43,FIND(" to",Sheet1!E43)-1)), "N/A")))) -> N/A | L43: =IF(Sheet1!E43="All","N/A", IF(LEFT(Sheet1!E43,4)="upto",VALUE(MID(Sheet1!E43,6,2)), IF(LEFT(Sheet1!E43,5)="Above","N/A", IF(ISNUMBER(SEARCH("to",Sheet1!E43)),VALUE(MID(Sheet1!E43,FIND("to ",Sheet1!E43)+3,2)), "N/A")))) -> N/A | M43: SATP | N43: New,Old,Renewal,Rollover | O43: No | P43: =IF(Sheet1!A43="No","No", IF(LEFT(Sheet1!A43,5)="Up to",0, VALUE(LEFT(Sheet1!A43,FIND(" ",Sheet1!A43)-1)))) -> 0 | Q43: =IF(Sheet1!A43="No","No", IF(LEFT(Sheet1!A43,5)="Up to", VALUE(MID(Sheet1!A43,7,FIND("kg",Sheet1!A43)-7)), VALUE(MID(Sheet1!A43,FIND("to",Sheet1!A43)+3,FIND("kg",Sheet1!A43)-FIND("to",Sheet1!A43)-3)))) -> 2300 | R43: No | S43: No | T43: No | U43: No | V43: No | W43: No | X43: No | Y43: =Sheet1!C43-Sheet1!D43 -> 0.3577
A44: Royal | B44: TN | C44: ro-chn | D44: GCV | E44: N/A | F44: N/A | G44: N/A | H44: N/A | I44: 4 Wheeler Goods | J44: Petrol,Diesel,CNG | K44: =IF(Sheet1!E44="All","N/A", IF(LEFT(Sheet1!E44,4)="upto","N/A", IF(LEFT(Sheet1!E44,5)="Above",VALUE(MID(Sheet1!E44,7,2))+1, IF(ISNUMBER(SEARCH("to",Sheet1!E44)),VALUE(LEFT(Sheet1!E44,FIND(" to",Sheet1!E44)-1)), "N/A")))) -> N/A | L44: =IF(Sheet1!E44="All","N/A", IF(LEFT(Sheet1!E44,4)="upto",VALUE(MID(Sheet1!E44,6,2)), IF(LEFT(Sheet1!E44,5)="Above","N/A", IF(ISNUMBER(SEARCH("to",Sheet1!E44)),VALUE(MID(Sheet1!E44,FIND("to ",Sheet1!E44)+3,2)), "N/A")))) -> N/A | M44: SATP | N44: New,Old,Renewal,Rollover | O44: No | P44: =IF(Sheet1!A44="No","No", IF(LEFT(Sheet1!A44,5)="Up to",0, VALUE(LEFT(Sheet1!A44,FIND(" ",Sheet1!A44)-1)))) -> 0 | Q44: =IF(Sheet1!A44="No","No", IF(LEFT(Sheet1!A44,5)="Up to", VALUE(MID(Sheet1!A44,7,FIND("kg",Sheet1!A44)-7)), VALUE(MID(Sheet1!A44,FIND("to",Sheet1!A44)+3,FIND("kg",Sheet1!A44)-FIND("to",Sheet1!A44)-3)))) -> 2300 | R44: No | S44: No | T44: No | U44: No | V44: No | W44: No | X44: No | Y44: =Sheet1!C44-Sheet1!D44 -> 0.1911
A45: Royal | B45: TN | C45: 30,54,90 | D45: GCV | E45: N/A | F45: N/A | G45: N/A | H45: N/A | I45: 4 Wheeler Goods | J45: Petrol,Diesel,CNG | K45: =IF(Sheet1!E45="All","N/A", IF(LEFT(Sheet1!E45,4)="upto","N/A", IF(LEFT(Sheet1!E45,5)="Above",VALUE(MID(Sheet1!E45,7,2))+1, IF(ISNUMBER(SEARCH("to",Sheet1!E45)),VALUE(LEFT(Sheet1!E45,FIND(" to",Sheet1!E45)-1)), "N/A")))) -> N/A | L45: =IF(Sheet1!E45="All","N/A", IF(LEFT(Sheet1!E45,4)="upto",VALUE(MID(Sheet1!E45,6,2)), IF(LEFT(Sheet1!E45,5)="Above","N/A", IF(ISNUMBER(SEARCH("to",Sheet1!E45)),VALUE(MID(Sheet1!E45,FIND("to ",Sheet1!E45)+3,2)), "N/A")))) -> N/A | M45: SATP | N45: New,Old,Renewal,Rollover | O45: No | P45: =IF(Sheet1!A45="No","No", IF(LEFT(Sheet1!A45,5)="Up to",0, VALUE(LEFT(Sheet1!A45,FIND(" ",Sheet1!A45)-1)))) -> 0 | Q45: =IF(Sheet1!A45="No","No", IF(LEFT(Sheet1!A45,5)="Up to", VALUE(MID(Sheet1!A45,7,FIND("kg",Sheet1!A45)-7)), VALUE(MID(Sheet1!A45,FIND("to",Sheet1!A45)+3,FIND("kg",Sheet1!A45)-FIND("to",Sheet1!A45)-3)))) -> 2300 | R45: No | S45: No | T45: No | U45: No | V45: No | W45: No | X45: No | Y45: =Sheet1!C45-Sheet1!D45 -> 0.1519
A46: Royal | B46: TN | C46: 39,42 | D46: GCV | E46: N/A | F46: N/A | G46: N/A | H46: N/A | I46: 4 Wheeler Goods | J46: Petrol,Diesel,CNG | K46: =IF(Sheet1!E46="All","N/A", IF(LEFT(Sheet1!E46,4)="upto","N/A", IF(LEFT(Sheet1!E46,5)="Above",VALUE(MID(Sheet1!E46,7,2))+1, IF(ISNUMBER(SEARCH("to",Sheet1!E46)),VALUE(LEFT(Sheet1!E46,FIND(" to",Sheet1!E46)-1)), "N/A")))) -> N/A | L46: =IF(Sheet1!E46="All","N/A", IF(LEFT(Sheet1!E46,4)="upto",VALUE(MID(Sheet1!E46,6,2)), IF(LEFT(Sheet1!E46,5)="Above","N/A", IF(ISNUMBER(SEARCH("to",Sheet1!E46)),VALUE(MID(Sheet1!E46,FIND("to ",Sheet1!E46)+3,2)), "N/A")))) -> N/A | M46: SATP | N46: New,Old,Renewal,Rollover | O46: No | P46: =IF(Sheet1!A46="No","No", IF(LEFT(Sheet1!A46,5)="Up to",0, VALUE(LEFT(Sheet1!A46,FIND(" ",Sheet1!A46)-1)))) -> 0 | Q46: =IF(Sheet1!A46="No","No", IF(LEFT(Sheet1!A46,5)="Up to", VALUE(MID(Sheet1!A46,7,FIND("kg",Sheet1!A46)-7)), VALUE(MID(Sheet1!A46,FIND("to",Sheet1!A46)+3,FIND("kg",Sheet1!A46)-FIND("to",Sheet1!A46)-3)))) -> 2300 | R46: No | S46: No | T46: No | U46: No | V46: No | W46: No | X46: No | Y46: =Sheet1!C46-Sheet1!D46 -> 0.3283
A47: Royal | B47: TN | C47: 20 | D47: GCV | E47: N/A | F47: N/A | G47: N/A | H47: N/A | I47: 4 Wheeler Goods | J47: Petrol,Diesel,CNG | K47: =IF(Sheet1!E47="All","N/A", IF(LEFT(Sheet1!E47,4)="upto","N/A", IF(LEFT(Sheet1!E47,5)="Above",VALUE(MID(Sheet1!E47,7,2))+1, IF(ISNUMBER(SEARCH("to",Sheet1!E47)),VALUE(LEFT(Sheet1!E47,FIND(" to",Sheet1!E47)-1)), "N/A")))) -> N/A | L47: =IF(Sheet1!E47="All","N/A", IF(LEFT(Sheet1!E47,4)="upto",VALUE(MID(Sheet1!E47,6,2)), IF(LEFT(Sheet1!E47,5)="Above","N/A", IF(ISNUMBER(SEARCH("to",Sheet1!E47)),VALUE(MID(Sheet1!E47,FIND("to ",Sheet1!E47)+3,2)), "N/A")))) -> N/A | M47: SATP | N47: New,Old,Renewal,Rollover | O47: No | P47: =IF(Sheet1!A47="No","No", IF(LEFT(Sheet1!A47,5)="Up to",0, VALUE(LEFT(Sheet1!A47,FIND(" ",Sheet1!A47)-1)))) -> 0 | Q47: =IF(Sheet1!A47="No","No", IF(LEFT(Sheet1!A47,5)="Up to", VALUE(MID(Sheet1!A47,7,FIND("kg",Sheet1!A47)-7)), VALUE(MID(Sheet1!A47,FIND("to",Sheet1!A47)+3,FIND("kg",Sheet1!A47)-FIND("to",Sheet1!A47)-3)))) -> 2300 | R47: No | S47: No | T47: No | U47: No | V47: No | W47: No | X47: No | Y47: =Sheet1!C47-Sheet1!D47 -> 0.3381
A48: Royal | B48: PY | C48: 01,02,03,05 | D48: GCV | E48: N/A | F48: N/A | G48: N/A | H48: N/A | I48: 4 Wheeler Goods | J48: Petrol,Diesel,CNG | K48: =IF(Sheet1!E48="All","N/A", IF(LEFT(Sheet1!E48,4)="upto","N/A", IF(LEFT(Sheet1!E48,5)="Above",VALUE(MID(Sheet1!E48,7,2))+1, IF(ISNUMBER(SEARCH("to",Sheet1!E48)),VALUE(LEFT(Sheet1!E48,FIND(" to",Sheet1!E48)-1)), "N/A")))) -> N/A | L48: =IF(Sheet1!E48="All","N/A", IF(LEFT(Sheet1!E48,4)="upto",VALUE(MID(Sheet1!E48,6,2)), IF(LEFT(Sheet1!E48,5)="Above","N/A", IF(ISNUMBER(SEARCH("to",Sheet1!E48)),VALUE(MID(Sheet1!E48,FIND("to ",Sheet1!E48)+3,2)), "N/A")))) -> N/A | M48: SATP | N48: New,Old,Renewal,Rollover | O48: No | P48: =IF(Sheet1!A48="No","No", IF(LEFT(Sheet1!A48,5)="Up to",0, VALUE(LEFT(Sheet1!A48,FIND(" ",Sheet1!A48)-1)))) -> 0 | Q48: =IF(Sheet1!A48="No","No", IF(LEFT(Sheet1!A48,5)="Up to", VALUE(MID(Sheet1!A48,7,FIND("kg",Sheet1!A48)-7)), VALUE(MID(Sheet1!A48,FIND("to",Sheet1!A48)+3,FIND("kg",Sheet1!A48)-FIND("to",Sheet1!A48)-3)))) -> 2300 | R48: No | S48: No | T48: No | U48: No | V48: No | W48: No | X48: No | Y48: =Sheet1!C48-Sheet1!D48 -> 0.1225
A49: Royal | B49: TN | C49: Entire Tamilnadu | D49: GCV | E49: N/A | F49: N/A | G49: N/A | H49: N/A | I49: 4 Wheeler Goods | J49: EV | K49: =IF(Sheet1!E49="All","N/A", IF(LEFT(Sheet1!E49,4)="upto","N/A", IF(LEFT(Sheet1!E49,5)="Above",VALUE(MID(Sheet1!E49,7,2))+1, IF(ISNUMBER(SEARCH("to",Sheet1!E49)),VALUE(LEFT(Sheet1!E49,FIND(" to",Sheet1!E49)-1)), "N/A")))) -> N/A | L49: =IF(Sheet1!E49="All","N/A", IF(LEFT(Sheet1!E49,4)="upto",VALUE(MID(Sheet1!E49,6,2)), IF(LEFT(Sheet1!E49,5)="Above","N/A", IF(ISNUMBER(SEARCH("to",Sheet1!E49)),VALUE(MID(Sheet1!E49,FIND("to ",Sheet1!E49)+3,2)), "N/A")))) -> N/A | M49: Comprehensive (1+1) | N49: New,Old,Renewal,Rollover | O49: No | P49: =IF(Sheet1!A49="No","No", IF(LEFT(Sheet1!A49,5)="Up to",0, VALUE(LEFT(Sheet1!A49,FIND(" ",Sheet1!A49)-1)))) -> 0 | Q49: =IF(Sheet1!A49="No","No", IF(LEFT(Sheet1!A49,5)="Up to", VALUE(MID(Sheet1!A49,7,FIND("kg",Sheet1!A49)-7)), VALUE(MID(Sheet1!A49,FIND("to",Sheet1!A49)+3,FIND("kg",Sheet1!A49)-FIND("to",Sheet1!A49)-3)))) -> 3500 | R49: No | S49: No | T49: No | U49: No | V49: No | W49: No | X49: No | Y49: =Sheet1!C49-Sheet1!D49 -> 0.2793
A50: Royal | B50: PY | C50: 01,02,03,05 | D50: GCV | E50: N/A | F50: N/A | G50: N/A | H50: N/A | I50: 4 Wheeler Goods | J50: EV | K50: =IF(Sheet1!E50="All","N/A", IF(LEFT(Sheet1!E50,4)="upto","N/A", IF(LEFT(Sheet1!E50,5)="Above",VALUE(MID(Sheet1!E50,7,2))+1, IF(ISNUMBER(SEARCH("to",Sheet1!E50)),VALUE(LEFT(Sheet1!E50,FIND(" to",Sheet1!E50)-1)), "N/A")))) -> N/A | L50: =IF(Sheet1!E50="All","N/A", IF(LEFT(Sheet1!E50,4)="upto",VALUE(MID(Sheet1!E50,6,2)), IF(LEFT(Sheet1!E50,5)="Above","N/A", IF(ISNUMBER(SEARCH("to",Sheet1!E50)),VALUE(MID(Sheet1!E50,FIND("to ",Sheet1!E50)+3,2)), "N/A")))) -> N/A | M50: Comprehensive (1+1) | N50: New,Old,Renewal,Rollover | O50: No | P50: =IF(Sheet1!A50="No","No", IF(LEFT(Sheet1!A50,5)="Up to",0, VALUE(LEFT(Sheet1!A50,FIND(" ",Sheet1!A50)-1)))) -> 0 | Q50: =IF(Sheet1!A50="No","No", IF(LEFT(Sheet1!A50,5)="Up to", VALUE(MID(Sheet1!A50,7,FIND("kg",Sheet1!A50)-7)), VALUE(MID(Sheet1!A50,FIND("to",Sheet1!A50)+3,FIND("kg",Sheet1!A50)-FIND("to",Sheet1!A50)-3)))) -> 3500 | R50: No | S50: No | T50: No | U50: No | V50: No | W50: No | X50: No | Y50: =Sheet1!C50-Sheet1!D50 -> 0.1127
A51: Royal | B51: TN | C51: Entire Tamilnadu | D51: GCV | E51: N/A | F51: N/A | G51: N/A | H51: N/A | I51: 4 Wheeler Goods | J51: EV | K51: =IF(Sheet1!E51="All","N/A", IF(LEFT(Sheet1!E51,4)="upto","N/A", IF(LEFT(Sheet1!E51,5)="Above",VALUE(MID(Sheet1!E51,7,2))+1, IF(ISNUMBER(SEARCH("to",Sheet1!E51)),VALUE(LEFT(Sheet1!E51,FIND(" to",Sheet1!E51)-1)), "N/A")))) -> N/A | L51: =IF(Sheet1!E51="All","N/A", IF(LEFT(Sheet1!E51,4)="upto",VALUE(MID(Sheet1!E51,6,2)), IF(LEFT(Sheet1!E51,5)="Above","N/A", IF(ISNUMBER(SEARCH("to",Sheet1!E51)),VALUE(MID(Sheet1!E51,FIND("to ",Sheet1!E51)+3,2)), "N/A")))) -> N/A | M51: Comprehensive (1+1) | N51: New,Old,Renewal,Rollover | O51: No | P51: =IF(Sheet1!A51="No","No", IF(LEFT(Sheet1!A51,5)="Up to",0, VALUE(LEFT(Sheet1!A51,FIND(" ",Sheet1!A51)-1)))) -> 0 | Q51: =IF(Sheet1!A51="No","No", IF(LEFT(Sheet1!A51,5)="Up to", VALUE(MID(Sheet1!A51,7,FIND("kg",Sheet1!A51)-7)), VALUE(MID(Sheet1!A51,FIND("to",Sheet1!A51)+3,FIND("kg",Sheet1!A51)-FIND("to",Sheet1!A51)-3)))) -> 3500 | R51: No | S51: No | T51: No | U51: No | V51: No | W51: No | X51: No | Y51: =Sheet1!C51-Sheet1!D51 -> 0.3969
A52: Royal | B52: PY | C52: 01,02,03,05 | D52: GCV | E52: N/A | F52: N/A | G52: N/A | H52: N/A | I52: 4 Wheeler Goods | J52: EV | K52: =IF(Sheet1!E52="All","N/A", IF(LEFT(Sheet1!E52,4)="upto","N/A", IF(LEFT(Sheet1!E52,5)="Above",VALUE(MID(Sheet1!E52,7,2))+1, IF(ISNUMBER(SEARCH("to",Sheet1!E52)),VALUE(LEFT(Sheet1!E52,FIND(" to",Sheet1!E52)-1)), "N/A")))) -> N/A | L52: =IF(Sheet1!E52="All","N/A", IF(LEFT(Sheet1!E52,4)="upto",VALUE(MID(Sheet1!E52,6,2)), IF(LEFT(Sheet1!E52,5)="Above","N/A", IF(ISNUMBER(SEARCH("to",Sheet1!E52)),VALUE(MID(Sheet1!E52,FIND("to ",Sheet1!E52)+3,2)), "N/A")))) -> N/A | M52: Comprehensive (1+1) | N52: New,Old,Renewal,Rollover | O52: No | P52: =IF(Sheet1!A52="No","No", IF(LEFT(Sheet1!A52,5)="Up to",0, VALUE(LEFT(Sheet1!A52,FIND(" ",Sheet1!A52)-1)))) -> 0 | Q52: =IF(Sheet1!A52="No","No", IF(LEFT(Sheet1!A52,5)="Up to", VALUE(MID(Sheet1!A52,7,FIND("kg",Sheet1!A52)-7)), VALUE(MID(Sheet1!A52,FIND("to",Sheet1!A52)+3,FIND("kg",Sheet1!A52)-FIND("to",Sheet1!A52)-3)))) -> 3500 | R52: No | S52: No | T52: No | U52: No | V52: No | W52: No | X52: No | Y52: =Sheet1!C52-Sheet1!D52 -> 0.1715
A53: SBI | B53: TN | C53: 01,02,03,04,05,07,09,10 | D53: GCV | E53: N/A | F53: 46037 | G53: N/A | H53: except Bolero | I53: 4 Wheeler Goods | J53: Petrol,Diesel,CNG | K53: =IF(Sheet1!E53="All","N/A", IF(LEFT(Sheet1!E53,4)="upto","N/A", IF(LEFT(Sheet1!E53,5)="Above",VALUE(MID(Sheet1!E53,7,2))+1, IF(ISNUMBER(SEARCH("to",Sheet1!E53)),VALUE(LEFT(Sheet1!E53,FIND(" to",Sheet1!E53)-1)), "N/A")))) -> N/A | L53: =IF(Sheet1!E53="All","N/A", IF(LEFT(Sheet1!E53,4)="upto",VALUE(MID(Sheet1!E53,6,2)), IF(LEFT(Sheet1!E53,5)="Above","N/A", IF(ISNUMBER(SEARCH("to",Sheet1!E53)),VALUE(MID(Sheet1!E53,FIND("to ",Sheet1!E53)+3,2)), "N/A")))) -> N/A | M53: Comprehensive (1+1) | N53: New | O53: No | P53: =IF(Sheet1!A53="No","No", IF(LEFT(Sheet1!A53,5)="Up to",0, VALUE(LEFT(Sheet1!A53,FIND(" ",Sheet1!A53)-1)))) -> 0 | Q53: =IF(Sheet1!A53="No","No", IF(LEFT(Sheet1!A53,5)="Up to", VALUE(MID(Sheet1!A53,7,FIND("kg",Sheet1!A53)-7)), VALUE(MID(Sheet1!A53,FIND("to",Sheet1!A53)+3,FIND("kg",Sheet1!A53)-FIND("to",Sheet1!A53)-3)))) -> 2000 | R53: No | S53: No | T53: No | U53: No | V53: No | W53: No | X53: No | Y53: =Sheet1!C53-Sheet1!D53 -> 0.4704
A54: SBI | B54: TN | C54: 11,13,14,18,20,22,58,59,64,85 | D54: GCV | E54: N/A | F54: 46037 | G54: N/A | H54: except Bolero | I54: 4 Wheeler Goods | J54: Petrol,Diesel,CNG | K54: =IF(Sheet1!E54="All","N/A", IF(LEFT(Sheet1!E54,4)="upto","N/A", IF(LEFT(Sheet1!E54,5)="Above",VALUE(MID(Sheet1!E54,7,2))+1, IF(ISNUMBER(SEARCH("to",Sheet1!E54)),VALUE(LEFT(Sheet1!E54,FIND(" to",Sheet1!E54)-1)), "N/A")))) -> N/A | L54: =IF(Sheet1!E54="All","N/A", IF(LEFT(Sheet1!E54,4)="upto",VALUE(MID(Sheet1!E54,6,2)), IF(LEFT(Sheet1!E54,5)="Above","N/A", IF(ISNUMBER(SEARCH("to",Sheet1!E54)),VALUE(MID(Sheet1!E54,FIND("to ",Sheet1!E54)+3,2)), "N/A")))) -> N/A | M54: Comprehensive (1+1) | N54: New | O54: No | P54: =IF(Sheet1!A54="No","No", IF(LEFT(Sheet1!A54,5)="Up to",0, VALUE(LEFT(Sheet1!A54,FIND(" ",Sheet1!A54)-1)))) -> 0 | Q54: =IF(Sheet1!A54="No","No", IF(LEFT(Sheet1!A54,5)="Up to", VALUE(MID(Sheet1!A54,7,FIND("kg",Sheet1!A54)-7)), VALUE(MID(Sheet1!A54,FIND("to",Sheet1!A54)+3,FIND("kg",Sheet1!A54)-FIND("to",Sheet1!A54)-3)))) -> 2000 | R54: No | S54: No | T54: No | U54: No | V54: No | W54: No | X54: No | Y54: =Sheet1!C54-Sheet1!D54 -> 0.3969
A55: SBI | B55: TN | C55: 23,49,55,58,59,64,67,75,61,21 | D55: GCV | E55: N/A | F55: 46037 | G55: N/A | H55: except Bolero | I55: 4 Wheeler Goods | J55: Petrol,Diesel,CNG | K55: =IF(Sheet1!E55="All","N/A", IF(LEFT(Sheet1!E55,4)="upto","N/A", IF(LEFT(Sheet1!E55,5)="Above",VALUE(MID(Sheet1!E55,7,2))+1, IF(ISNUMBER(SEARCH("to",Sheet1!E55)),VALUE(LEFT(Sheet1!E55,FIND(" to",Sheet1!E55)-1)), "N/A")))) -> N/A | L55: =IF(Sheet1!E55="All","N/A", IF(LEFT(Sheet1!E55,4)="upto",VALUE(MID(Sheet1!E55,6,2)), IF(LEFT(Sheet1!E55,5)="Above","N/A", IF(ISNUMBER(SEARCH("to",Sheet1!E55)),VALUE(MID(Sheet1!E55,FIND("to ",Sheet1!E55)+3,2)), "N/A")))) -> N/A | M55: Comprehensive (1+1) | N55: New | O55: No | P55: =IF(Sheet1!A55="No","No", IF(LEFT(Sheet1!A55,5)="Up to",0, VALUE(LEFT(Sheet1!A55,FIND(" ",Sheet1!A55)-1)))) -> 0 | Q55: =IF(Sheet1!A55="No","No", IF(LEFT(Sheet1!A55,5)="Up to", VALUE(MID(Sheet1!A55,7,FIND("kg",Sheet1!A55)-7)), VALUE(MID(Sheet1!A55,FIND("to",Sheet1!A55)+3,FIND("kg",Sheet1!A55)-FIND("to",Sheet1!A55)-3)))) -> 2000 | R55: No | S55: No | T55: No | U55: No | V55: No | W55: No | X55: No | Y55: =Sheet1!C55-Sheet1!D55 -> 0.2597
A56: SBI | B56: PY | C56: 01,02,03,04,05 | D56: GCV | E56: N/A | F56: 46037 | G56: N/A | H56: except Bolero | I56: 4 Wheeler Goods | J56: Petrol,Diesel,CNG | K56: =IF(Sheet1!E56="All","N/A", IF(LEFT(Sheet1!E56,4)="upto","N/A", IF(LEFT(Sheet1!E56,5)="Above",VALUE(MID(Sheet1!E56,7,2))+1, IF(ISNUMBER(SEARCH("to",Sheet1!E56)),VALUE(LEFT(Sheet1!E56,FIND(" to",Sheet1!E56)-1)), "N/A")))) -> N/A | L56: =IF(Sheet1!E56="All","N/A", IF(LEFT(Sheet1!E56,4)="upto",VALUE(MID(Sheet1!E56,6,2)), IF(LEFT(Sheet1!E56,5)="Above","N/A", IF(ISNUMBER(SEARCH("to",Sheet1!E56)),VALUE(MID(Sheet1!E56,FIND("to ",Sheet1!E56)+3,2)), "N/A")))) -> N/A | M56: Comprehensive (1+1) | N56: New | O56: No | P56: =IF(Sheet1!A56="No","No", IF(LEFT(Sheet1!A56,5)="Up to",0, VALUE(LEFT(Sheet1!A56,FIND(" ",Sheet1!A56)-1)))) -> 0 | Q56: =IF(Sheet1!A56="No","No", IF(LEFT(Sheet1!A56,5)="Up to", VALUE(MID(Sheet1!A56,7,FIND("kg",Sheet1!A56)-7)), VALUE(MID(Sheet1!A56,FIND("to",Sheet1!A56)+3,FIND("kg",Sheet1!A56)-FIND("to",Sheet1!A56)-3)))) -> 2000 | R56: No | S56: No | T56: No | U56: No | V56: No | W56: No | X56: No | Y56: =Sheet1!C56-Sheet1!D56 -> 0.2597
A57: SBI | B57: TN | C57: 01,02,03,04,05,07,09,10 | D57: GCV | E57: N/A | F57: 46037 | G57: N/A | H57: except Bolero | I57: 4 Wheeler Goods | J57: Petrol,Diesel,CNG | K57: =IF(Sheet1!E57="All","N/A", IF(LEFT(Sheet1!E57,4)="upto","N/A", IF(LEFT(Sheet1!E57,5)="Above",VALUE(MID(Sheet1!E57,7,2))+1, IF(ISNUMBER(SEARCH("to",Sheet1!E57)),VALUE(LEFT(Sheet1!E57,FIND(" to",Sheet1!E57)-1)), "N/A")))) -> N/A | L57: =IF(Sheet1!E57="All","N/A", IF(LEFT(Sheet1!E57,4)="upto",VALUE(MID(Sheet1!E57,6,2)), IF(LEFT(Sheet1!E57,5)="Above","N/A", IF(ISNUMBER(SEARCH("to",Sheet1!E57)),VALUE(MID(Sheet1!E57,FIND("to ",Sheet1!E57)+3,2)), "N/A")))) -> N/A | M57: Comprehensive (1+1) | N57: Old | O57: No | P57: =IF(Sheet1!A57="No","No", IF(LEFT(Sheet1!A57,5)="Up to",0, VALUE(LEFT(Sheet1!A57,FIND(" ",Sheet1!A57)-1)))) -> 0 | Q57: =IF(Sheet1!A57="No","No", IF(LEFT(Sheet1!A57,5)="Up to", VALUE(MID(Sheet1!A57,7,FIND("kg",Sheet1!A57)-7)), VALUE(MID(Sheet1!A57,FIND("to",Sheet1!A57)+3,FIND("kg",Sheet1!A57)-FIND("to",Sheet1!A57)-3)))) -> 2000 | R57: No | S57: No | T57: No | U57: No | V57: No | W57: No | X57: No | Y57: =Sheet1!C57-Sheet1!D57 -> 0.5194
A58: SBI | B58: TN | C58: 11,13,14,18,20,22,58,59,64,85 | D58: GCV | E58: N/A | F58: 46037 | G58: N/A | H58: except Bolero | I58: 4 Wheeler Goods | J58: Petrol,Diesel,CNG | K58: =IF(Sheet1!E58="All","N/A", IF(LEFT(Sheet1!E58,4)="upto","N/A", IF(LEFT(Sheet1!E58,5)="Above",VALUE(MID(Sheet1!E58,7,2))+1, IF(ISNUMBER(SEARCH("to",Sheet1!E58)),VALUE(LEFT(Sheet1!E58,FIND(" to",Sheet1!E58)-1)), "N/A")))) -> N/A | L58: =IF(Sheet1!E58="All","N/A", IF(LEFT(Sheet1!E58,4)="upto",VALUE(MID(Sheet1!E58,6,2)), IF(LEFT(Sheet1!E58,5)="Above","N/A", IF(ISNUMBER(SEARCH("to",Sheet1!E58)),VALUE(MID(Sheet1!E58,FIND("to ",Sheet1!E58)+3,2)), "N/A")))) -> N/A | M58: Comprehensive (1+1) | N58: Old | O58: No | P58: =IF(Sheet1!A58="No","No", IF(LEFT(Sheet1!A58,5)="Up to",0, VALUE(LEFT(Sheet1!A58,FIND(" ",Sheet1!A58)-1)))) -> 0 | Q58: =IF(Sheet1!A58="No","No", IF(LEFT(Sheet1!A58,5)="Up to", VALUE(MID(Sheet1!A58,7,FIND("kg",Sheet1!A58)-7)), VALUE(MID(Sheet1!A58,FIND("to",Sheet1!A58)+3,FIND("kg",Sheet1!A58)-FIND("to",Sheet1!A58)-3)))) -> 2000 | R58: No | S58: No | T58: No | U58: No | V58: No | W58: No | X58: No | Y58: =Sheet1!C58-Sheet1!D58 -> 0.4459
A59: SBI | B59: TN | C59: 23,49,55,58,59,64,67,75,61,21 | D59: GCV | E59: N/A | F59: 46037 | G59: N/A | H59: except Bolero | I59: 4 Wheeler Goods | J59: Petrol,Diesel,CNG | K59: =IF(Sheet1!E59="All","N/A", IF(LEFT(Sheet1!E59,4)="upto","N/A", IF(LEFT(Sheet1!E59,5)="Above",VALUE(MID(Sheet1!E59,7,2))+1, IF(ISNUMBER(SEARCH("to",Sheet1!E59)),VALUE(LEFT(Sheet1!E59,FIND(" to",Sheet1!E59)-1)), "N/A")))) -> N/A | L59: =IF(Sheet1!E59="All","N/A", IF(LEFT(Sheet1!E59,4)="upto",VALUE(MID(Sheet1!E59,6,2)), IF(LEFT(Sheet1!E59,5)="Above","N/A", IF(ISNUMBER(SEARCH("to",Sheet1!E59)),VALUE(MID(Sheet1!E59,FIND("to ",Sheet1!E59)+3,2)), "N/A")))) -> N/A | M59: Comprehensive (1+1) | N59: Old | O59: No | P59: =IF(Sheet1!A59="No","No", IF(LEFT(Sheet1!A59,5)="Up to",0, VALUE(LEFT(Sheet1!A59,FIND(" ",Sheet1!A59)-1)))) -> 0 | Q59: =IF(Sheet1!A59="No","No", IF(LEFT(Sheet1!A59,5)="Up to", VALUE(MID(Sheet1!A59,7,FIND("kg",Sheet1!A59)-7)), VALUE(MID(Sheet1!A59,FIND("to",Sheet1!A59)+3,FIND("kg",Sheet1!A59)-FIND("to",Sheet1!A59)-3)))) -> 2000 | R59: No | S59: No | T59: No | U59: No | V59: No | W59: No | X59: No | Y59: =Sheet1!C59-Sheet1!D59 -> 0.3087
A60: SBI | B60: PY | C60: 01,02,03,04,05 | D60: GCV | E60: N/A | F60: 46037 | G60: N/A | H60: except Bolero | I60: 4 Wheeler Goods | J60: Petrol,Diesel,CNG | K60: =IF(Sheet1!E60="All","N/A", IF(LEFT(Sheet1!E60,4)="upto","N/A", IF(LEFT(Sheet1!E60,5)="Above",VALUE(MID(Sheet1!E60,7,2))+1, IF(ISNUMBER(SEARCH("to",Sheet1!E60)),VALUE(LEFT(Sheet1!E60,FIND(" to",Sheet1!E60)-1)), "N/A")))) -> N/A | L60: =IF(Sheet1!E60="All","N/A", IF(LEFT(Sheet1!E60,4)="upto",VALUE(MID(Sheet1!E60,6,2)), IF(LEFT(Sheet1!E60,5)="Above","N/A", IF(ISNUMBER(SEARCH("to",Sheet1!E60)),VALUE(MID(Sheet1!E60,FIND("to ",Sheet1!E60)+3,2)), "N/A")))) -> N/A | M60: Comprehensive (1+1) | N60: Old | O60: No | P60: =IF(Sheet1!A60="No","No", IF(LEFT(Sheet1!A60,5)="Up to",0, VALUE(LEFT(Sheet1!A60,FIND(" ",Sheet1!A60)-1)))) -> 0 | Q60: =IF(Sheet1!A60="No","No", IF(LEFT(Sheet1!A60,5)="Up to", VALUE(MID(Sheet1!A60,7,FIND("kg",Sheet1!A60)-7)), VALUE(MID(Sheet1!A60,FIND("to",Sheet1!A60)+3,FIND("kg",Sheet1!A60)-FIND("to",Sheet1!A60)-3)))) -> 2000 | R60: No | S60: No | T60: No | U60: No | V60: No | W60: No | X60: No | Y60: =Sheet1!C60-Sheet1!D60 -> 0.3087
A61: SBI | B61: TN | C61: 01,02,03,04,05,07,09,10 | D61: GCV | E61: N/A | F61: 46037 | G61: N/A | H61: except Bolero | I61: 4 Wheeler Goods | J61: Petrol,Diesel,CNG | K61: =IF(Sheet1!E61="All","N/A", IF(LEFT(Sheet1!E61,4)="upto","N/A", IF(LEFT(Sheet1!E61,5)="Above",VALUE(MID(Sheet1!E61,7,2))+1, IF(ISNUMBER(SEARCH("to",Sheet1!E61)),VALUE(LEFT(Sheet1!E61,FIND(" to",Sheet1!E61)-1)), "N/A")))) -> N/A | L61: =IF(Sheet1!E61="All","N/A", IF(LEFT(Sheet1!E61,4)="upto",VALUE(MID(Sheet1!E61,6,2)), IF(LEFT(Sheet1!E61,5)="Above","N/A", IF(ISNUMBER(SEARCH("to",Sheet1!E61)),VALUE(MID(Sheet1!E61,FIND("to ",Sheet1!E61)+3,2)), "N/A")))) -> N/A | M61: SATP | N61: Old | O61: No | P61: =IF(Sheet1!A61="No","No", IF(LEFT(Sheet1!A61,5)="Up to",0, VALUE(LEFT(Sheet1!A61,FIND(" ",Sheet1!A61)-1)))) -> 0 | Q61: =IF(Sheet1!A61="No","No", IF(LEFT(Sheet1!A61,5)="Up to", VALUE(MID(Sheet1!A61,7,FIND("kg",Sheet1!A61)-7)), VALUE(MID(Sheet1!A61,FIND("to",Sheet1!A61)+3,FIND("kg",Sheet1!A61)-FIND("to",Sheet1!A61)-3)))) -> 2000 | R61: No | S61: No | T61: No | U61: No | V61: No | W61: No | X61: No | Y61: =Sheet1!C61-Sheet1!D61 -> 0.5243
A62: SBI | B62: TN | C62: 11,13,14,18,20,22,58,59,64,85 | D62: GCV | E62: N/A | F62: 46037 | G62: N/A | H62: except Bolero | I62: 4 Wheeler Goods | J62: Petrol,Diesel,CNG | K62: =IF(Sheet1!E62="All","N/A", IF(LEFT(Sheet1!E62,4)="upto","N/A", IF(LEFT(Sheet1!E62,5)="Above",VALUE(MID(Sheet1!E62,7,2))+1, IF(ISNUMBER(SEARCH("to",Sheet1!E62)),VALUE(LEFT(Sheet1!E62,FIND(" to",Sheet1!E62)-1)), "N/A")))) -> N/A | L62: =IF(Sheet1!E62="All","N/A", IF(LEFT(Sheet1!E62,4)="upto",VALUE(MID(Sheet1!E62,6,2)), IF(LEFT(Sheet1!E62,5)="Above","N/A", IF(ISNUMBER(SEARCH("to",Sheet1!E62)),VALUE(MID(Sheet1!E62,FIND("to ",Sheet1!E62)+3,2)), "N/A")))) -> N/A | M62: SATP | N62: Old | O62: No | P62: =IF(Sheet1!A62="No","No", IF(LEFT(Sheet1!A62,5)="Up to",0, VALUE(LEFT(Sheet1!A62,FIND(" ",Sheet1!A62)-1)))) -> 0 | Q62: =IF(Sheet1!A62="No","No", IF(LEFT(Sheet1!A62,5)="Up to", VALUE(MID(Sheet1!A62,7,FIND("kg",Sheet1!A62)-7)), VALUE(MID(Sheet1!A62,FIND("to",Sheet1!A62)+3,FIND("kg",Sheet1!A62)-FIND("to",Sheet1!A62)-3)))) -> 2000 | R62: No | S62: No | T62: No | U62: No | V62: No | W62: No | X62: No | Y62: =Sheet1!C62-Sheet1!D62 -> 0.4557
A63: SBI | B63: TN | C63: 23,49,55,58,59,64,67,75,61,21 | D63: GCV | E63: N/A | F63: 46037 | G63: N/A | H63: except Bolero | I63: 4 Wheeler Goods | J63: Petrol,Diesel,CNG | K63: =IF(Sheet1!E63="All","N/A", IF(LEFT(Sheet1!E63,4)="upto","N/A", IF(LEFT(Sheet1!E63,5)="Above",VALUE(MID(Sheet1!E63,7,2))+1, IF(ISNUMBER(SEARCH("to",Sheet1!E63)),VALUE(LEFT(Sheet1!E63,FIND(" to",Sheet1!E63)-1)), "N/A")))) -> N/A | L63: =IF(Sheet1!E63="All","N/A", IF(LEFT(Sheet1!E63,4)="upto",VALUE(MID(Sheet1!E63,6,2)), IF(LEFT(Sheet1!E63,5)="Above","N/A", IF(ISNUMBER(SEARCH("to",Sheet1!E63)),VALUE(MID(Sheet1!E63,FIND("to ",Sheet1!E63)+3,2)), "N/A")))) -> N/A | M63: SATP | N63: Old | O63: No | P63: =IF(Sheet1!A63="No","No", IF(LEFT(Sheet1!A63,5)="Up to",0, VALUE(LEFT(Sheet1!A63,FIND(" ",Sheet1!A63)-1)))) -> 0 | Q63: =IF(Sheet1!A63="No","No", IF(LEFT(Sheet1!A63,5)="Up to", VALUE(MID(Sheet1!A63,7,FIND("kg",Sheet1!A63)-7)), VALUE(MID(Sheet1!A63,FIND("to",Sheet1!A63)+3,FIND("kg",Sheet1!A63)-FIND("to",Sheet1!A63)-3)))) -> 2000 | R63: No | S63: No | T63: No | U63: No | V63: No | W63: No | X63: No | Y63: =Sheet1!C63-Sheet1!D63 -> 0.3185
A64: SBI | B64: PY | C64: 01,02,03,04,05 | D64: GCV | E64: N/A | F64: 46037 | G64: N/A | H64: except Bolero | I64: 4 Wheeler Goods | J64: Petrol,Diesel,CNG | K64: =IF(Sheet1!E64="All","N/A", IF(LEFT(Sheet1!E64,4)="upto","N/A", IF(LEFT(Sheet1!E64,5)="Above",VALUE(MID(Sheet1!E64,7,2))+1, IF(ISNUMBER(SEARCH("to",Sheet1!E64)),VALUE(LEFT(Sheet1!E64,FIND(" to",Sheet1!E64)-1)), "N/A")))) -> N/A | L64: =IF(Sheet1!E64="All","N/A", IF(LEFT(Sheet1!E64,4)="upto",VALUE(MID(Sheet1!E64,6,2)), IF(LEFT(Sheet1!E64,5)="Above","N/A", IF(ISNUMBER(SEARCH("to",Sheet1!E64)),VALUE(MID(Sheet1!E64,FIND("to ",Sheet1!E64)+3,2)), "N/A")))) -> N/A | M64: SATP | N64: Old | O64: No | P64: =IF(Sheet1!A64="No","No", IF(LEFT(Sheet1!A64,5)="Up to",0, VALUE(LEFT(Sheet1!A64,FIND(" ",Sheet1!A64)-1)))) -> 0 | Q64: =IF(Sheet1!A64="No","No", IF(LEFT(Sheet1!A64,5)="Up to", VALUE(MID(Sheet1!A64,7,FIND("kg",Sheet1!A64)-7)), VALUE(MID(Sheet1!A64,FIND("to",Sheet1!A64)+3,FIND("kg",Sheet1!A64)-FIND("to",Sheet1!A64)-3)))) -> 2000 | R64: No | S64: No | T64: No | U64: No | V64: No | W64: No | X64: No | Y64: =Sheet1!C64-Sheet1!D64 -> 0.3185
A65: Shriram | B65: TN | C65: Declined-29,39,50,52,56 | D65: GCV | E65: N/A | F65: N/A | G65: TATA | H65: N/A | I65: 4 Wheeler Goods | J65: All | K65: =IF(Sheet1!E65="All","N/A", IF(LEFT(Sheet1!E65,4)="upto","N/A", IF(LEFT(Sheet1!E65,5)="Above",VALUE(MID(Sheet1!E65,7,2))+1, IF(ISNUMBER(SEARCH("to",Sheet1!E65)),VALUE(LEFT(Sheet1!E65,FIND(" to",Sheet1!E65)-1)), "N/A")))) -> N/A | L65: =IF(Sheet1!E65="All","N/A", IF(LEFT(Sheet1!E65,4)="upto",VALUE(MID(Sheet1!E65,6,2)), IF(LEFT(Sheet1!E65,5)="Above","N/A", IF(ISNUMBER(SEARCH("to",Sheet1!E65)),VALUE(MID(Sheet1!E65,FIND("to ",Sheet1!E65)+3,2)), "N/A")))) -> 5 | M65: Comprehensive (1+1),SATP | N65: New,Old,Renewal,Rollover | O65: No | P65: =IF(Sheet1!A65="No","No", IF(LEFT(Sheet1!A65,5)="Up to",0, VALUE(LEFT(Sheet1!A65,FIND(" ",Sheet1!A65)-1)))) -> 0 | Q65: =IF(Sheet1!A65="No","No", IF(LEFT(Sheet1!A65,5)="Up to", VALUE(MID(Sheet1!A65,7,FIND("kg",Sheet1!A65)-7)), VALUE(MID(Sheet1!A65,FIND("to",Sheet1!A65)+3,FIND("kg",Sheet1!A65)-FIND("to",Sheet1!A65)-3)))) -> 2800 | R65: No | S65: No | T65: No | U65: No | V65: No | W65: No | X65: No | Y65: =Sheet1!C65-Sheet1!D65 -> 0.2254
A66: Shriram | B66: TN | C66: 01,02,03,04,05,06,07,09,10,11,12,13,14,18,19,20,22,85,87,66,38,37,99,39,40,41,42 | D66: GCV | E66: N/A | F66: N/A | G66: N/A | H66: N/A | I66: 4 Wheeler Goods | J66: All | K66: =IF(Sheet1!E66="All","N/A", IF(LEFT(Sheet1!E66,4)="upto","N/A", IF(LEFT(Sheet1!E66,5)="Above",VALUE(MID(Sheet1!E66,7,2))+1, IF(ISNUMBER(SEARCH("to",Sheet1!E66)),VALUE(LEFT(Sheet1!E66,FIND(" to",Sheet1!E66)-1)), "N/A")))) -> 6 | L66: =IF(Sheet1!E66="All","N/A", IF(LEFT(Sheet1!E66,4)="upto",VALUE(MID(Sheet1!E66,6,2)), IF(LEFT(Sheet1!E66,5)="Above","N/A", IF(ISNUMBER(SEARCH("to",Sheet1!E66)),VALUE(MID(Sheet1!E66,FIND("to ",Sheet1!E66)+3,2)), "N/A")))) -> 15 | M66: Comprehensive (1+1) | N66: New,Old,Renewal,Rollover | O66: No | P66: =IF(Sheet1!A66="No","No", IF(LEFT(Sheet1!A66,5)="Up to",0, VALUE(LEFT(Sheet1!A66,FIND(" ",Sheet1!A66)-1)))) -> 0 | Q66: =IF(Sheet1!A66="No","No", IF(LEFT(Sheet1!A66,5)="Up to", VALUE(MID(Sheet1!A66,7,FIND("kg",Sheet1!A66)-7)), VALUE(MID(Sheet1!A66,FIND("to",Sheet1!A66)+3,FIND("kg",Sheet1!A66)-FIND("to",Sheet1!A66)-3)))) -> 2800 | R66: No | S66: No | T66: No | U66: No | V66: No | W66: No | X66: No | Y66: =Sheet1!C66-Sheet1!D66 -> 0.4459
A67: Shriram | B67: TN | C67: 01,02,03,04,05,06,07,09,10,11,12,13,14,18,19,20,22,85,87,66,38,37,99,39,40,41,42 | D67: GCV | E67: N/A | F67: N/A | G67: N/A | H67: N/A | I67: 4 Wheeler Goods | J67: All | K67: =IF(Sheet1!E67="All","N/A", IF(LEFT(Sheet1!E67,4)="upto","N/A", IF(LEFT(Sheet1!E67,5)="Above",VALUE(MID(Sheet1!E67,7,2))+1, IF(ISNUMBER(SEARCH("to",Sheet1!E67)),VALUE(LEFT(Sheet1!E67,FIND(" to",Sheet1!E67)-1)), "N/A")))) -> 6 | L67: =IF(Sheet1!E67="All","N/A", IF(LEFT(Sheet1!E67,4)="upto",VALUE(MID(Sheet1!E67,6,2)), IF(LEFT(Sheet1!E67,5)="Above","N/A", IF(ISNUMBER(SEARCH("to",Sheet1!E67)),VALUE(MID(Sheet1!E67,FIND("to ",Sheet1!E67)+3,2)), "N/A")))) -> 25 | M67: SATP | N67: New,Old,Renewal,Rollover | O67: No | P67: =IF(Sheet1!A67="No","No", IF(LEFT(Sheet1!A67,5)="Up to",0, VALUE(LEFT(Sheet1!A67,FIND(" ",Sheet1!A67)-1)))) -> 0 | Q67: =IF(Sheet1!A67="No","No", IF(LEFT(Sheet1!A67,5)="Up to", VALUE(MID(Sheet1!A67,7,FIND("kg",Sheet1!A67)-7)), VALUE(MID(Sheet1!A67,FIND("to",Sheet1!A67)+3,FIND("kg",Sheet1!A67)-FIND("to",Sheet1!A67)-3)))) -> 2800 | R67: No | S67: No | T67: No | U67: No | V67: No | W67: No | X67: No | Y67: =Sheet1!C67-Sheet1!D67 -> 0.4459
A68: Shriram | B68: TN | C68: Declined-29,39,50,52,56 | D68: GCV | E68: N/A | F68: N/A | G68: N/A | H68: N/A | I68: 4 Wheeler Goods | J68: All | K68: =IF(Sheet1!E68="All","N/A", IF(LEFT(Sheet1!E68,4)="upto","N/A", IF(LEFT(Sheet1!E68,5)="Above",VALUE(MID(Sheet1!E68,7,2))+1, IF(ISNUMBER(SEARCH("to",Sheet1!E68)),VALUE(LEFT(Sheet1!E68,FIND(" to",Sheet1!E68)-1)), "N/A")))) -> 6 | L68: =IF(Sheet1!E68="All","N/A", IF(LEFT(Sheet1!E68,4)="upto",VALUE(MID(Sheet1!E68,6,2)), IF(LEFT(Sheet1!E68,5)="Above","N/A", IF(ISNUMBER(SEARCH("to",Sheet1!E68)),VALUE(MID(Sheet1!E68,FIND("to ",Sheet1!E68)+3,2)), "N/A")))) -> 15 | M68: Comprehensive (1+1) | N68: New,Old,Renewal,Rollover | O68: No | P68: =IF(Sheet1!A68="No","No", IF(LEFT(Sheet1!A68,5)="Up to",0, VALUE(LEFT(Sheet1!A68,FIND(" ",Sheet1!A68)-1)))) -> 0 | Q68: =IF(Sheet1!A68="No","No", IF(LEFT(Sheet1!A68,5)="Up to", VALUE(MID(Sheet1!A68,7,FIND("kg",Sheet1!A68)-7)), VALUE(MID(Sheet1!A68,FIND("to",Sheet1!A68)+3,FIND("kg",Sheet1!A68)-FIND("to",Sheet1!A68)-3)))) -> 2800 | R68: No | S68: No | T68: No | U68: No | V68: No | W68: No | X68: No | Y68: =Sheet1!C68-Sheet1!D68 -> 0.4067
A69: Shriram | B69: TN | C69: Declined-29,39,50,52,56 | D69: GCV | E69: N/A | F69: N/A | G69: N/A | H69: N/A | I69: 4 Wheeler Goods | J69: All | K69: =IF(Sheet1!E69="All","N/A", IF(LEFT(Sheet1!E69,4)="upto","N/A", IF(LEFT(Sheet1!E69,5)="Above",VALUE(MID(Sheet1!E69,7,2))+1, IF(ISNUMBER(SEARCH("to",Sheet1!E69)),VALUE(LEFT(Sheet1!E69,FIND(" to",Sheet1!E69)-1)), "N/A")))) -> 6 | L69: =IF(Sheet1!E69="All","N/A", IF(LEFT(Sheet1!E69,4)="upto",VALUE(MID(Sheet1!E69,6,2)), IF(LEFT(Sheet1!E69,5)="Above","N/A", IF(ISNUMBER(SEARCH("to",Sheet1!E69)),VALUE(MID(Sheet1!E69,FIND("to ",Sheet1!E69)+3,2)), "N/A")))) -> 25 | M69: SATP | N69: New,Old,Renewal,Rollover | O69: No | P69: =IF(Sheet1!A69="No","No", IF(LEFT(Sheet1!A69,5)="Up to",0, VALUE(LEFT(Sheet1!A69,FIND(" ",Sheet1!A69)-1)))) -> 0 | Q69: =IF(Sheet1!A69="No","No", IF(LEFT(Sheet1!A69,5)="Up to", VALUE(MID(Sheet1!A69,7,FIND("kg",Sheet1!A69)-7)), VALUE(MID(Sheet1!A69,FIND("to",Sheet1!A69)+3,FIND("kg",Sheet1!A69)-FIND("to",Sheet1!A69)-3)))) -> 2800 | R69: No | S69: No | T69: No | U69: No | V69: No | W69: No | X69: No | Y69: =Sheet1!C69-Sheet1!D69 -> 0.4067
A70: Reliance | B70: TN | C70: 01, 02, 03, 04, 05, 06, 07, 09, 10, 11, 12, 13, 14, 18, 19, 20, 21, 22,37, 38, 39, 40, 41, 42, 66, 99 | D70: GCV | E70: N/A | F70: N/A | G70: TATA,Maruthi | H70: N/A | I70: 4 Wheeler Goods | J70: All | K70: =IF(Sheet1!E70="All","N/A", IF(LEFT(Sheet1!E70,4)="upto","N/A", IF(LEFT(Sheet1!E70,5)="Above",VALUE(MID(Sheet1!E70,7,2))+1, IF(ISNUMBER(SEARCH("to",Sheet1!E70)),VALUE(LEFT(Sheet1!E70,FIND(" to",Sheet1!E70)-1)), "N/A")))) -> N/A | L70: =IF(Sheet1!E70="All","N/A", IF(LEFT(Sheet1!E70,4)="upto",VALUE(MID(Sheet1!E70,6,2)), IF(LEFT(Sheet1!E70,5)="Above","N/A", IF(ISNUMBER(SEARCH("to",Sheet1!E70)),VALUE(MID(Sheet1!E70,FIND("to ",Sheet1!E70)+3,2)), "N/A")))) -> N/A | M70: Comprehensive (1+1) | N70: New,Old,Renewal,Rollover | O70: No | P70: =IF(Sheet1!A70="No","No", IF(LEFT(Sheet1!A70,5)="Up to",0, VALUE(LEFT(Sheet1!A70,FIND(" ",Sheet1!A70)-1)))) -> 0 | Q70: =IF(Sheet1!A70="No","No", IF(LEFT(Sheet1!A70,5)="Up to", VALUE(MID(Sheet1!A70,7,FIND("kg",Sheet1!A70)-7)), VALUE(MID(Sheet1!A70,FIND("to",Sheet1!A70)+3,FIND("kg",Sheet1!A70)-FIND("to",Sheet1!A70)-3)))) -> 2000 | R70: No | S70: No | T70: No | U70: No | V70: No | W70: No | X70: No | Y70: =Sheet1!C70-Sheet1!D70 -> 0.3479
A71: Reliance | B71: TN | C71: 33,86, 58,59,64, 01,02,03,05 | D71: GCV | E71: N/A | F71: N/A | G71: TATA,Maruthi | H71: N/A | I71: 4 Wheeler Goods | J71: All | K71: =IF(Sheet1!E71="All","N/A", IF(LEFT(Sheet1!E71,4)="upto","N/A", IF(LEFT(Sheet1!E71,5)="Above",VALUE(MID(Sheet1!E71,7,2))+1, IF(ISNUMBER(SEARCH("to",Sheet1!E71)),VALUE(LEFT(Sheet1!E71,FIND(" to",Sheet1!E71)-1)), "N/A")))) -> N/A | L71: =IF(Sheet1!E71="All","N/A", IF(LEFT(Sheet1!E71,4)="upto",VALUE(MID(Sheet1!E71,6,2)), IF(LEFT(Sheet1!E71,5)="Above","N/A", IF(ISNUMBER(SEARCH("to",Sheet1!E71)),VALUE(MID(Sheet1!E71,FIND("to ",Sheet1!E71)+3,2)), "N/A")))) -> N/A | M71: Comprehensive (1+1) | N71: New,Old,Renewal,Rollover | O71: No | P71: =IF(Sheet1!A71="No","No", IF(LEFT(Sheet1!A71,5)="Up to",0, VALUE(LEFT(Sheet1!A71,FIND(" ",Sheet1!A71)-1)))) -> 0 | Q71: =IF(Sheet1!A71="No","No", IF(LEFT(Sheet1!A71,5)="Up to", VALUE(MID(Sheet1!A71,7,FIND("kg",Sheet1!A71)-7)), VALUE(MID(Sheet1!A71,FIND("to",Sheet1!A71)+3,FIND("kg",Sheet1!A71)-FIND("to",Sheet1!A71)-3)))) -> 2000 | R71: No | S71: No | T71: No | U71: No | V71: No | W71: No | X71: No | Y71: =Sheet1!C71-Sheet1!D71 -> 0.2989
A72: Reliance | B72: TN | C72: ro-chn | D72: GCV | E72: N/A | F72: N/A | G72: TATA,Maruthi | H72: N/A | I72: 4 Wheeler Goods | J72: All | K72: =IF(Sheet1!E72="All","N/A", IF(LEFT(Sheet1!E72,4)="upto","N/A", IF(LEFT(Sheet1!E72,5)="Above",VALUE(MID(Sheet1!E72,7,2))+1, IF(ISNUMBER(SEARCH("to",Sheet1!E72)),VALUE(LEFT(Sheet1!E72,FIND(" to",Sheet1!E72)-1)), "N/A")))) -> N/A | L72: =IF(Sheet1!E72="All","N/A", IF(LEFT(Sheet1!E72,4)="upto",VALUE(MID(Sheet1!E72,6,2)), IF(LEFT(Sheet1!E72,5)="Above","N/A", IF(ISNUMBER(SEARCH("to",Sheet1!E72)),VALUE(MID(Sheet1!E72,FIND("to ",Sheet1!E72)+3,2)), "N/A")))) -> N/A | M72: Comprehensive (1+1) | N72: New,Old,Renewal,Rollover | O72: No | P72: =IF(Sheet1!A72="No","No", IF(LEFT(Sheet1!A72,5)="Up to",0, VALUE(LEFT(Sheet1!A72,FIND(" ",Sheet1!A72)-1)))) -> 0 | Q72: =IF(Sheet1!A72="No","No", IF(LEFT(Sheet1!A72,5)="Up to", VALUE(MID(Sheet1!A72,7,FIND("kg",Sheet1!A72)-7)), VALUE(MID(Sheet1!A72,FIND("to",Sheet1!A72)+3,FIND("kg",Sheet1!A72)-FIND("to",Sheet1!A72)-3)))) -> 2000 | R72: No | S72: No | T72: No | U72: No | V72: No | W72: No | X72: No | Y72: =Sheet1!C72-Sheet1!D72 -> 0.3234
A73: Reliance | B73: TN | C73: 01, 02, 03, 04, 05, 06, 07, 09, 10, 11, 12, 13, 14, 18, 19, 20, 21, 22,37, 38, 39, 40, 41, 42, 66, 99 | D73: GCV | E73: N/A | F73: N/A | G73: TATA,Maruthi | H73: N/A | I73: 4 Wheeler Goods | J73: All | K73: =IF(Sheet1!E73="All","N/A", IF(LEFT(Sheet1!E73,4)="upto","N/A", IF(LEFT(Sheet1!E73,5)="Above",VALUE(MID(Sheet1!E73,7,2))+1, IF(ISNUMBER(SEARCH("to",Sheet1!E73)),VALUE(LEFT(Sheet1!E73,FIND(" to",Sheet1!E73)-1)), "N/A")))) -> N/A | L73: =IF(Sheet1!E73="All","N/A", IF(LEFT(Sheet1!E73,4)="upto",VALUE(MID(Sheet1!E73,6,2)), IF(LEFT(Sheet1!E73,5)="Above","N/A", IF(ISNUMBER(SEARCH("to",Sheet1!E73)),VALUE(MID(Sheet1!E73,FIND("to ",Sheet1!E73)+3,2)), "N/A")))) -> N/A | M73: SATP | N73: New,Old,Renewal,Rollover | O73: No | P73: =IF(Sheet1!A73="No","No", IF(LEFT(Sheet1!A73,5)="Up to",0, VALUE(LEFT(Sheet1!A73,FIND(" ",Sheet1!A73)-1)))) -> 0 | Q73: =IF(Sheet1!A73="No","No", IF(LEFT(Sheet1!A73,5)="Up to", VALUE(MID(Sheet1!A73,7,FIND("kg",Sheet1!A73)-7)), VALUE(MID(Sheet1!A73,FIND("to",Sheet1!A73)+3,FIND("kg",Sheet1!A73)-FIND("to",Sheet1!A73)-3)))) -> 2000 | R73: No | S73: No | T73: No | U73: No | V73: No | W73: No | X73: No | Y73: =Sheet1!C73-Sheet1!D73 -> 0.3234
A74: Reliance | B74: TN | C74: 33,86, 58,59,64, 01,02,03,05 | D74: GCV | E74: N/A | F74: N/A | G74: TATA,Maruthi | H74: N/A | I74: 4 Wheeler Goods | J74: All | K74: =IF(Sheet1!E74="All","N/A", IF(LEFT(Sheet1!E74,4)="upto","N/A", IF(LEFT(Sheet1!E74,5)="Above",VALUE(MID(Sheet1!E74,7,2))+1, IF(ISNUMBER(SEARCH("to",Sheet1!E74)),VALUE(LEFT(Sheet1!E74,FIND(" to",Sheet1!E74)-1)), "N/A")))) -> N/A | L74: =IF(Sheet1!E74="All","N/A", IF(LEFT(Sheet1!E74,4)="upto",VALUE(MID(Sheet1!E74,6,2)), IF(LEFT(Sheet1!E74,5)="Above","N/A", IF(ISNUMBER(SEARCH("to",Sheet1!E74)),VALUE(MID(Sheet1!E74,FIND("to ",Sheet1!E74)+3,2)), "N/A")))) -> N/A | M74: SATP | N74: New,Old,Renewal,Rollover | O74: No | P74: =IF(Sheet1!A74="No","No", IF(LEFT(Sheet1!A74,5)="Up to",0, VALUE(LEFT(Sheet1!A74,FIND(" ",Sheet1!A74)-1)))) -> 0 | Q74: =IF(Sheet1!A74="No","No", IF(LEFT(Sheet1!A74,5)="Up to", VALUE(MID(Sheet1!A74,7,FIND("kg",Sheet1!A74)-7)), VALUE(MID(Sheet1!A74,FIND("to",Sheet1!A74)+3,FIND("kg",Sheet1!A74)-FIND("to",Sheet1!A74)-3)))) -> 2000 | R74: No | S74: No | T74: No | U74: No | V74: No | W74: No | X74: No | Y74: =Sheet1!C74-Sheet1!D74 -> 0.2744
A75: Reliance | B75: TN | C75: ro-chn | D75: GCV | E75: N/A | F75: N/A | G75: TATA,Maruthi | H75: N/A | I75: 4 Wheeler Goods | J75: All | K75: =IF(Sheet1!E75="All","N/A", IF(LEFT(Sheet1!E75,4)="upto","N/A", IF(LEFT(Sheet1!E75,5)="Above",VALUE(MID(Sheet1!E75,7,2))+1, IF(ISNUMBER(SEARCH("to",Sheet1!E75)),VALUE(LEFT(Sheet1!E75,FIND(" to",Sheet1!E75)-1)), "N/A")))) -> N/A | L75: =IF(Sheet1!E75="All","N/A", IF(LEFT(Sheet1!E75,4)="upto",VALUE(MID(Sheet1!E75,6,2)), IF(LEFT(Sheet1!E75,5)="Above","N/A", IF(ISNUMBER(SEARCH("to",Sheet1!E75)),VALUE(MID(Sheet1!E75,FIND("to ",Sheet1!E75)+3,2)), "N/A")))) -> N/A | M75: SATP | N75: New,Old,Renewal,Rollover | O75: No | P75: =IF(Sheet1!A75="No","No", IF(LEFT(Sheet1!A75,5)="Up to",0, VALUE(LEFT(Sheet1!A75,FIND(" ",Sheet1!A75)-1)))) -> 0 | Q75: =IF(Sheet1!A75="No","No", IF(LEFT(Sheet1!A75,5)="Up to", VALUE(MID(Sheet1!A75,7,FIND("kg",Sheet1!A75)-7)), VALUE(MID(Sheet1!A75,FIND("to",Sheet1!A75)+3,FIND("kg",Sheet1!A75)-FIND("to",Sheet1!A75)-3)))) -> 2000 | R75: No | S75: No | T75: No | U75: No | V75: No | W75: No | X75: No | Y75: =Sheet1!C75-Sheet1!D75 -> 0.2989
A76: Reliance | B76: TN | C76: 01, 02, 03, 04, 05, 06, 07, 09, 10, 11, 12, 13, 14, 18, 19, 20, 21, 22,37, 38, 39, 40, 41, 42, 66, 99 | D76: GCV | E76: N/A | F76: N/A | G76: TATA,Maruthi | H76: N/A | I76: 4 Wheeler Goods | J76: All | K76: =IF(Sheet1!E76="All","N/A", IF(LEFT(Sheet1!E76,4)="upto","N/A", IF(LEFT(Sheet1!E76,5)="Above",VALUE(MID(Sheet1!E76,7,2))+1, IF(ISNUMBER(SEARCH("to",Sheet1!E76)),VALUE(LEFT(Sheet1!E76,FIND(" to",Sheet1!E76)-1)), "N/A")))) -> N/A | L76: =IF(Sheet1!E76="All","N/A", IF(LEFT(Sheet1!E76,4)="upto",VALUE(MID(Sheet1!E76,6,2)), IF(LEFT(Sheet1!E76,5)="Above","N/A", IF(ISNUMBER(SEARCH("to",Sheet1!E76)),VALUE(MID(Sheet1!E76,FIND("to ",Sheet1!E76)+3,2)), "N/A")))) -> N/A | M76: Comprehensive (1+1) | N76: New,Old,Renewal,Rollover | O76: No | P76: =IF(Sheet1!A76="No","No", IF(LEFT(Sheet1!A76,5)="Up to",0, VALUE(LEFT(Sheet1!A76,FIND(" ",Sheet1!A76)-1)))) -> 2001 | Q76: =IF(Sheet1!A76="No","No", IF(LEFT(Sheet1!A76,5)="Up to", VALUE(MID(Sheet1!A76,7,FIND("kg",Sheet1!A76)-7)), VALUE(MID(Sheet1!A76,FIND("to",Sheet1!A76)+3,FIND("kg",Sheet1!A76)-FIND("to",Sheet1!A76)-3)))) -> 2500 | R76: No | S76: No | T76: No | U76: No | V76: No | W76: No | X76: No | Y76: =Sheet1!C76-Sheet1!D76 -> 0.2499
... A81: Reliance | B81: TN | C81: ro-chn | D81: GCV | E81: N/A | F81: N/A | G81: TATA,Maruthi | H81: N/A | I81: 4 Wheeler Goods | J81: All | K81: =IF(Sheet1!E81="All","N/A", IF(LEFT(Sheet1!E81,4)="upto","N/A", IF(LEFT(Sheet1!E81,5)="Above",VALUE(MID(Sheet1!E81,7,2))+1, IF(ISNUMBER(SEARCH("to",Sheet1!E81)),VALUE(LEFT(Sheet1!E81,FIND(" to",Sheet1!E81)-1)), "N/A")))) -> N/A | L81: =IF(Sheet1!E81="All","N/A", IF(LEFT(Sheet1!E81,4)="upto",VALUE(MID(Sheet1!E81,6,2)), IF(LEFT(Sheet1!E81,5)="Above","N/A", IF(ISNUMBER(SEARCH("to",Sheet1!E81)),VALUE(MID(Sheet1!E81,FIND("to ",Sheet1!E81)+3,2)), "N/A")))) -> N/A | M81: SATP | N81: New,Old,Renewal,Rollover | O81: No | P81: =IF(Sheet1!A81="No","No", IF(LEFT(Sheet1!A81,5)="Up to",0, VALUE(LEFT(Sheet1!A81,FIND(" ",Sheet1!A81)-1)))) -> 2001 | Q81: =IF(Sheet1!A81="No","No", IF(LEFT(Sheet1!A81,5)="Up to", VALUE(MID(Sheet1!A81,7,FIND("kg",Sheet1!A81)-7)), VALUE(MID(Sheet1!A81,FIND("to",Sheet1!A81)+3,FIND("kg",Sheet1!A81)-FIND("to",Sheet1!A81)-3)))) -> 2500 | R81: No | S81: No | T81: No | U81: No | V81: No | W81: No | X81: No | Y81: =Sheet1!C81-Sheet1!D81 -> 0.1764
A82: SBI | B82: TN | C82: 01,02,03,04,05,07,09,10 | D82: GCV | E82: 46038 | F82: N/A | G82: N/A | H82: N/A | I82: 4 Wheeler Goods | J82: Petrol,Diesel,CNG | K82: =IF(Sheet1!E82="All","N/A", IF(LEFT(Sheet1!E82,4)="upto","N/A", IF(LEFT(Sheet1!E82,5)="Above",VALUE(MID(Sheet1!E82,7,2))+1, IF(ISNUMBER(SEARCH("to",Sheet1!E82)),VALUE(LEFT(Sheet1!E82,FIND(" to",Sheet1!E82)-1)), "N/A")))) -> N/A | L82: =IF(Sheet1!E82="All","N/A", IF(LEFT(Sheet1!E82,4)="upto",VALUE(MID(Sheet1!E82,6,2)), IF(LEFT(Sheet1!E82,5)="Above","N/A", IF(ISNUMBER(SEARCH("to",Sheet1!E82)),VALUE(MID(Sheet1!E82,FIND("to ",Sheet1!E82)+3,2)), "N/A")))) -> N/A | M82: Comprehensive (1+1) | N82: New | O82: No | P82: =IF(Sheet1!A82="No","No", IF(LEFT(Sheet1!A82,5)="Up to",0, VALUE(LEFT(Sheet1!A82,FIND(" ",Sheet1!A82)-1)))) -> 0 | Q82: =IF(Sheet1!A82="No","No", IF(LEFT(Sheet1!A82,5)="Up to", VALUE(MID(Sheet1!A82,7,FIND("kg",Sheet1!A82)-7)), VALUE(MID(Sheet1!A82,FIND("to",Sheet1!A82)+3,FIND("kg",Sheet1!A82)-FIND("to",Sheet1!A82)-3)))) -> 2000 | R82: No | S82: No | T82: No | U82: No | V82: No | W82: No | X82: No | Y82: =Sheet1!C82-Sheet1!D82 -> 0.4998
A83: SBI | B83: TN | C83: 11,13,14,18,20,22,58,59,64,85 | D83: GCV | E83: 46038 | F83: N/A | G83: N/A | H83: N/A | I83: 4 Wheeler Goods | J83: Petrol,Diesel,CNG | K83: =IF(Sheet1!E83="All","N/A", IF(LEFT(Sheet1!E83,4)="upto","N/A", IF(LEFT(Sheet1!E83,5)="Above",VALUE(MID(Sheet1!E83,7,2))+1, IF(ISNUMBER(SEARCH("to",Sheet1!E83)),VALUE(LEFT(Sheet1!E83,FIND(" to",Sheet1!E83)-1)), "N/A")))) -> N/A | L83: =IF(Sheet1!E83="All","N/A", IF(LEFT(Sheet1!E83,4)="upto",VALUE(MID(Sheet1!E83,6,2)), IF(LEFT(Sheet1!E83,5)="Above","N/A", IF(ISNUMBER(SEARCH("to",Sheet1!E83)),VALUE(MID(Sheet1!E83,FIND("to ",Sheet1!E83)+3,2)), "N/A")))) -> N/A | M83: Comprehensive (1+1) | N83: New | O83: No | P83: =IF(Sheet1!A83="No","No", IF(LEFT(Sheet1!A83,5)="Up to",0, VALUE(LEFT(Sheet1!A83,FIND(" ",Sheet1!A83)-1)))) -> 0 | Q83: =IF(Sheet1!A83="No","No", IF(LEFT(Sheet1!A83,5)="Up to", VALUE(MID(Sheet1!A83,7,FIND("kg",Sheet1!A83)-7)), VALUE(MID(Sheet1!A83,FIND("to",Sheet1!A83)+3,FIND("kg",Sheet1!A83)-FIND("to",Sheet1!A83)-3)))) -> 2000 | R83: No | S83: No | T83: No | U83: No | V83: No | W83: No | X83: No | Y83: =Sheet1!C83-Sheet1!D83 -> 0.4263
A84: SBI | B84: TN | C84: 23,49,55,58,59,64,67,75,61,21 | D84: GCV | E84: 46038 | F84: N/A | G84: N/A | H84: N/A | I84: 4 Wheeler Goods | J84: Petrol,Diesel,CNG | K84: =IF(Sheet1!E84="All","N/A", IF(LEFT(Sheet1!E84,4)="upto","N/A", IF(LEFT(Sheet1!E84,5)="Above",VALUE(MID(Sheet1!E84,7,2))+1, IF(ISNUMBER(SEARCH("to",Sheet1!E84)),VALUE(LEFT(Sheet1!E84,FIND(" to",Sheet1!E84)-1)), "N/A")))) -> N/A | L84: =IF(Sheet1!E84="All","N/A", IF(LEFT(Sheet1!E84,4)="upto",VALUE(MID(Sheet1!E84,6,2)), IF(LEFT(Sheet1!E84,5)="Above","N/A", IF(ISNUMBER(SEARCH("to",Sheet1!E84)),VALUE(MID(Sheet1!E84,FIND("to ",Sheet1!E84)+3,2)), "N/A")))) -> N/A | M84: Comprehensive (1+1) | N84: New | O84: No | P84: =IF(Sheet1!A84="No","No", IF(LEFT(Sheet1!A84,5)="Up to",0, VALUE(LEFT(Sheet1!A84,FIND(" ",Sheet1!A84)-1)))) -> 0 | Q84: =IF(Sheet1!A84="No","No", IF(LEFT(Sheet1!A84,5)="Up to", VALUE(MID(Sheet1!A84,7,FIND("kg",Sheet1!A84)-7)), VALUE(MID(Sheet1!A84,FIND("to",Sheet1!A84)+3,FIND("kg",Sheet1!A84)-FIND("to",Sheet1!A84)-3)))) -> 2000 | R84: No | S84: No | T84: No | U84: No | V84: No | W84: No | X84: No | Y84: =Sheet1!C84-Sheet1!D84 -> 0.2891
A85: SBI | B85: PY | C85: 01,02,03,04,05 | D85: GCV | E85: 46038 | F85: N/A | G85: N/A | H85: N/A | I85: 4 Wheeler Goods | J85: Petrol,Diesel,CNG | K85: =IF(Sheet1!E85="All","N/A", IF(LEFT(Sheet1!E85,4)="upto","N/A", IF(LEFT(Sheet1!E85,5)="Above",VALUE(MID(Sheet1!E85,7,2))+1, IF(ISNUMBER(SEARCH("to",Sheet1!E85)),VALUE(LEFT(Sheet1!E85,FIND(" to",Sheet1!E85)-1)), "N/A")))) -> N/A | L85: =IF(Sheet1!E85="All","N/A", IF(LEFT(Sheet1!E85,4)="upto",VALUE(MID(Sheet1!E85,6,2)), IF(LEFT(Sheet1!E85,5)="Above","N/A", IF(ISNUMBER(SEARCH("to",Sheet1!E85)),VALUE(MID(Sheet1!E85,FIND("to ",Sheet1!E85)+3,2)), "N/A")))) -> N/A | M85: Comprehensive (1+1) | N85: New | O85: No | P85: =IF(Sheet1!A85="No","No", IF(LEFT(Sheet1!A85,5)="Up to",0, VALUE(LEFT(Sheet1!A85,FIND(" ",Sheet1!A85)-1)))) -> 0 | Q85: =IF(Sheet1!A85="No","No", IF(LEFT(Sheet1!A85,5)="Up to", VALUE(MID(Sheet1!A85,7,FIND("kg",Sheet1!A85)-7)), VALUE(MID(Sheet1!A85,FIND("to",Sheet1!A85)+3,FIND("kg",Sheet1!A85)-FIND("to",Sheet1!A85)-3)))) -> 2000 | R85: No | S85: No | T85: No | U85: No | V85: No | W85: No | X85: No | Y85: =Sheet1!C85-Sheet1!D85 -> 0.2891
A86: SBI | B86: TN | C86: 01,02,03,04,05,07,09,10 | D86: GCV | E86: 46038 | F86: N/A | G86: N/A | H86: N/A | I86: 4 Wheeler Goods | J86: Petrol,Diesel,CNG | K86: =IF(Sheet1!E86="All","N/A", IF(LEFT(Sheet1!E86,4)="upto","N/A", IF(LEFT(Sheet1!E86,5)="Above",VALUE(MID(Sheet1!E86,7,2))+1, IF(ISNUMBER(SEARCH("to",Sheet1!E86)),VALUE(LEFT(Sheet1!E86,FIND(" to",Sheet1!E86)-1)), "N/A")))) -> N/A | L86: =IF(Sheet1!E86="All","N/A", IF(LEFT(Sheet1!E86,4)="upto",VALUE(MID(Sheet1!E86,6,2)), IF(LEFT(Sheet1!E86,5)="Above","N/A", IF(ISNUMBER(SEARCH("to",Sheet1!E86)),VALUE(MID(Sheet1!E86,FIND("to ",Sheet1!E86)+3,2)), "N/A")))) -> N/A | M86: Comprehensive (1+1) | N86: Old | O86: No | P86: =IF(Sheet1!A86="No","No", IF(LEFT(Sheet1!A86,5)="Up to",0, VALUE(LEFT(Sheet1!A86,FIND(" ",Sheet1!A86)-1)))) -> 0 | Q86: =IF(Sheet1!A86="No","No", IF(LEFT(Sheet1!A86,5)="Up to", VALUE(MID(Sheet1!A86,7,FIND("kg",Sheet1!A86)-7)), VALUE(MID(Sheet1!A86,FIND("to",Sheet1!A86)+3,FIND("kg",Sheet1!A86)-FIND("to",Sheet1!A86)-3)))) -> 2000 | R86: No | S86: No | T86: No | U86: No | V86: No | W86: No | X86: No | Y86: =Sheet1!C86-Sheet1!D86 -> 0.5194
A87: SBI | B87: TN | C87: 11,13,14,18,20,22,58,59,64,85 | D87: GCV | E87: 46038 | F87: N/A | G87: N/A | H87: N/A | I87: 4 Wheeler Goods | J87: Petrol,Diesel,CNG | K87: =IF(Sheet1!E87="All","N/A", IF(LEFT(Sheet1!E87,4)="upto","N/A", IF(LEFT(Sheet1!E87,5)="Above",VALUE(MID(Sheet1!E87,7,2))+1, IF(ISNUMBER(SEARCH("to",Sheet1!E87)),VALUE(LEFT(Sheet1!E87,FIND(" to",Sheet1!E87)-1)), "N/A")))) -> N/A | L87: =IF(Sheet1!E87="All","N/A", IF(LEFT(Sheet1!E87,4)="upto",VALUE(MID(Sheet1!E87,6,2)), IF(LEFT(Sheet1!E87,5)="Above","N/A", IF(ISNUMBER(SEARCH("to",Sheet1!E87)),VALUE(MID(Sheet1!E87,FIND("to ",Sheet1!E87)+3,2)), "N/A")))) -> N/A | M87: Comprehensive (1+1) | N87: Old | O87: No | P87: =IF(Sheet1!A87="No","No", IF(LEFT(Sheet1!A87,5)="Up to",0, VALUE(LEFT(Sheet1!A87,FIND(" ",Sheet1!A87)-1)))) -> 0 | Q87: =IF(Sheet1!A87="No","No", IF(LEFT(Sheet1!A87,5)="Up to", VALUE(MID(Sheet1!A87,7,FIND("kg",Sheet1!A87)-7)), VALUE(MID(Sheet1!A87,FIND("to",Sheet1!A87)+3,FIND("kg",Sheet1!A87)-FIND("to",Sheet1!A87)-3)))) -> 2000 | R87: No | S87: No | T87: No | U87: No | V87: No | W87: No | X87: No | Y87: =Sheet1!C87-Sheet1!D87 -> 0.4459
A88: SBI | B88: TN | C88: 23,49,55,58,59,64,67,75,61,21 | D88: GCV | E88: 46038 | F88: N/A | G88: N/A | H88: N/A | I88: 4 Wheeler Goods | J88: Petrol,Diesel,CNG | K88: =IF(Sheet1!E88="All","N/A", IF(LEFT(Sheet1!E88,4)="upto","N/A", IF(LEFT(Sheet1!E88,5)="Above",VALUE(MID(Sheet1!E88,7,2))+1, IF(ISNUMBER(SEARCH("to",Sheet1!E88)),VALUE(LEFT(Sheet1!E88,FIND(" to",Sheet1!E88)-1)), "N/A")))) -> N/A | L88: =IF(Sheet1!E88="All","N/A", IF(LEFT(Sheet1!E88,4)="upto",VALUE(MID(Sheet1!E88,6,2)), IF(LEFT(Sheet1!E88,5)="Above","N/A", IF(ISNUMBER(SEARCH("to",Sheet1!E88)),VALUE(MID(Sheet1!E88,FIND("to ",Sheet1!E88)+3,2)), "N/A")))) -> N/A | M88: Comprehensive (1+1) | N88: Old | O88: No | P88: =IF(Sheet1!A88="No","No", IF(LEFT(Sheet1!A88,5)="Up to",0, VALUE(LEFT(Sheet1!A88,FIND(" ",Sheet1!A88)-1)))) -> 0 | Q88: =IF(Sheet1!A88="No","No", IF(LEFT(Sheet1!A88,5)="Up to", VALUE(MID(Sheet1!A88,7,FIND("kg",Sheet1!A88)-7)), VALUE(MID(Sheet1!A88,FIND("to",Sheet1!A88)+3,FIND("kg",Sheet1!A88)-FIND("to",Sheet1!A88)-3)))) -> 2000 | R88: No | S88: No | T88: No | U88: No | V88: No | W88: No | X88: No | Y88: =Sheet1!C88-Sheet1!D88 -> 0.3087
A89: SBI | B89: PY | C89: 01,02,03,04,05 | D89: GCV | E89: 46038 | F89: N/A | G89: N/A | H89: N/A | I89: 4 Wheeler Goods | J89: Petrol,Diesel,CNG | K89: =IF(Sheet1!E89="All","N/A", IF(LEFT(Sheet1!E89,4)="upto","N/A", IF(LEFT(Sheet1!E89,5)="Above",VALUE(MID(Sheet1!E89,7,2))+1, IF(ISNUMBER(SEARCH("to",Sheet1!E89)),VALUE(LEFT(Sheet1!E89,FIND(" to",Sheet1!E89)-1)), "N/A")))) -> N/A | L89: =IF(Sheet1!E89="All","N/A", IF(LEFT(Sheet1!E89,4)="upto",VALUE(MID(Sheet1!E89,6,2)), IF(LEFT(Sheet1!E89,5)="Above","N/A", IF(ISNUMBER(SEARCH("to",Sheet1!E89)),VALUE(MID(Sheet1!E89,FIND("to ",Sheet1!E89)+3,2)), "N/A")))) -> N/A | M89: Comprehensive (1+1) | N89: Old | O89: No | P89: =IF(Sheet1!A89="No","No", IF(LEFT(Sheet1!A89,5)="Up to",0, VALUE(LEFT(Sheet1!A89,FIND(" ",Sheet1!A89)-1)))) -> 0 | Q89: =IF(Sheet1!A89="No","No", IF(LEFT(Sheet1!A89,5)="Up to", VALUE(MID(Sheet1!A89,7,FIND("kg",Sheet1!A89)-7)), VALUE(MID(Sheet1!A89,FIND("to",Sheet1!A89)+3,FIND("kg",Sheet1!A89)-FIND("to",Sheet1!A89)-3)))) -> 2000 | R89: No | S89: No | T89: No | U89: No | V89: No | W89: No | X89: No | Y89: =Sheet1!C89-Sheet1!D89 -> 0.3087
A90: SBI | B90: TN | C90: 01,02,03,04,05,07,09,10 | D90: GCV | E90: 46038 | F90: N/A | G90: N/A | H90: N/A | I90: 4 Wheeler Goods | J90: Petrol,Diesel,CNG | K90: =IF(Sheet1!E90="All","N/A", IF(LEFT(Sheet1!E90,4)="upto","N/A", IF(LEFT(Sheet1!E90,5)="Above",VALUE(MID(Sheet1!E90,7,2))+1, IF(ISNUMBER(SEARCH("to",Sheet1!E90)),VALUE(LEFT(Sheet1!E90,FIND(" to",Sheet1!E90)-1)), "N/A")))) -> N/A | L90: =IF(Sheet1!E90="All","N/A", IF(LEFT(Sheet1!E90,4)="upto",VALUE(MID(Sheet1!E90,6,2)), IF(LEFT(Sheet1!E90,5)="Above","N/A", IF(ISNUMBER(SEARCH("to",Sheet1!E90)),VALUE(MID(Sheet1!E90,FIND("to ",Sheet1!E90)+3,2)), "N/A")))) -> N/A | M90: SATP | N90: New,Old,Renewal,Rollover | O90: No | P90: =IF(Sheet1!A90="No","No", IF(LEFT(Sheet1!A90,5)="Up to",0, VALUE(LEFT(Sheet1!A90,FIND(" ",Sheet1!A90)-1)))) -> 0 | Q90: =IF(Sheet1!A90="No","No", IF(LEFT(Sheet1!A90,5)="Up to", VALUE(MID(Sheet1!A90,7,FIND("kg",Sheet1!A90)-7)), VALUE(MID(Sheet1!A90,FIND("to",Sheet1!A90)+3,FIND("kg",Sheet1!A90)-FIND("to",Sheet1!A90)-3)))) -> 2000 | R90: No | S90: No | T90: No | U90: No | V90: No | W90: No | X90: No | Y90: =Sheet1!C90-Sheet1!D90 -> 0.5243
A91: SBI | B91: TN | C91: 11,13,14,18,20,22,58,59,64,85 | D91: GCV | E91: 46038 | F91: N/A | G91: N/A | H91: N/A | I91: 4 Wheeler Goods | J91: Petrol,Diesel,CNG | K91: =IF(Sheet1!E91="All","N/A", IF(LEFT(Sheet1!E91,4)="upto","N/A", IF(LEFT(Sheet1!E91,5)="Above",VALUE(MID(Sheet1!E91,7,2))+1, IF(ISNUMBER(SEARCH("to",Sheet1!E91)),VALUE(LEFT(Sheet1!E91,FIND(" to",Sheet1!E91)-1)), "N/A")))) -> N/A | L91: =IF(Sheet1!E91="All","N/A", IF(LEFT(Sheet1!E91,4)="upto",VALUE(MID(Sheet1!E91,6,2)), IF(LEFT(Sheet1!E91,5)="Above","N/A", IF(ISNUMBER(SEARCH("to",Sheet1!E91)),VALUE(MID(Sheet1!E91,FIND("to ",Sheet1!E91)+3,2)), "N/A")))) -> N/A | M91: SATP | N91: New,Old,Renewal,Rollover | O91: No | P91: =IF(Sheet1!A91="No","No", IF(LEFT(Sheet1!A91,5)="Up to",0, VALUE(LEFT(Sheet1!A91,FIND(" ",Sheet1!A91)-1)))) -> 0 | Q91: =IF(Sheet1!A91="No","No", IF(LEFT(Sheet1!A91,5)="Up to", VALUE(MID(Sheet1!A91,7,FIND("kg",Sheet1!A91)-7)), VALUE(MID(Sheet1!A91,FIND("to",Sheet1!A91)+3,FIND("kg",Sheet1!A91)-FIND("to",Sheet1!A91)-3)))) -> 2000 | R91: No | S91: No | T91: No | U91: No | V91: No | W91: No | X91: No | Y91: =Sheet1!C91-Sheet1!D91 -> 0.4557
A92: SBI | B92: TN | C92: 23,49,55,58,59,64,67,75,61,21 | D92: GCV | E92: 46038 | F92: N/A | G92: N/A | H92: N/A | I92: 4 Wheeler Goods | J92: Petrol,Diesel,CNG | K92: =IF(Sheet1!E92="All","N/A", IF(LEFT(Sheet1!E92,4)="upto","N/A", IF(LEFT(Sheet1!E92,5)="Above",VALUE(MID(Sheet1!E92,7,2))+1, IF(ISNUMBER(SEARCH("to",Sheet1!E92)),VALUE(LEFT(Sheet1!E92,FIND(" to",Sheet1!E92)-1)), "N/A")))) -> N/A | L92: =IF(Sheet1!E92="All","N/A", IF(LEFT(Sheet1!E92,4)="upto",VALUE(MID(Sheet1!E92,6,2)), IF(LEFT(Sheet1!E92,5)="Above","N/A", IF(ISNUMBER(SEARCH("to",Sheet1!E92)),VALUE(MID(Sheet1!E92,FIND("to ",Sheet1!E92)+3,2)), "N/A")))) -> N/A | M92: SATP | N92: New,Old,Renewal,Rollover | O92: No | P92: =IF(Sheet1!A92="No","No", IF(LEFT(Sheet1!A92,5)="Up to",0, VALUE(LEFT(Sheet1!A92,FIND(" ",Sheet1!A92)-1)))) -> 0 | Q92: =IF(Sheet1!A92="No","No", IF(LEFT(Sheet1!A92,5)="Up to", VALUE(MID(Sheet1!A92,7,FIND("kg",Sheet1!A92)-7)), VALUE(MID(Sheet1!A92,FIND("to",Sheet1!A92)+3,FIND("kg",Sheet1!A92)-FIND("to",Sheet1!A92)-3)))) -> 2000 | R92: No | S92: No | T92: No | U92: No | V92: No | W92: No | X92: No | Y92: =Sheet1!C92-Sheet1!D92 -> 0.3185
A93: SBI | B93: PY | C93: 01,02,03,04,05 | D93: GCV | E93: 46038 | F93: N/A | G93: N/A | H93: N/A | I93: 4 Wheeler Goods | J93: Petrol,Diesel,CNG | K93: =IF(Sheet1!E93="All","N/A", IF(LEFT(Sheet1!E93,4)="upto","N/A", IF(LEFT(Sheet1!E93,5)="Above",VALUE(MID(Sheet1!E93,7,2))+1, IF(ISNUMBER(SEARCH("to",Sheet1!E93)),VALUE(LEFT(Sheet1!E93,FIND(" to",Sheet1!E93)-1)), "N/A")))) -> N/A | L93: =IF(Sheet1!E93="All","N/A", IF(LEFT(Sheet1!E93,4)="upto",VALUE(MID(Sheet1!E93,6,2)), IF(LEFT(Sheet1!E93,5)="Above","N/A", IF(ISNUMBER(SEARCH("to",Sheet1!E93)),VALUE(MID(Sheet1!E93,FIND("to ",Sheet1!E93)+3,2)), "N/A")))) -> N/A | M93: SATP | N93: New,Old,Renewal,Rollover | O93: No | P93: =IF(Sheet1!A93="No","No", IF(LEFT(Sheet1!A93,5)="Up to",0, VALUE(LEFT(Sheet1!A93,FIND(" ",Sheet1!A93)-1)))) -> 0 | Q93: =IF(Sheet1!A93="No","No", IF(LEFT(Sheet1!A93,5)="Up to", VALUE(MID(Sheet1!A93,7,FIND("kg",Sheet1!A93)-7)), VALUE(MID(Sheet1!A93,FIND("to",Sheet1!A93)+3,FIND("kg",Sheet1!A93)-FIND("to",Sheet1!A93)-3)))) -> 2000 | R93: No | S93: No | T93: No | U93: No | V93: No | W93: No | X93: No | Y93: =Sheet1!C93-Sheet1!D93 -> 0.3185
A94: SBI | B94: TN | C94: 01,02,03,04,05,07,09,10 | D94: GCV | E94: N/A | F94: 46037 | G94: TATA | H94: N/A | I94: 4 Wheeler Goods | J94: All | K94: =IF(Sheet1!E94="All","N/A", IF(LEFT(Sheet1!E94,4)="upto","N/A", IF(LEFT(Sheet1!E94,5)="Above",VALUE(MID(Sheet1!E94,7,2))+1, IF(ISNUMBER(SEARCH("to",Sheet1!E94)),VALUE(LEFT(Sheet1!E94,FIND(" to",Sheet1!E94)-1)), "N/A")))) -> N/A | L94: =IF(Sheet1!E94="All","N/A", IF(LEFT(Sheet1!E94,4)="upto",VALUE(MID(Sheet1!E94,6,2)), IF(LEFT(Sheet1!E94,5)="Above","N/A", IF(ISNUMBER(SEARCH("to",Sheet1!E94)),VALUE(MID(Sheet1!E94,FIND("to ",Sheet1!E94)+3,2)), "N/A")))) -> N/A | M94: Comprehensive (1+1) | N94: New | O94: No | P94: =IF(Sheet1!A94="No","No", IF(LEFT(Sheet1!A94,5)="Up to",0, VALUE(LEFT(Sheet1!A94,FIND(" ",Sheet1!A94)-1)))) -> 2001 | Q94: =IF(Sheet1!A94="No","No", IF(LEFT(Sheet1!A94,5)="Up to", VALUE(MID(Sheet1!A94,7,FIND("kg",Sheet1!A94)-7)), VALUE(MID(Sheet1!A94,FIND("to",Sheet1!A94)+3,FIND("kg",Sheet1!A94)-FIND("to",Sheet1!A94)-3)))) -> 2500 | R94: No | S94: No | T94: No | U94: No | V94: No | W94: No | X94: No | Y94: =Sheet1!C94-Sheet1!D94 -> 0.4704
A95: SBI | B95: TN | C95: 11,13,14,18,20,22,58,59,64,85 | D95: GCV | E95: N/A | F95: 46037 | G95: TATA | H95: N/A | I95: 4 Wheeler Goods | J95: All | K95: =IF(Sheet1!E95="All","N/A", IF(LEFT(Sheet1!E95,4)="upto","N/A", IF(LEFT(Sheet1!E95,5)="Above",VALUE(MID(Sheet1!E95,7,2))+1, IF(ISNUMBER(SEARCH("to",Sheet1!E95)),VALUE(LEFT(Sheet1!E95,FIND(" to",Sheet1!E95)-1)), "N/A")))) -> N/A | L95: =IF(Sheet1!E95="All","N/A", IF(LEFT(Sheet1!E95,4)="upto",VALUE(MID(Sheet1!E95,6,2)), IF(LEFT(Sheet1!E95,5)="Above","N/A", IF(ISNUMBER(SEARCH("to",Sheet1!E95)),VALUE(MID(Sheet1!E95,FIND("to ",Sheet1!E95)+3,2)), "N/A")))) -> N/A | M95: Comprehensive (1+1) | N95: New | O95: No | P95: =IF(Sheet1!A95="No","No", IF(LEFT(Sheet1!A95,5)="Up to",0, VALUE(LEFT(Sheet1!A95,FIND(" ",Sheet1!A95)-1)))) -> 2001 | Q95: =IF(Sheet1!A95="No","No", IF(LEFT(Sheet1!A95,5)="Up to", VALUE(MID(Sheet1!A95,7,FIND("kg",Sheet1!A95)-7)), VALUE(MID(Sheet1!A95,FIND("to",Sheet1!A95)+3,FIND("kg",Sheet1!A95)-FIND("to",Sheet1!A95)-3)))) -> 2500 | R95: No | S95: No | T95: No | U95: No | V95: No | W95: No | X95: No | Y95: =Sheet1!C95-Sheet1!D95 -> 0.3969
A96: SBI | B96: TN | C96: 23,49,55,58,59,64,67,75,61,21 | D96: GCV | E96: N/A | F96: 46037 | G96: TATA | H96: N/A | I96: 4 Wheeler Goods | J96: All | K96: =IF(Sheet1!E96="All","N/A", IF(LEFT(Sheet1!E96,4)="upto","N/A", IF(LEFT(Sheet1!E96,5)="Above",VALUE(MID(Sheet1!E96,7,2))+1, IF(ISNUMBER(SEARCH("to",Sheet1!E96)),VALUE(LEFT(Sheet1!E96,FIND(" to",Sheet1!E96)-1)), "N/A")))) -> N/A | L96: =IF(Sheet1!E96="All","N/A", IF(LEFT(Sheet1!E96,4)="upto",VALUE(MID(Sheet1!E96,6,2)), IF(LEFT(Sheet1!E96,5)="Above","N/A", IF(ISNUMBER(SEARCH("to",Sheet1!E96)),VALUE(MID(Sheet1!E96,FIND("to ",Sheet1!E96)+3,2)), "N/A")))) -> N/A | M96: Comprehensive (1+1) | N96: New | O96: No | P96: =IF(Sheet1!A96="No","No", IF(LEFT(Sheet1!A96,5)="Up to",0, VALUE(LEFT(Sheet1!A96,FIND(" ",Sheet1!A96)-1)))) -> 2001 | Q96: =IF(Sheet1!A96="No","No", IF(LEFT(Sheet1!A96,5)="Up to", VALUE(MID(Sheet1!A96,7,FIND("kg",Sheet1!A96)-7)), VALUE(MID(Sheet1!A96,FIND("to",Sheet1!A96)+3,FIND("kg",Sheet1!A96)-FIND("to",Sheet1!A96)-3)))) -> 2500 | R96: No | S96: No | T96: No | U96: No | V96: No | W96: No | X96: No | Y96: =Sheet1!C96-Sheet1!D96 -> 0.2597
A97: SBI | B97: PY | C97: 01,02,03,04,05 | D97: GCV | E97: N/A | F97: 46037 | G97: TATA | H97: N/A | I97: 4 Wheeler Goods | J97: All | K97: =IF(Sheet1!E97="All","N/A", IF(LEFT(Sheet1!E97,4)="upto","N/A", IF(LEFT(Sheet1!E97,5)="Above",VALUE(MID(Sheet1!E97,7,2))+1, IF(ISNUMBER(SEARCH("to",Sheet1!E97)),VALUE(LEFT(Sheet1!E97,FIND(" to",Sheet1!E97)-1)), "N/A")))) -> N/A | L97: =IF(Sheet1!E97="All","N/A", IF(LEFT(Sheet1!E97,4)="upto",VALUE(MID(Sheet1!E97,6,2)), IF(LEFT(Sheet1!E97,5)="Above","N/A", IF(ISNUMBER(SEARCH("to",Sheet1!E97)),VALUE(MID(Sheet1!E97,FIND("to ",Sheet1!E97)+3,2)), "N/A")))) -> N/A | M97: Comprehensive (1+1) | N97: New | O97: No | P97: =IF(Sheet1!A97="No","No", IF(LEFT(Sheet1!A97,5)="Up to",0, VALUE(LEFT(Sheet1!A97,FIND(" ",Sheet1!A97)-1)))) -> 2001 | Q97: =IF(Sheet1!A97="No","No", IF(LEFT(Sheet1!A97,5)="Up to", VALUE(MID(Sheet1!A97,7,FIND("kg",Sheet1!A97)-7)), VALUE(MID(Sheet1!A97,FIND("to",Sheet1!A97)+3,FIND("kg",Sheet1!A97)-FIND("to",Sheet1!A97)-3)))) -> 2500 | R97: No | S97: No | T97: No | U97: No | V97: No | W97: No | X97: No | Y97: =Sheet1!C97-Sheet1!D97 -> 0.2597
A98: SBI | B98: TN | C98: 01,02,03,04,05,07,09,10 | D98: GCV | E98: N/A | F98: 46037 | G98: TATA | H98: N/A | I98: 4 Wheeler Goods | J98: All | K98: =IF(Sheet1!E98="All","N/A", IF(LEFT(Sheet1!E98,4)="upto","N/A", IF(LEFT(Sheet1!E98,5)="Above",VALUE(MID(Sheet1!E98,7,2))+1, IF(ISNUMBER(SEARCH("to",Sheet1!E98)),VALUE(LEFT(Sheet1!E98,FIND(" to",Sheet1!E98)-1)), "N/A")))) -> N/A | L98: =IF(Sheet1!E98="All","N/A", IF(LEFT(Sheet1!E98,4)="upto",VALUE(MID(Sheet1!E98,6,2)), IF(LEFT(Sheet1!E98,5)="Above","N/A", IF(ISNUMBER(SEARCH("to",Sheet1!E98)),VALUE(MID(Sheet1!E98,FIND("to ",Sheet1!E98)+3,2)), "N/A")))) -> N/A | M98: Comprehensive (1+1) | N98: Old | O98: No | P98: =IF(Sheet1!A98="No","No", IF(LEFT(Sheet1!A98,5)="Up to",0, VALUE(LEFT(Sheet1!A98,FIND(" ",Sheet1!A98)-1)))) -> 2001 | Q98: =IF(Sheet1!A98="No","No", IF(LEFT(Sheet1!A98,5)="Up to", VALUE(MID(Sheet1!A98,7,FIND("kg",Sheet1!A98)-7)), VALUE(MID(Sheet1!A98,FIND("to",Sheet1!A98)+3,FIND("kg",Sheet1!A98)-FIND("to",Sheet1!A98)-3)))) -> 2500 | R98: No | S98: No | T98: No | U98: No | V98: No | W98: No | X98: No | Y98: =Sheet1!C98-Sheet1!D98 -> 0.5194
A99: SBI | B99: TN | C99: 11,13,14,18,20,22,58,59,64,85 | D99: GCV | E99: N/A | F99: 46037 | G99: TATA | H99: N/A | I99: 4 Wheeler Goods | J99: All | K99: =IF(Sheet1!E99="All","N/A", IF(LEFT(Sheet1!E99,4)="upto","N/A", IF(LEFT(Sheet1!E99,5)="Above",VALUE(MID(Sheet1!E99,7,2))+1, IF(ISNUMBER(SEARCH("to",Sheet1!E99)),VALUE(LEFT(Sheet1!E99,FIND(" to",Sheet1!E99)-1)), "N/A")))) -> N/A | L99: =IF(Sheet1!E99="All","N/A", IF(LEFT(Sheet1!E99,4)="upto",VALUE(MID(Sheet1!E99,6,2)), IF(LEFT(Sheet1!E99,5)="Above","N/A", IF(ISNUMBER(SEARCH("to",Sheet1!E99)),VALUE(MID(Sheet1!E99,FIND("to ",Sheet1!E99)+3,2)), "N/A")))) -> N/A | M99: Comprehensive (1+1) | N99: Old | O99: No | P99: =IF(Sheet1!A99="No","No", IF(LEFT(Sheet1!A99,5)="Up to",0, VALUE(LEFT(Sheet1!A99,FIND(" ",Sheet1!A99)-1)))) -> 2001 | Q99: =IF(Sheet1!A99="No","No", IF(LEFT(Sheet1!A99,5)="Up to", VALUE(MID(Sheet1!A99,7,FIND("kg",Sheet1!A99)-7)), VALUE(MID(Sheet1!A99,FIND("to",Sheet1!A99)+3,FIND("kg",Sheet1!A99)-FIND("to",Sheet1!A99)-3)))) -> 2500 | R99: No | S99: No | T99: No | U99: No | V99: No | W99: No | X99: No | Y99: =Sheet1!C99-Sheet1!D99 -> 0.4459
A100: SBI | B100: TN | C100: 23,49,55,58,59,64,67,75,61,21 | D100: GCV | E100: N/A | F100: 46037 | G100: TATA | H100: N/A | I100: 4 Wheeler Goods | J100: All | K100: =IF(Sheet1!E100="All","N/A", IF(LEFT(Sheet1!E100,4)="upto","N/A", IF(LEFT(Sheet1!E100,5)="Above",VALUE(MID(Sheet1!E100,7,2))+1, IF(ISNUMBER(SEARCH("to",Sheet1!E100)),VALUE(LEFT(Sheet1!E100,FIND(" to",Sheet1!E100)-1)), "N/A")))) -> N/A | L100: =IF(Sheet1!E100="All","N/A", IF(LEFT(Sheet1!E100,4)="upto",VALUE(MID(Sheet1!E100,6,2)), IF(LEFT(Sheet1!E100,5)="Above","N/A", IF(ISNUMBER(SEARCH("to",Sheet1!E100)),VALUE(MID(Sheet1!E100,FIND("to ",Sheet1!E100)+3,2)), "N/A")))) -> N/A | M100: Comprehensive (1+1) | N100: Old | O100: No | P100: =IF(Sheet1!A100="No","No", IF(LEFT(Sheet1!A100,5)="Up to",0, VALUE(LEFT(Sheet1!A100,FIND(" ",Sheet1!A100)-1)))) -> 2001 | Q100: =IF(Sheet1!A100="No","No", IF(LEFT(Sheet1!A100,5)="Up to", VALUE(MID(Sheet1!A100,7,FIND("kg",Sheet1!A100)-7)), VALUE(MID(Sheet1!A100,FIND("to",Sheet1!A100)+3,FIND("kg",Sheet1!A100)-FIND("to",Sheet1!A100)-3)))) -> 2500 | R100: No | S100: No | T100: No | U100: No | V100: No | W100: No | X100: No | Y100: =Sheet1!C100-Sheet1!D100 -> 0.3087
A101: SBI | B101: PY | C101: 01,02,03,04,05 | D101: GCV | E101: N/A | F101: 46037 | G101: TATA | H101: N/A | I101: 4 Wheeler Goods | J101: All | K101: =IF(Sheet1!E101="All","N/A", IF(LEFT(Sheet1!E101,4)="upto","N/A", IF(LEFT(Sheet1!E101,5)="Above",VALUE(MID(Sheet1!E101,7,2))+1, IF(ISNUMBER(SEARCH("to",Sheet1!E101)),VALUE(LEFT(Sheet1!E101,FIND(" to",Sheet1!E101)-1)), "N/A")))) -> N/A | L101: =IF(Sheet1!E101="All","N/A", IF(LEFT(Sheet1!E101,4)="upto",VALUE(MID(Sheet1!E101,6,2)), IF(LEFT(Sheet1!E101,5)="Above","N/A", IF(ISNUMBER(SEARCH("to",Sheet1!E101)),VALUE(MID(Sheet1!E101,FIND("to ",Sheet1!E101)+3,2)), "N/A")))) -> N/A | M101: Comprehensive (1+1) | N101: Old | O101: No | P101: =IF(Sheet1!A101="No","No", IF(LEFT(Sheet1!A101,5)="Up to",0, VALUE(LEFT(Sheet1!A101,FIND(" ",Sheet1!A101)-1)))) -> 2001 | Q101: =IF(Sheet1!A101="No","No", IF(LEFT(Sheet1!A101,5)="Up to", VALUE(MID(Sheet1!A101,7,FIND("kg",Sheet1!A101)-7)), VALUE(MID(Sheet1!A101,FIND("to",Sheet1!A101)+3,FIND("kg",Sheet1!A101)-FIND("to",Sheet1!A101)-3)))) -> 2500 | R101: No | S101: No | T101: No | U101: No | V101: No | W101: No | X101: No | Y101: =Sheet1!C101-Sheet1!D101 -> 0.3087
A102: SBI | B102: TN | C102: 01,02,03,04,05,07,09,10 | D102: GCV | E102: N/A | F102: 46037 | G102: TATA | H102: N/A | I102: 4 Wheeler Goods | J102: All | K102: =IF(Sheet1!E102="All","N/A", IF(LEFT(Sheet1!E102,4)="upto","N/A", IF(LEFT(Sheet1!E102,5)="Above",VALUE(MID(Sheet1!E102,7,2))+1, IF(ISNUMBER(SEARCH("to",Sheet1!E102)),VALUE(LEFT(Sheet1!E102,FIND(" to",Sheet1!E102)-1)), "N/A")))) -> N/A | L102: =IF(Sheet1!E102="All","N/A", IF(LEFT(Sheet1!E102,4)="upto",VALUE(MID(Sheet1!E102,6,2)), IF(LEFT(Sheet1!E102,5)="Above","N/A", IF(ISNUMBER(SEARCH("to",Sheet1!E102)),VALUE(MID(Sheet1!E102,FIND("to ",Sheet1!E102)+3,2)), "N/A")))) -> N/A | M102: SATP | N102: Old | O102: No | P102: =IF(Sheet1!A102="No","No", IF(LEFT(Sheet1!A102,5)="Up to",0, VALUE(LEFT(Sheet1!A102,FIND(" ",Sheet1!A102)-1)))) -> 2001 | Q102: =IF(Sheet1!A102="No","No", IF(LEFT(Sheet1!A102,5)="Up to", VALUE(MID(Sheet1!A102,7,FIND("kg",Sheet1!A102)-7)), VALUE(MID(Sheet1!A102,FIND("to",Sheet1!A102)+3,FIND("kg",Sheet1!A102)-FIND("to",Sheet1!A102)-3)))) -> 2500 | R102: No | S102: No | T102: No | U102: No | V102: No | W102: No | X102: No | Y102: =Sheet1!C102-Sheet1!D102 -> 0.5243
A103: SBI | B103: TN | C103: 11,13,14,18,20,22,58,59,64,85 | D103: GCV | E103: N/A | F103: 46037 | G103: TATA | H103: N/A | I103: 4 Wheeler Goods | J103: All | K103: =IF(Sheet1!E103="All","N/A", IF(LEFT(Sheet1!E103,4)="upto","N/A", IF(LEFT(Sheet1!E103,5)="Above",VALUE(MID(Sheet1!E103,7,2))+1, IF(ISNUMBER(SEARCH("to",Sheet1!E103)),VALUE(LEFT(Sheet1!E103,FIND(" to",Sheet1!E103)-1)), "N/A")))) -> N/A | L103: =IF(Sheet1!E103="All","N/A", IF(LEFT(Sheet1!E103,4)="upto",VALUE(MID(Sheet1!E103,6,2)), IF(LEFT(Sheet1!E103,5)="Above","N/A", IF(ISNUMBER(SEARCH("to",Sheet1!E103)),VALUE(MID(Sheet1!E103,FIND("to ",Sheet1!E103)+3,2)), "N/A")))) -> N/A | M103: SATP | N103: Old | O103: No | P103: =IF(Sheet1!A103="No","No", IF(LEFT(Sheet1!A103,5)="Up to",0, VALUE(LEFT(Sheet1!A103,FIND(" ",Sheet1!A103)-1)))) -> 2001 | Q103: =IF(Sheet1!A103="No","No", IF(LEFT(Sheet1!A103,5)="Up to", VALUE(MID(Sheet1!A103,7,FIND("kg",Sheet1!A103)-7)), VALUE(MID(Sheet1!A103,FIND("to",Sheet1!A103)+3,FIND("kg",Sheet1!A103)-FIND("to",Sheet1!A103)-3)))) -> 2500 | R103: No | S103: No | T103: No | U103: No | V103: No | W103: No | X103: No | Y103: =Sheet1!C103-Sheet1!D103 -> 0.4557
A104: SBI | B104: TN | C104: 23,49,55,58,59,64,67,75,61,21 | D104: GCV | E104: N/A | F104: 46037 | G104: TATA | H104: N/A | I104: 4 Wheeler Goods | J104: All | K104: =IF(Sheet1!E104="All","N/A", IF(LEFT(Sheet1!E104,4)="upto","N/A", IF(LEFT(Sheet1!E104,5)="Above",VALUE(MID(Sheet1!E104,7,2))+1, IF(ISNUMBER(SEARCH("to",Sheet1!E104)),VALUE(LEFT(Sheet1!E104,FIND(" to",Sheet1!E104)-1)), "N/A")))) -> N/A | L104: =IF(Sheet1!E104="All","N/A", IF(LEFT(Sheet1!E104,4)="upto",VALUE(MID(Sheet1!E104,6,2)), IF(LEFT(Sheet1!E104,5)="Above","N/A", IF(ISNUMBER(SEARCH("to",Sheet1!E104)),VALUE(MID(Sheet1!E104,FIND("to ",Sheet1!E104)+3,2)), "N/A")))) -> N/A | M104: SATP | N104: Old | O104: No | P104: =IF(Sheet1!A104="No","No", IF(LEFT(Sheet1!A104,5)="Up to",0, VALUE(LEFT(Sheet1!A104,FIND(" ",Sheet1!A104)-1)))) -> 2001 | Q104: =IF(Sheet1!A104="No","No", IF(LEFT(Sheet1!A104,5)="Up to", VALUE(MID(Sheet1!A104,7,FIND("kg",Sheet1!A104)-7)), VALUE(MID(Sheet1!A104,FIND("to",Sheet1!A104)+3,FIND("kg",Sheet1!A104)-FIND("to",Sheet1!A104)-3)))) -> 2500 | R104: No | S104: No | T104: No | U104: No | V104: No | W104: No | X104: No | Y104: =Sheet1!C104-Sheet1!D104 -> 0.3185
A105: SBI | B105: PY | C105: 01,02,03,04,05 | D105: GCV | E105: N/A | F105: 46037 | G105: TATA | H105: N/A | I105: 4 Wheeler Goods | J105: All | K105: =IF(Sheet1!E105="All","N/A", IF(LEFT(Sheet1!E105,4)="upto","N/A", IF(LEFT(Sheet1!E105,5)="Above",VALUE(MID(Sheet1!E105,7,2))+1, IF(ISNUMBER(SEARCH("to",Sheet1!E105)),VALUE(LEFT(Sheet1!E105,FIND(" to",Sheet1!E105)-1)), "N/A")))) -> N/A | L105: =IF(Sheet1!E105="All","N/A", IF(LEFT(Sheet1!E105,4)="upto",VALUE(MID(Sheet1!E105,6,2)), IF(LEFT(Sheet1!E105,5)="Above","N/A", IF(ISNUMBER(SEARCH("to",Sheet1!E105)),VALUE(MID(Sheet1!E105,FIND("to ",Sheet1!E105)+3,2)), "N/A")))) -> N/A | M105: SATP | N105: Old | O105: No | P105: =IF(Sheet1!A105="No","No", IF(LEFT(Sheet1!A105,5)="Up to",0, VALUE(LEFT(Sheet1!A105,FIND(" ",Sheet1!A105)-1)))) -> 2001 | Q105: =IF(Sheet1!A105="No","No", IF(LEFT(Sheet1!A105,5)="Up to", VALUE(MID(Sheet1!A105,7,FIND("kg",Sheet1!A105)-7)), VALUE(MID(Sheet1!A105,FIND("to",Sheet1!A105)+3,FIND("kg",Sheet1!A105)-FIND("to",Sheet1!A105)-3)))) -> 2500 | R105: No | S105: No | T105: No | U105: No | V105: No | W105: No | X105: No | Y105: =Sheet1!C105-Sheet1!D105 -> 0.3185
A106: SBI | B106: TN | C106: 01,02,03,04,05,07,09,10 | D106: GCV | E106: 46038 | F106: N/A | G106: TATA | H106: N/A | I106: 4 Wheeler Goods | J106: All | K106: =IF(Sheet1!E106="All","N/A", IF(LEFT(Sheet1!E106,4)="upto","N/A", IF(LEFT(Sheet1!E106,5)="Above",VALUE(MID(Sheet1!E106,7,2))+1, IF(ISNUMBER(SEARCH("to",Sheet1!E106)),VALUE(LEFT(Sheet1!E106,FIND(" to",Sheet1!E106)-1)), "N/A")))) -> N/A | L106: =IF(Sheet1!E106="All","N/A", IF(LEFT(Sheet1!E106,4)="upto",VALUE(MID(Sheet1!E106,6,2)), IF(LEFT(Sheet1!E106,5)="Above","N/A", IF(ISNUMBER(SEARCH("to",Sheet1!E106)),VALUE(MID(Sheet1!E106,FIND("to ",Sheet1!E106)+3,2)), "N/A")))) -> N/A | M106: Comprehensive (1+1) | N106: New | O106: No | P106: =IF(Sheet1!A106="No","No", IF(LEFT(Sheet1!A106,5)="Up to",0, VALUE(LEFT(Sheet1!A106,FIND(" ",Sheet1!A106)-1)))) -> 2001 | Q106: =IF(Sheet1!A106="No","No", IF(LEFT(Sheet1!A106,5)="Up to", VALUE(MID(Sheet1!A106,7,FIND("kg",Sheet1!A106)-7)), VALUE(MID(Sheet1!A106,FIND("to",Sheet1!A106)+3,FIND("kg",Sheet1!A106)-FIND("to",Sheet1!A106)-3)))) -> 2500 | R106: No | S106: No | T106: No | U106: No | V106: No | W106: No | X106: No | Y106: =Sheet1!C106-Sheet1!D106 -> 0.4998
A107: SBI | B107: TN | C107: 11,13,14,18,20,22,58,59,64,85 | D107: GCV | E107: 46038 | F107: N/A | G107: TATA | H107: N/A | I107: 4 Wheeler Goods | J107: All | K107: =IF(Sheet1!E107="All","N/A", IF(LEFT(Sheet1!E107,4)="upto","N/A", IF(LEFT(Sheet1!E107,5)="Above",VALUE(MID(Sheet1!E107,7,2))+1, IF(ISNUMBER(SEARCH("to",Sheet1!E107)),VALUE(LEFT(Sheet1!E107,FIND(" to",Sheet1!E107)-1)), "N/A")))) -> N/A | L107: =IF(Sheet1!E107="All","N/A", IF(LEFT(Sheet1!E107,4)="upto",VALUE(MID(Sheet1!E107,6,2)), IF(LEFT(Sheet1!E107,5)="Above","N/A", IF(ISNUMBER(SEARCH("to",Sheet1!E107)),VALUE(MID(Sheet1!E107,FIND("to ",Sheet1!E107)+3,2)), "N/A")))) -> N/A | M107: Comprehensive (1+1) | N107: New | O107: No | P107: =IF(Sheet1!A107="No","No", IF(LEFT(Sheet1!A107,5)="Up to",0, VALUE(LEFT(Sheet1!A107,FIND(" ",Sheet1!A107)-1)))) -> 2001 | Q107: =IF(Sheet1!A107="No","No", IF(LEFT(Sheet1!A107,5)="Up to", VALUE(MID(Sheet1!A107,7,FIND("kg",Sheet1!A107)-7)), VALUE(MID(Sheet1!A107,FIND("to",Sheet1!A107)+3,FIND("kg",Sheet1!A107)-FIND("to",Sheet1!A107)-3)))) -> 2500 | R107: No | S107: No | T107: No | U107: No | V107: No | W107: No | X107: No | Y107: =Sheet1!C107-Sheet1!D107 -> 0.4263
A108: SBI | B108: TN | C108: 23,49,55,58,59,64,67,75,61,21 | D108: GCV | E108: 46038 | F108: N/A | G108: TATA | H108: N/A | I108: 4 Wheeler Goods | J108: All | K108: =IF(Sheet1!E108="All","N/A", IF(LEFT(Sheet1!E108,4)="upto","N/A", IF(LEFT(Sheet1!E108,5)="Above",VALUE(MID(Sheet1!E108,7,2))+1, IF(ISNUMBER(SEARCH("to",Sheet1!E108)),VALUE(LEFT(Sheet1!E108,FIND(" to",Sheet1!E108)-1)), "N/A")))) -> N/A | L108: =IF(Sheet1!E108="All","N/A", IF(LEFT(Sheet1!E108,4)="upto",VALUE(MID(Sheet1!E108,6,2)), IF(LEFT(Sheet1!E108,5)="Above","N/A", IF(ISNUMBER(SEARCH("to",Sheet1!E108)),VALUE(MID(Sheet1!E108,FIND("to ",Sheet1!E108)+3,2)), "N/A")))) -> N/A | M108: Comprehensive (1+1) | N108: New | O108: No | P108: =IF(Sheet1!A108="No","No", IF(LEFT(Sheet1!A108,5)="Up to",0, VALUE(LEFT(Sheet1!A108,FIND(" ",Sheet1!A108)-1)))) -> 2001 | Q108: =IF(Sheet1!A108="No","No", IF(LEFT(Sheet1!A108,5)="Up to", VALUE(MID(Sheet1!A108,7,FIND("kg",Sheet1!A108)-7)), VALUE(MID(Sheet1!A108,FIND("to",Sheet1!A108)+3,FIND("kg",Sheet1!A108)-FIND("to",Sheet1!A108)-3)))) -> 2500 | R108: No | S108: No | T108: No | U108: No | V108: No | W108: No | X108: No | Y108: =Sheet1!C108-Sheet1!D108 -> 0.2891
...

Sheet Sheet1
A1: GVW_Slab | B1: Payin | C1: Gross_payout | D1: Out TDS | E1: Vehicle_Age
A2: No | B2: 0.3 | C2: =B2-4.5% -> 0.255 | D2: =C2*2% -> 0.0051 | E2: upto 15 years
A3: No | B3: 0.4 | C3: =B3-4.5% -> 0.355 | D3: =C3*2% -> 0.0071 | E3: upto 15 years
A4: No | B4: 0.325 | C4: =B4-4.5% -> 0.28 | D4: =C4*2% -> 0.0056 | E4: upto 15 years
A5: No | B5: 0.09 | C5: =B5-4.5% -> 0.045 | D5: =C5*2% -> 0.0009 | E5: All
A6: No | B6: 0.26 | C6: =B6-4.5% -> 0.215 | D6: =C6*2% -> 0.0043 | E6: All
A7: No | B7: 0.19 | C7: =B7-4.5% -> 0.145 | D7: =C7*2% -> 0.0029 | E7: All
A8: No | B8: 0.08 | C8: =B8-4.5% -> 0.035 | D8: =C8*2% -> 0.0007 | E8: All
A9: No | B9: 0.21 | C9: =B9-4.5% -> 0.165 | D9: =C9*2% -> 0.0033 | E9: All
A10: No | B10: 0.24 | C10: =B10-4.5% -> 0.195 | D10: =C10*2% -> 0.0039 | E10: All
A11: No | B11: 0.15 | C11: =B11-4.5% -> 0.105 | D11: =C11*2% -> 0.0021 | E11: All
A12: No | B12: 0.16 | C12: =B12-4.5% -> 0.115 | D12: =C12*2% -> 0.0023 | E12: All
A13: No | B13: 0.05 | C13: =B13-4.5% -> 0.005 | D13: =C13*2% -> 0.0001 | E13: All
... A185: No | B185: 0.55 | C185: =B185-4.5% -> 0.505 | D185: =C185*2% -> 0.0101 | E185: All
